SourceServer,Publication,Article,SourceSchema,Subscriber,DestinationDatabase,DestinationSchema
ctsazsimicrsmas.inso1a101c37461fa.database.windows.net,EDS_BC_Common_Trans_PUB,CentralRepository_Action_MIG,dbo,CTSAZSIMIPGN.INSO1A101C37461FA.DATABASE.WINDOWS.NET,CentralRepository,dbo
ctsazsimicrsmas.inso1a101c37461fa.database.windows.net,EDS_BC_Common_Trans_PUB,CentralRepository_Action_MIG,dbo,CTSAZSIMIPST.INSO1A101C37461FA.DATABASE.WINDOWS.NET,CentralRepository,dbo
ctsazsimicrsmas.inso1a101c37461fa.database.windows.net,EDS_BC_Common_Trans_PUB,CentralRepository_Action_MIG,dbo,CTSAZSIMIPTM.INSO1A101C37461FA.DATABASE.WINDOWS.NET,CentralRepository,dbo
ctsazsimicrsmas.inso1a101c37461fa.database.windows.net,EDS_BC_Common_Trans_PUB,CentralRepository_Action_MIG,dbo,CTSAZSIMIBCAPPS1.INSO1A101C37461FA.DATABASE.WINDOWS.NET,CentralRepository,dbo
ctsazsimicrsmas.inso1a101c37461fa.database.windows.net,EDS_BC_Common_Trans_PUB,CentralRepository_Action_MIG,dbo,CTSAZSIMIBCAPPS2.INSO1A101C37461FA.DATABASE.WINDOWS.NET,CentralRepository,dbo
ctsazsimicrsmas.inso1a101c37461fa.database.windows.net,EDS_BC_Common_Trans_PUB,CentralRepository_Action_MIG,dbo,CTSAZMIBCAPPS3.293366D454BB.DATABASE.WINDOWS.NET,CentralRepository,dbo
ctsazsimicrsmas.inso1a101c37461fa.database.windows.net,EDS_BC_Common_Trans_PUB,CentralRepository_Action_Reason_MIG,dbo,CTSAZSIMIPGN.INSO1A101C37461FA.DATABASE.WINDOWS.NET,CentralRepository,dbo
ctsazsimicrsmas.inso1a101c37461fa.database.windows.net,EDS_BC_Common_Trans_PUB,CentralRepository_Action_Reason_MIG,dbo,CTSAZSIMIPST.INSO1A101C37461FA.DATABASE.WINDOWS.NET,CentralRepository,dbo
ctsazsimicrsmas.inso1a101c37461fa.database.windows.net,EDS_BC_Common_Trans_PUB,CentralRepository_Action_Reason_MIG,dbo,CTSAZSIMIPTM.INSO1A101C37461FA.DATABASE.WINDOWS.NET,CentralRepository,dbo
ctsazsimicrsmas.inso1a101c37461fa.database.windows.net,EDS_BC_Common_Trans_PUB,CentralRepository_Action_Reason_MIG,dbo,CTSAZSIMIBCAPPS1.INSO1A101C37461FA.DATABASE.WINDOWS.NET,CentralRepository,dbo
ctsazsimicrsmas.inso1a101c37461fa.database.windows.net,EDS_BC_Common_Trans_PUB,CentralRepository_Action_Reason_MIG,dbo,CTSAZSIMIBCAPPS2.INSO1A101C37461FA.DATABASE.WINDOWS.NET,CentralRepository,dbo
ctsazsimicrsmas.inso1a101c37461fa.database.windows.net,EDS_BC_Common_Trans_PUB,CentralRepository_Action_Reason_MIG,dbo,CTSAZMIBCAPPS3.293366D454BB.DATABASE.WINDOWS.NET,CentralRepository,dbo
ctsazsimicrsmas.inso1a101c37461fa.database.windows.net,EDS_BC_Common_Trans_PUB,CentralRepository_AssociateNationality_MIG,dbo,CTSAZSIMIPGN.INSO1A101C37461FA.DATABASE.WINDOWS.NET,CentralRepository,dbo
ctsazsimicrsmas.inso1a101c37461fa.database.windows.net,EDS_BC_Common_Trans_PUB,CentralRepository_AssociateNationality_MIG,dbo,CTSAZSIMIPST.INSO1A101C37461FA.DATABASE.WINDOWS.NET,CentralRepository,dbo
ctsazsimicrsmas.inso1a101c37461fa.database.windows.net,EDS_BC_Common_Trans_PUB,CentralRepository_AssociateNationality_MIG,dbo,CTSAZSIMIPTM.INSO1A101C37461FA.DATABASE.WINDOWS.NET,CentralRepository,dbo
ctsazsimicrsmas.inso1a101c37461fa.database.windows.net,EDS_BC_Common_Trans_PUB,CentralRepository_AssociateNationality_MIG,dbo,CTSAZSIMIBCAPPS1.INSO1A101C37461FA.DATABASE.WINDOWS.NET,CentralRepository,dbo
ctsazsimicrsmas.inso1a101c37461fa.database.windows.net,EDS_BC_Common_Trans_PUB,CentralRepository_AssociateNationality_MIG,dbo,CTSAZSIMIBCAPPS2.INSO1A101C37461FA.DATABASE.WINDOWS.NET,CentralRepository,dbo
ctsazsimicrsmas.inso1a101c37461fa.database.windows.net,EDS_BC_Common_Trans_PUB,CentralRepository_AssociateNationality_MIG,dbo,CTSAZMIBCAPPS3.293366D454BB.DATABASE.WINDOWS.NET,CentralRepository,dbo
ctsazsimicrsmas.inso1a101c37461fa.database.windows.net,EDS_BC_Common_Trans_PUB,CentralRepository_Cdeploy_Associateproposaldetails_MIG,dbo,CTSAZSIMIPGN.INSO1A101C37461FA.DATABASE.WINDOWS.NET,CentralRepository,dbo
ctsazsimicrsmas.inso1a101c37461fa.database.windows.net,EDS_BC_Common_Trans_PUB,CentralRepository_Cdeploy_Associateproposaldetails_MIG,dbo,CTSAZSIMIPST.INSO1A101C37461FA.DATABASE.WINDOWS.NET,CentralRepository,dbo
ctsazsimicrsmas.inso1a101c37461fa.database.windows.net,EDS_BC_Common_Trans_PUB,CentralRepository_Cdeploy_Associateproposaldetails_MIG,dbo,CTSAZSIMIPTM.INSO1A101C37461FA.DATABASE.WINDOWS.NET,CentralRepository,dbo
ctsazsimicrsmas.inso1a101c37461fa.database.windows.net,EDS_BC_Common_Trans_PUB,CentralRepository_Cdeploy_Associateproposaldetails_MIG,dbo,CTSAZSIMIBCAPPS1.INSO1A101C37461FA.DATABASE.WINDOWS.NET,CentralRepository,dbo
ctsazsimicrsmas.inso1a101c37461fa.database.windows.net,EDS_BC_Common_Trans_PUB,CentralRepository_Cdeploy_Associateproposaldetails_MIG,dbo,CTSAZSIMIBCAPPS2.INSO1A101C37461FA.DATABASE.WINDOWS.NET,CentralRepository,dbo
ctsazsimicrsmas.inso1a101c37461fa.database.windows.net,EDS_BC_Common_Trans_PUB,CentralRepository_Cdeploy_Associateproposaldetails_MIG,dbo,CTSAZMIBCAPPS3.293366D454BB.DATABASE.WINDOWS.NET,CentralRepository,dbo
ctsazsimicrsmas.inso1a101c37461fa.database.windows.net,EDS_BC_Common_Trans_PUB,CentralRepository_Company_Master_MIG,dbo,CTSAZSIMIPGN.INSO1A101C37461FA.DATABASE.WINDOWS.NET,CentralRepository,dbo
ctsazsimicrsmas.inso1a101c37461fa.database.windows.net,EDS_BC_Common_Trans_PUB,CentralRepository_Company_Master_MIG,dbo,CTSAZSIMIPST.INSO1A101C37461FA.DATABASE.WINDOWS.NET,CentralRepository,dbo
ctsazsimicrsmas.inso1a101c37461fa.database.windows.net,EDS_BC_Common_Trans_PUB,CentralRepository_Company_Master_MIG,dbo,CTSAZSIMIPTM.INSO1A101C37461FA.DATABASE.WINDOWS.NET,CentralRepository,dbo
ctsazsimicrsmas.inso1a101c37461fa.database.windows.net,EDS_BC_Common_Trans_PUB,CentralRepository_Company_Master_MIG,dbo,CTSAZSIMIBCAPPS1.INSO1A101C37461FA.DATABASE.WINDOWS.NET,CentralRepository,dbo
ctsazsimicrsmas.inso1a101c37461fa.database.windows.net,EDS_BC_Common_Trans_PUB,CentralRepository_Company_Master_MIG,dbo,CTSAZSIMIBCAPPS2.INSO1A101C37461FA.DATABASE.WINDOWS.NET,CentralRepository,dbo
ctsazsimicrsmas.inso1a101c37461fa.database.windows.net,EDS_BC_Common_Trans_PUB,CentralRepository_Company_Master_MIG,dbo,CTSAZMIBCAPPS3.293366D454BB.DATABASE.WINDOWS.NET,CentralRepository,dbo
ctsazsimicrsmas.inso1a101c37461fa.database.windows.net,EDS_BC_Common_Trans_PUB,CentralRepository_DependentName_MIG,dbo,CTSAZSIMIPGN.INSO1A101C37461FA.DATABASE.WINDOWS.NET,CentralRepository,dbo
ctsazsimicrsmas.inso1a101c37461fa.database.windows.net,EDS_BC_Common_Trans_PUB,CentralRepository_DependentName_MIG,dbo,CTSAZSIMIPST.INSO1A101C37461FA.DATABASE.WINDOWS.NET,CentralRepository,dbo
ctsazsimicrsmas.inso1a101c37461fa.database.windows.net,EDS_BC_Common_Trans_PUB,CentralRepository_DependentName_MIG,dbo,CTSAZSIMIPTM.INSO1A101C37461FA.DATABASE.WINDOWS.NET,CentralRepository,dbo
ctsazsimicrsmas.inso1a101c37461fa.database.windows.net,EDS_BC_Common_Trans_PUB,CentralRepository_DependentName_MIG,dbo,CTSAZSIMIBCAPPS1.INSO1A101C37461FA.DATABASE.WINDOWS.NET,CentralRepository,dbo
ctsazsimicrsmas.inso1a101c37461fa.database.windows.net,EDS_BC_Common_Trans_PUB,CentralRepository_DependentName_MIG,dbo,CTSAZSIMIBCAPPS2.INSO1A101C37461FA.DATABASE.WINDOWS.NET,CentralRepository,dbo
ctsazsimicrsmas.inso1a101c37461fa.database.windows.net,EDS_BC_Common_Trans_PUB,CentralRepository_DependentName_MIG,dbo,CTSAZMIBCAPPS3.293366D454BB.DATABASE.WINDOWS.NET,CentralRepository,dbo
ctsazsimicrsmas.inso1a101c37461fa.database.windows.net,EDS_BC_Common_Trans_PUB,CentralRepository_DependentPhonenumber_MIG,dbo,CTSAZSIMIPGN.INSO1A101C37461FA.DATABASE.WINDOWS.NET,CentralRepository,dbo
ctsazsimicrsmas.inso1a101c37461fa.database.windows.net,EDS_BC_Common_Trans_PUB,CentralRepository_DependentPhonenumber_MIG,dbo,CTSAZSIMIPST.INSO1A101C37461FA.DATABASE.WINDOWS.NET,CentralRepository,dbo
ctsazsimicrsmas.inso1a101c37461fa.database.windows.net,EDS_BC_Common_Trans_PUB,CentralRepository_DependentPhonenumber_MIG,dbo,CTSAZSIMIPTM.INSO1A101C37461FA.DATABASE.WINDOWS.NET,CentralRepository,dbo
ctsazsimicrsmas.inso1a101c37461fa.database.windows.net,EDS_BC_Common_Trans_PUB,CentralRepository_DependentPhonenumber_MIG,dbo,CTSAZSIMIBCAPPS1.INSO1A101C37461FA.DATABASE.WINDOWS.NET,CentralRepository,dbo
ctsazsimicrsmas.inso1a101c37461fa.database.windows.net,EDS_BC_Common_Trans_PUB,CentralRepository_DependentPhonenumber_MIG,dbo,CTSAZSIMIBCAPPS2.INSO1A101C37461FA.DATABASE.WINDOWS.NET,CentralRepository,dbo
ctsazsimicrsmas.inso1a101c37461fa.database.windows.net,EDS_BC_Common_Trans_PUB,CentralRepository_DependentPhonenumber_MIG,dbo,CTSAZMIBCAPPS3.293366D454BB.DATABASE.WINDOWS.NET,CentralRepository,dbo
ctsazsimicrsmas.inso1a101c37461fa.database.windows.net,EDS_BC_Common_Trans_PUB,CentralRepository_DependentRelationship_MIG,dbo,CTSAZSIMIPGN.INSO1A101C37461FA.DATABASE.WINDOWS.NET,CentralRepository,dbo
ctsazsimicrsmas.inso1a101c37461fa.database.windows.net,EDS_BC_Common_Trans_PUB,CentralRepository_DependentRelationship_MIG,dbo,CTSAZSIMIPST.INSO1A101C37461FA.DATABASE.WINDOWS.NET,CentralRepository,dbo
ctsazsimicrsmas.inso1a101c37461fa.database.windows.net,EDS_BC_Common_Trans_PUB,CentralRepository_DependentRelationship_MIG,dbo,CTSAZSIMIPTM.INSO1A101C37461FA.DATABASE.WINDOWS.NET,CentralRepository,dbo
ctsazsimicrsmas.inso1a101c37461fa.database.windows.net,EDS_BC_Common_Trans_PUB,CentralRepository_DependentRelationship_MIG,dbo,CTSAZSIMIBCAPPS1.INSO1A101C37461FA.DATABASE.WINDOWS.NET,CentralRepository,dbo
ctsazsimicrsmas.inso1a101c37461fa.database.windows.net,EDS_BC_Common_Trans_PUB,CentralRepository_DependentRelationship_MIG,dbo,CTSAZSIMIBCAPPS2.INSO1A101C37461FA.DATABASE.WINDOWS.NET,CentralRepository,dbo
ctsazsimicrsmas.inso1a101c37461fa.database.windows.net,EDS_BC_Common_Trans_PUB,CentralRepository_DependentRelationship_MIG,dbo,CTSAZMIBCAPPS3.293366D454BB.DATABASE.WINDOWS.NET,CentralRepository,dbo
ctsazsimicrsmas.inso1a101c37461fa.database.windows.net,EDS_BC_Common_Trans_PUB,CentralRepository_HCM_CCA_Roles_MIG,dbo,CTSAZSIMIPGN.INSO1A101C37461FA.DATABASE.WINDOWS.NET,CentralRepository,dbo
ctsazsimicrsmas.inso1a101c37461fa.database.windows.net,EDS_BC_Common_Trans_PUB,CentralRepository_HCM_CCA_Roles_MIG,dbo,CTSAZSIMIPST.INSO1A101C37461FA.DATABASE.WINDOWS.NET,CentralRepository,dbo
ctsazsimicrsmas.inso1a101c37461fa.database.windows.net,EDS_BC_Common_Trans_PUB,CentralRepository_HCM_CCA_Roles_MIG,dbo,CTSAZSIMIPTM.INSO1A101C37461FA.DATABASE.WINDOWS.NET,CentralRepository,dbo
ctsazsimicrsmas.inso1a101c37461fa.database.windows.net,EDS_BC_Common_Trans_PUB,CentralRepository_HCM_CCA_Roles_MIG,dbo,CTSAZSIMIBCAPPS1.INSO1A101C37461FA.DATABASE.WINDOWS.NET,CentralRepository,dbo
ctsazsimicrsmas.inso1a101c37461fa.database.windows.net,EDS_BC_Common_Trans_PUB,CentralRepository_HCM_CCA_Roles_MIG,dbo,CTSAZSIMIBCAPPS2.INSO1A101C37461FA.DATABASE.WINDOWS.NET,CentralRepository,dbo
ctsazsimicrsmas.inso1a101c37461fa.database.windows.net,EDS_BC_Common_Trans_PUB,CentralRepository_HCM_CCA_Roles_MIG,dbo,CTSAZMIBCAPPS3.293366D454BB.DATABASE.WINDOWS.NET,CentralRepository,dbo
ctsazsimicrsmas.inso1a101c37461fa.database.windows.net,EDS_BC_Common_Trans_PUB,Centralrepository_HCM_LeafLevelProficiency_MIG,dbo,CTSAZSIMIPGN.INSO1A101C37461FA.DATABASE.WINDOWS.NET,CentralRepository,dbo
ctsazsimicrsmas.inso1a101c37461fa.database.windows.net,EDS_BC_Common_Trans_PUB,Centralrepository_HCM_LeafLevelProficiency_MIG,dbo,CTSAZSIMIPST.INSO1A101C37461FA.DATABASE.WINDOWS.NET,CentralRepository,dbo
ctsazsimicrsmas.inso1a101c37461fa.database.windows.net,EDS_BC_Common_Trans_PUB,Centralrepository_HCM_LeafLevelProficiency_MIG,dbo,CTSAZSIMIPTM.INSO1A101C37461FA.DATABASE.WINDOWS.NET,CentralRepository,dbo
ctsazsimicrsmas.inso1a101c37461fa.database.windows.net,EDS_BC_Common_Trans_PUB,Centralrepository_HCM_LeafLevelProficiency_MIG,dbo,CTSAZSIMIBCAPPS1.INSO1A101C37461FA.DATABASE.WINDOWS.NET,CentralRepository,dbo
ctsazsimicrsmas.inso1a101c37461fa.database.windows.net,EDS_BC_Common_Trans_PUB,Centralrepository_HCM_LeafLevelProficiency_MIG,dbo,CTSAZSIMIBCAPPS2.INSO1A101C37461FA.DATABASE.WINDOWS.NET,CentralRepository,dbo
ctsazsimicrsmas.inso1a101c37461fa.database.windows.net,EDS_BC_Common_Trans_PUB,Centralrepository_HCM_LeafLevelProficiency_MIG,dbo,CTSAZMIBCAPPS3.293366D454BB.DATABASE.WINDOWS.NET,CentralRepository,dbo
ctsazsimicrsmas.inso1a101c37461fa.database.windows.net,EDS_BC_Common_Trans_PUB,CentralRepository_Jobtask_MIG,dbo,CTSAZSIMIPGN.INSO1A101C37461FA.DATABASE.WINDOWS.NET,CentralRepository,dbo
ctsazsimicrsmas.inso1a101c37461fa.database.windows.net,EDS_BC_Common_Trans_PUB,CentralRepository_Jobtask_MIG,dbo,CTSAZSIMIPST.INSO1A101C37461FA.DATABASE.WINDOWS.NET,CentralRepository,dbo
ctsazsimicrsmas.inso1a101c37461fa.database.windows.net,EDS_BC_Common_Trans_PUB,CentralRepository_Jobtask_MIG,dbo,CTSAZSIMIPTM.INSO1A101C37461FA.DATABASE.WINDOWS.NET,CentralRepository,dbo
ctsazsimicrsmas.inso1a101c37461fa.database.windows.net,EDS_BC_Common_Trans_PUB,CentralRepository_Jobtask_MIG,dbo,CTSAZSIMIBCAPPS1.INSO1A101C37461FA.DATABASE.WINDOWS.NET,CentralRepository,dbo
ctsazsimicrsmas.inso1a101c37461fa.database.windows.net,EDS_BC_Common_Trans_PUB,CentralRepository_Jobtask_MIG,dbo,CTSAZSIMIBCAPPS2.INSO1A101C37461FA.DATABASE.WINDOWS.NET,CentralRepository,dbo
ctsazsimicrsmas.inso1a101c37461fa.database.windows.net,EDS_BC_Common_Trans_PUB,CentralRepository_Jobtask_MIG,dbo,CTSAZMIBCAPPS3.293366D454BB.DATABASE.WINDOWS.NET,CentralRepository,dbo
ctsazsimicrsmas.inso1a101c37461fa.database.windows.net,EDS_BC_Common_Trans_PUB,CentralRepository_JPMProfileItems_MIG,dbo,CTSAZSIMIPGN.INSO1A101C37461FA.DATABASE.WINDOWS.NET,CentralRepository,dbo
ctsazsimicrsmas.inso1a101c37461fa.database.windows.net,EDS_BC_Common_Trans_PUB,CentralRepository_JPMProfileItems_MIG,dbo,CTSAZSIMIPST.INSO1A101C37461FA.DATABASE.WINDOWS.NET,CentralRepository,dbo
ctsazsimicrsmas.inso1a101c37461fa.database.windows.net,EDS_BC_Common_Trans_PUB,CentralRepository_JPMProfileItems_MIG,dbo,CTSAZSIMIPTM.INSO1A101C37461FA.DATABASE.WINDOWS.NET,CentralRepository,dbo
ctsazsimicrsmas.inso1a101c37461fa.database.windows.net,EDS_BC_Common_Trans_PUB,CentralRepository_JPMProfileItems_MIG,dbo,CTSAZSIMIBCAPPS1.INSO1A101C37461FA.DATABASE.WINDOWS.NET,CentralRepository,dbo
ctsazsimicrsmas.inso1a101c37461fa.database.windows.net,EDS_BC_Common_Trans_PUB,CentralRepository_JPMProfileItems_MIG,dbo,CTSAZSIMIBCAPPS2.INSO1A101C37461FA.DATABASE.WINDOWS.NET,CentralRepository,dbo
ctsazsimicrsmas.inso1a101c37461fa.database.windows.net,EDS_BC_Common_Trans_PUB,CentralRepository_JPMProfileItems_MIG,dbo,CTSAZMIBCAPPS3.293366D454BB.DATABASE.WINDOWS.NET,CentralRepository,dbo
ctsazsimicrsmas.inso1a101c37461fa.database.windows.net,EDS_BC_Common_Trans_PUB,CentralRepository_MyTravel_Details_MIG,dbo,CTSAZSIMIPGN.INSO1A101C37461FA.DATABASE.WINDOWS.NET,CentralRepository,dbo
ctsazsimicrsmas.inso1a101c37461fa.database.windows.net,EDS_BC_Common_Trans_PUB,CentralRepository_MyTravel_Details_MIG,dbo,CTSAZSIMIPST.INSO1A101C37461FA.DATABASE.WINDOWS.NET,CentralRepository,dbo
ctsazsimicrsmas.inso1a101c37461fa.database.windows.net,EDS_BC_Common_Trans_PUB,CentralRepository_MyTravel_Details_MIG,dbo,CTSAZSIMIPTM.INSO1A101C37461FA.DATABASE.WINDOWS.NET,CentralRepository,dbo
ctsazsimicrsmas.inso1a101c37461fa.database.windows.net,EDS_BC_Common_Trans_PUB,CentralRepository_MyTravel_Details_MIG,dbo,CTSAZSIMIBCAPPS1.INSO1A101C37461FA.DATABASE.WINDOWS.NET,CentralRepository,dbo
ctsazsimicrsmas.inso1a101c37461fa.database.windows.net,EDS_BC_Common_Trans_PUB,CentralRepository_MyTravel_Details_MIG,dbo,CTSAZSIMIBCAPPS2.INSO1A101C37461FA.DATABASE.WINDOWS.NET,CentralRepository,dbo
ctsazsimicrsmas.inso1a101c37461fa.database.windows.net,EDS_BC_Common_Trans_PUB,CentralRepository_MyTravel_Details_MIG,dbo,CTSAZMIBCAPPS3.293366D454BB.DATABASE.WINDOWS.NET,CentralRepository,dbo
ctsazsimicrsmas.inso1a101c37461fa.database.windows.net,EDS_BC_Common_Trans_PUB,CentralRepository_XLAT_Translate_MIG,dbo,CTSAZSIMIPGN.INSO1A101C37461FA.DATABASE.WINDOWS.NET,CentralRepository,dbo
ctsazsimicrsmas.inso1a101c37461fa.database.windows.net,EDS_BC_Common_Trans_PUB,CentralRepository_XLAT_Translate_MIG,dbo,CTSAZSIMIPST.INSO1A101C37461FA.DATABASE.WINDOWS.NET,CentralRepository,dbo
ctsazsimicrsmas.inso1a101c37461fa.database.windows.net,EDS_BC_Common_Trans_PUB,CentralRepository_XLAT_Translate_MIG,dbo,CTSAZSIMIPTM.INSO1A101C37461FA.DATABASE.WINDOWS.NET,CentralRepository,dbo
ctsazsimicrsmas.inso1a101c37461fa.database.windows.net,EDS_BC_Common_Trans_PUB,CentralRepository_XLAT_Translate_MIG,dbo,CTSAZSIMIBCAPPS1.INSO1A101C37461FA.DATABASE.WINDOWS.NET,CentralRepository,dbo
ctsazsimicrsmas.inso1a101c37461fa.database.windows.net,EDS_BC_Common_Trans_PUB,CentralRepository_XLAT_Translate_MIG,dbo,CTSAZSIMIBCAPPS2.INSO1A101C37461FA.DATABASE.WINDOWS.NET,CentralRepository,dbo
ctsazsimicrsmas.inso1a101c37461fa.database.windows.net,EDS_BC_Common_Trans_PUB,CentralRepository_XLAT_Translate_MIG,dbo,CTSAZMIBCAPPS3.293366D454BB.DATABASE.WINDOWS.NET,CentralRepository,dbo
ctsazsimicrsmas.inso1a101c37461fa.database.windows.net,EDS_BC_Common_Trans_PUB,CHire_CandidateHiredDetail_STG_CURR,dbo,CTSAZSIMIPGN.INSO1A101C37461FA.DATABASE.WINDOWS.NET,CentralRepository,dbo
ctsazsimicrsmas.inso1a101c37461fa.database.windows.net,EDS_BC_Common_Trans_PUB,CHire_CandidateHiredDetail_STG_CURR,dbo,CTSAZSIMIPST.INSO1A101C37461FA.DATABASE.WINDOWS.NET,CentralRepository,dbo
ctsazsimicrsmas.inso1a101c37461fa.database.windows.net,EDS_BC_Common_Trans_PUB,CHire_CandidateHiredDetail_STG_CURR,dbo,CTSAZSIMIPTM.INSO1A101C37461FA.DATABASE.WINDOWS.NET,CentralRepository,dbo
ctsazsimicrsmas.inso1a101c37461fa.database.windows.net,EDS_BC_Common_Trans_PUB,CHire_CandidateHiredDetail_STG_CURR,dbo,CTSAZSIMIBCAPPS1.INSO1A101C37461FA.DATABASE.WINDOWS.NET,CentralRepository,dbo
ctsazsimicrsmas.inso1a101c37461fa.database.windows.net,EDS_BC_Common_Trans_PUB,CHire_CandidateHiredDetail_STG_CURR,dbo,CTSAZSIMIBCAPPS2.INSO1A101C37461FA.DATABASE.WINDOWS.NET,CentralRepository,dbo
ctsazsimicrsmas.inso1a101c37461fa.database.windows.net,EDS_BC_Common_Trans_PUB,CHire_CandidateHiredDetail_STG_CURR,dbo,CTSAZMIBCAPPS3.293366D454BB.DATABASE.WINDOWS.NET,CentralRepository,dbo
ctsazsimicrsmas.inso1a101c37461fa.database.windows.net,EDS_BC_Common_Trans_PUB,ESA_PS_CTRM_STTAG_STUP_STG_CURR,dbo,CTSAZSIMIPGN.INSO1A101C37461FA.DATABASE.WINDOWS.NET,CentralRepository,dbo
ctsazsimicrsmas.inso1a101c37461fa.database.windows.net,EDS_BC_Common_Trans_PUB,ESA_PS_CTRM_STTAG_STUP_STG_CURR,dbo,CTSAZSIMIPST.INSO1A101C37461FA.DATABASE.WINDOWS.NET,CentralRepository,dbo
ctsazsimicrsmas.inso1a101c37461fa.database.windows.net,EDS_BC_Common_Trans_PUB,ESA_PS_CTRM_STTAG_STUP_STG_CURR,dbo,CTSAZSIMIPTM.INSO1A101C37461FA.DATABASE.WINDOWS.NET,CentralRepository,dbo
ctsazsimicrsmas.inso1a101c37461fa.database.windows.net,EDS_BC_Common_Trans_PUB,ESA_PS_CTRM_STTAG_STUP_STG_CURR,dbo,CTSAZSIMIBCAPPS1.INSO1A101C37461FA.DATABASE.WINDOWS.NET,CentralRepository,dbo
ctsazsimicrsmas.inso1a101c37461fa.database.windows.net,EDS_BC_Common_Trans_PUB,ESA_PS_CTRM_STTAG_STUP_STG_CURR,dbo,CTSAZSIMIBCAPPS2.INSO1A101C37461FA.DATABASE.WINDOWS.NET,CentralRepository,dbo
ctsazsimicrsmas.inso1a101c37461fa.database.windows.net,EDS_BC_Common_Trans_PUB,ESA_PS_CTRM_STTAG_STUP_STG_CURR,dbo,CTSAZMIBCAPPS3.293366D454BB.DATABASE.WINDOWS.NET,CentralRepository,dbo
ctsazsimicrsmas.inso1a101c37461fa.database.windows.net,EDS_BC_Common_Trans_PUB,ESA_PS_CTS_FMS_HCM_DEP_STG_CURR,dbo,CTSAZSIMIPGN.INSO1A101C37461FA.DATABASE.WINDOWS.NET,CentralRepository,dbo
ctsazsimicrsmas.inso1a101c37461fa.database.windows.net,EDS_BC_Common_Trans_PUB,ESA_PS_CTS_FMS_HCM_DEP_STG_CURR,dbo,CTSAZSIMIPST.INSO1A101C37461FA.DATABASE.WINDOWS.NET,CentralRepository,dbo
ctsazsimicrsmas.inso1a101c37461fa.database.windows.net,EDS_BC_Common_Trans_PUB,ESA_PS_CTS_FMS_HCM_DEP_STG_CURR,dbo,CTSAZSIMIPTM.INSO1A101C37461FA.DATABASE.WINDOWS.NET,CentralRepository,dbo
ctsazsimicrsmas.inso1a101c37461fa.database.windows.net,EDS_BC_Common_Trans_PUB,ESA_PS_CTS_FMS_HCM_DEP_STG_CURR,dbo,CTSAZSIMIBCAPPS1.INSO1A101C37461FA.DATABASE.WINDOWS.NET,CentralRepository,dbo
ctsazsimicrsmas.inso1a101c37461fa.database.windows.net,EDS_BC_Common_Trans_PUB,ESA_PS_CTS_FMS_HCM_DEP_STG_CURR,dbo,CTSAZSIMIBCAPPS2.INSO1A101C37461FA.DATABASE.WINDOWS.NET,CentralRepository,dbo
ctsazsimicrsmas.inso1a101c37461fa.database.windows.net,EDS_BC_Common_Trans_PUB,ESA_PS_CTS_FMS_HCM_DEP_STG_CURR,dbo,CTSAZMIBCAPPS3.293366D454BB.DATABASE.WINDOWS.NET,CentralRepository,dbo
ctsazsimicrsmas.inso1a101c37461fa.database.windows.net,EDS_BC_Common_Trans_PUB,ESA_PS_CTS_PC_SB_HR_MP_STG_CURR,dbo,CTSAZSIMIPGN.INSO1A101C37461FA.DATABASE.WINDOWS.NET,CentralRepository,dbo
ctsazsimicrsmas.inso1a101c37461fa.database.windows.net,EDS_BC_Common_Trans_PUB,ESA_PS_CTS_PC_SB_HR_MP_STG_CURR,dbo,CTSAZSIMIPST.INSO1A101C37461FA.DATABASE.WINDOWS.NET,CentralRepository,dbo
ctsazsimicrsmas.inso1a101c37461fa.database.windows.net,EDS_BC_Common_Trans_PUB,ESA_PS_CTS_PC_SB_HR_MP_STG_CURR,dbo,CTSAZSIMIPTM.INSO1A101C37461FA.DATABASE.WINDOWS.NET,CentralRepository,dbo
ctsazsimicrsmas.inso1a101c37461fa.database.windows.net,EDS_BC_Common_Trans_PUB,ESA_PS_CTS_PC_SB_HR_MP_STG_CURR,dbo,CTSAZSIMIBCAPPS1.INSO1A101C37461FA.DATABASE.WINDOWS.NET,CentralRepository,dbo
ctsazsimicrsmas.inso1a101c37461fa.database.windows.net,EDS_BC_Common_Trans_PUB,ESA_PS_CTS_PC_SB_HR_MP_STG_CURR,dbo,CTSAZSIMIBCAPPS2.INSO1A101C37461FA.DATABASE.WINDOWS.NET,CentralRepository,dbo
ctsazsimicrsmas.inso1a101c37461fa.database.windows.net,EDS_BC_Common_Trans_PUB,ESA_PS_CTS_PC_SB_HR_MP_STG_CURR,dbo,CTSAZMIBCAPPS3.293366D454BB.DATABASE.WINDOWS.NET,CentralRepository,dbo
ctsazsimicrsmas.inso1a101c37461fa.database.windows.net,EDS_BC_Common_Trans_PUB,ESA_PS_CTS_RM_DPTPL_MP_STG_CURR,dbo,CTSAZSIMIPGN.INSO1A101C37461FA.DATABASE.WINDOWS.NET,CentralRepository,dbo
ctsazsimicrsmas.inso1a101c37461fa.database.windows.net,EDS_BC_Common_Trans_PUB,ESA_PS_CTS_RM_DPTPL_MP_STG_CURR,dbo,CTSAZSIMIPST.INSO1A101C37461FA.DATABASE.WINDOWS.NET,CentralRepository,dbo
ctsazsimicrsmas.inso1a101c37461fa.database.windows.net,EDS_BC_Common_Trans_PUB,ESA_PS_CTS_RM_DPTPL_MP_STG_CURR,dbo,CTSAZSIMIPTM.INSO1A101C37461FA.DATABASE.WINDOWS.NET,CentralRepository,dbo
ctsazsimicrsmas.inso1a101c37461fa.database.windows.net,EDS_BC_Common_Trans_PUB,ESA_PS_CTS_RM_DPTPL_MP_STG_CURR,dbo,CTSAZSIMIBCAPPS1.INSO1A101C37461FA.DATABASE.WINDOWS.NET,CentralRepository,dbo
ctsazsimicrsmas.inso1a101c37461fa.database.windows.net,EDS_BC_Common_Trans_PUB,ESA_PS_CTS_RM_DPTPL_MP_STG_CURR,dbo,CTSAZSIMIBCAPPS2.INSO1A101C37461FA.DATABASE.WINDOWS.NET,CentralRepository,dbo
ctsazsimicrsmas.inso1a101c37461fa.database.windows.net,EDS_BC_Common_Trans_PUB,ESA_PS_CTS_RM_DPTPL_MP_STG_CURR,dbo,CTSAZMIBCAPPS3.293366D454BB.DATABASE.WINDOWS.NET,CentralRepository,dbo
ctsazsimicrsmas.inso1a101c37461fa.database.windows.net,EDS_BC_Common_Trans_PUB,ESA_PS_CTS_RM_RL_HSTRY_STG_CURR,dbo,CTSAZSIMIPGN.INSO1A101C37461FA.DATABASE.WINDOWS.NET,CentralRepository,dbo
ctsazsimicrsmas.inso1a101c37461fa.database.windows.net,EDS_BC_Common_Trans_PUB,ESA_PS_CTS_RM_RL_HSTRY_STG_CURR,dbo,CTSAZSIMIPST.INSO1A101C37461FA.DATABASE.WINDOWS.NET,CentralRepository,dbo
ctsazsimicrsmas.inso1a101c37461fa.database.windows.net,EDS_BC_Common_Trans_PUB,ESA_PS_CTS_RM_RL_HSTRY_STG_CURR,dbo,CTSAZSIMIPTM.INSO1A101C37461FA.DATABASE.WINDOWS.NET,CentralRepository,dbo
ctsazsimicrsmas.inso1a101c37461fa.database.windows.net,EDS_BC_Common_Trans_PUB,ESA_PS_CTS_RM_RL_HSTRY_STG_CURR,dbo,CTSAZSIMIBCAPPS1.INSO1A101C37461FA.DATABASE.WINDOWS.NET,CentralRepository,dbo
ctsazsimicrsmas.inso1a101c37461fa.database.windows.net,EDS_BC_Common_Trans_PUB,ESA_PS_CTS_RM_RL_HSTRY_STG_CURR,dbo,CTSAZSIMIBCAPPS2.INSO1A101C37461FA.DATABASE.WINDOWS.NET,CentralRepository,dbo
ctsazsimicrsmas.inso1a101c37461fa.database.windows.net,EDS_BC_Common_Trans_PUB,ESA_PS_CTS_RM_RL_HSTRY_STG_CURR,dbo,CTSAZMIBCAPPS3.293366D454BB.DATABASE.WINDOWS.NET,CentralRepository,dbo
ctsazsimicrsmas.inso1a101c37461fa.database.windows.net,EDS_BC_Common_Trans_PUB,ESA_PS_CTS_TECHNLGY_VW_STG_CURR,dbo,CTSAZSIMIPGN.INSO1A101C37461FA.DATABASE.WINDOWS.NET,CentralRepository,dbo
ctsazsimicrsmas.inso1a101c37461fa.database.windows.net,EDS_BC_Common_Trans_PUB,ESA_PS_CTS_TECHNLGY_VW_STG_CURR,dbo,CTSAZSIMIPST.INSO1A101C37461FA.DATABASE.WINDOWS.NET,CentralRepository,dbo
ctsazsimicrsmas.inso1a101c37461fa.database.windows.net,EDS_BC_Common_Trans_PUB,ESA_PS_CTS_TECHNLGY_VW_STG_CURR,dbo,CTSAZSIMIPTM.INSO1A101C37461FA.DATABASE.WINDOWS.NET,CentralRepository,dbo
ctsazsimicrsmas.inso1a101c37461fa.database.windows.net,EDS_BC_Common_Trans_PUB,ESA_PS_CTS_TECHNLGY_VW_STG_CURR,dbo,CTSAZSIMIBCAPPS1.INSO1A101C37461FA.DATABASE.WINDOWS.NET,CentralRepository,dbo
ctsazsimicrsmas.inso1a101c37461fa.database.windows.net,EDS_BC_Common_Trans_PUB,ESA_PS_CTS_TECHNLGY_VW_STG_CURR,dbo,CTSAZSIMIBCAPPS2.INSO1A101C37461FA.DATABASE.WINDOWS.NET,CentralRepository,dbo
ctsazsimicrsmas.inso1a101c37461fa.database.windows.net,EDS_BC_Common_Trans_PUB,ESA_PS_CTS_TECHNLGY_VW_STG_CURR,dbo,CTSAZMIBCAPPS3.293366D454BB.DATABASE.WINDOWS.NET,CentralRepository,dbo
ctsazsimicrsmas.inso1a101c37461fa.database.windows.net,EDS_BC_Common_Trans_PUB,EUMS_V_EumsToCrsData_STG_CURR,dbo,CTSAZSIMIPGN.INSO1A101C37461FA.DATABASE.WINDOWS.NET,CentralRepository,dbo
ctsazsimicrsmas.inso1a101c37461fa.database.windows.net,EDS_BC_Common_Trans_PUB,EUMS_V_EumsToCrsData_STG_CURR,dbo,CTSAZSIMIPST.INSO1A101C37461FA.DATABASE.WINDOWS.NET,CentralRepository,dbo
ctsazsimicrsmas.inso1a101c37461fa.database.windows.net,EDS_BC_Common_Trans_PUB,EUMS_V_EumsToCrsData_STG_CURR,dbo,CTSAZSIMIPTM.INSO1A101C37461FA.DATABASE.WINDOWS.NET,CentralRepository,dbo
ctsazsimicrsmas.inso1a101c37461fa.database.windows.net,EDS_BC_Common_Trans_PUB,EUMS_V_EumsToCrsData_STG_CURR,dbo,CTSAZSIMIBCAPPS1.INSO1A101C37461FA.DATABASE.WINDOWS.NET,CentralRepository,dbo
ctsazsimicrsmas.inso1a101c37461fa.database.windows.net,EDS_BC_Common_Trans_PUB,EUMS_V_EumsToCrsData_STG_CURR,dbo,CTSAZSIMIBCAPPS2.INSO1A101C37461FA.DATABASE.WINDOWS.NET,CentralRepository,dbo
ctsazsimicrsmas.inso1a101c37461fa.database.windows.net,EDS_BC_Common_Trans_PUB,EUMS_V_EumsToCrsData_STG_CURR,dbo,CTSAZMIBCAPPS3.293366D454BB.DATABASE.WINDOWS.NET,CentralRepository,dbo
ctsazsimicrsmas.inso1a101c37461fa.database.windows.net,EDS_BC_Common_Trans_PUB,FMS_PS_RT_RATE_TBL_STG_CURR,dbo,CTSAZSIMIPGN.INSO1A101C37461FA.DATABASE.WINDOWS.NET,CentralRepository,dbo
ctsazsimicrsmas.inso1a101c37461fa.database.windows.net,EDS_BC_Common_Trans_PUB,FMS_PS_RT_RATE_TBL_STG_CURR,dbo,CTSAZSIMIPST.INSO1A101C37461FA.DATABASE.WINDOWS.NET,CentralRepository,dbo
ctsazsimicrsmas.inso1a101c37461fa.database.windows.net,EDS_BC_Common_Trans_PUB,FMS_PS_RT_RATE_TBL_STG_CURR,dbo,CTSAZSIMIPTM.INSO1A101C37461FA.DATABASE.WINDOWS.NET,CentralRepository,dbo
ctsazsimicrsmas.inso1a101c37461fa.database.windows.net,EDS_BC_Common_Trans_PUB,FMS_PS_RT_RATE_TBL_STG_CURR,dbo,CTSAZSIMIBCAPPS1.INSO1A101C37461FA.DATABASE.WINDOWS.NET,CentralRepository,dbo
ctsazsimicrsmas.inso1a101c37461fa.database.windows.net,EDS_BC_Common_Trans_PUB,FMS_PS_RT_RATE_TBL_STG_CURR,dbo,CTSAZSIMIBCAPPS2.INSO1A101C37461FA.DATABASE.WINDOWS.NET,CentralRepository,dbo
ctsazsimicrsmas.inso1a101c37461fa.database.windows.net,EDS_BC_Common_Trans_PUB,FMS_PS_RT_RATE_TBL_STG_CURR,dbo,CTSAZMIBCAPPS3.293366D454BB.DATABASE.WINDOWS.NET,CentralRepository,dbo
ctsazsimicrsmas.inso1a101c37461fa.database.windows.net,EDS_BC_Common_Trans_PUB,HCM_PS_CITIZEN_STS_TBL_STG_CURR,dbo,CTSAZSIMIPGN.INSO1A101C37461FA.DATABASE.WINDOWS.NET,CentralRepository,dbo
ctsazsimicrsmas.inso1a101c37461fa.database.windows.net,EDS_BC_Common_Trans_PUB,HCM_PS_CITIZEN_STS_TBL_STG_CURR,dbo,CTSAZSIMIPST.INSO1A101C37461FA.DATABASE.WINDOWS.NET,CentralRepository,dbo
ctsazsimicrsmas.inso1a101c37461fa.database.windows.net,EDS_BC_Common_Trans_PUB,HCM_PS_CITIZEN_STS_TBL_STG_CURR,dbo,CTSAZSIMIPTM.INSO1A101C37461FA.DATABASE.WINDOWS.NET,CentralRepository,dbo
ctsazsimicrsmas.inso1a101c37461fa.database.windows.net,EDS_BC_Common_Trans_PUB,HCM_PS_CITIZEN_STS_TBL_STG_CURR,dbo,CTSAZSIMIBCAPPS1.INSO1A101C37461FA.DATABASE.WINDOWS.NET,CentralRepository,dbo
ctsazsimicrsmas.inso1a101c37461fa.database.windows.net,EDS_BC_Common_Trans_PUB,HCM_PS_CITIZEN_STS_TBL_STG_CURR,dbo,CTSAZSIMIBCAPPS2.INSO1A101C37461FA.DATABASE.WINDOWS.NET,CentralRepository,dbo
ctsazsimicrsmas.inso1a101c37461fa.database.windows.net,EDS_BC_Common_Trans_PUB,HCM_PS_CITIZEN_STS_TBL_STG_CURR,dbo,CTSAZMIBCAPPS3.293366D454BB.DATABASE.WINDOWS.NET,CentralRepository,dbo
ctsazsimicrsmas.inso1a101c37461fa.database.windows.net,EDS_BC_Common_Trans_PUB,HCM_PS_CM_ROLE_COMPS_STG_CURR,dbo,CTSAZSIMIPGN.INSO1A101C37461FA.DATABASE.WINDOWS.NET,CentralRepository,dbo
ctsazsimicrsmas.inso1a101c37461fa.database.windows.net,EDS_BC_Common_Trans_PUB,HCM_PS_CM_ROLE_COMPS_STG_CURR,dbo,CTSAZSIMIPST.INSO1A101C37461FA.DATABASE.WINDOWS.NET,CentralRepository,dbo
ctsazsimicrsmas.inso1a101c37461fa.database.windows.net,EDS_BC_Common_Trans_PUB,HCM_PS_CM_ROLE_COMPS_STG_CURR,dbo,CTSAZSIMIPTM.INSO1A101C37461FA.DATABASE.WINDOWS.NET,CentralRepository,dbo
ctsazsimicrsmas.inso1a101c37461fa.database.windows.net,EDS_BC_Common_Trans_PUB,HCM_PS_CM_ROLE_COMPS_STG_CURR,dbo,CTSAZSIMIBCAPPS1.INSO1A101C37461FA.DATABASE.WINDOWS.NET,CentralRepository,dbo
ctsazsimicrsmas.inso1a101c37461fa.database.windows.net,EDS_BC_Common_Trans_PUB,HCM_PS_CM_ROLE_COMPS_STG_CURR,dbo,CTSAZSIMIBCAPPS2.INSO1A101C37461FA.DATABASE.WINDOWS.NET,CentralRepository,dbo
ctsazsimicrsmas.inso1a101c37461fa.database.windows.net,EDS_BC_Common_Trans_PUB,HCM_PS_CM_ROLE_COMPS_STG_CURR,dbo,CTSAZMIBCAPPS3.293366D454BB.DATABASE.WINDOWS.NET,CentralRepository,dbo
ctsazsimicrsmas.inso1a101c37461fa.database.windows.net,EDS_BC_Common_Trans_PUB,HCM_PS_CT_CLUSTERSETUP_STG_CURR,dbo,CTSAZSIMIPGN.INSO1A101C37461FA.DATABASE.WINDOWS.NET,CentralRepository,dbo
ctsazsimicrsmas.inso1a101c37461fa.database.windows.net,EDS_BC_Common_Trans_PUB,HCM_PS_CT_CLUSTERSETUP_STG_CURR,dbo,CTSAZSIMIPST.INSO1A101C37461FA.DATABASE.WINDOWS.NET,CentralRepository,dbo
ctsazsimicrsmas.inso1a101c37461fa.database.windows.net,EDS_BC_Common_Trans_PUB,HCM_PS_CT_CLUSTERSETUP_STG_CURR,dbo,CTSAZSIMIPTM.INSO1A101C37461FA.DATABASE.WINDOWS.NET,CentralRepository,dbo
ctsazsimicrsmas.inso1a101c37461fa.database.windows.net,EDS_BC_Common_Trans_PUB,HCM_PS_CT_CLUSTERSETUP_STG_CURR,dbo,CTSAZSIMIBCAPPS1.INSO1A101C37461FA.DATABASE.WINDOWS.NET,CentralRepository,dbo
ctsazsimicrsmas.inso1a101c37461fa.database.windows.net,EDS_BC_Common_Trans_PUB,HCM_PS_CT_CLUSTERSETUP_STG_CURR,dbo,CTSAZSIMIBCAPPS2.INSO1A101C37461FA.DATABASE.WINDOWS.NET,CentralRepository,dbo
ctsazsimicrsmas.inso1a101c37461fa.database.windows.net,EDS_BC_Common_Trans_PUB,HCM_PS_CT_CLUSTERSETUP_STG_CURR,dbo,CTSAZMIBCAPPS3.293366D454BB.DATABASE.WINDOWS.NET,CentralRepository,dbo
ctsazsimicrsmas.inso1a101c37461fa.database.windows.net,EDS_BC_Common_Trans_PUB,HCM_PS_CT_DEPT_TYPE_STG_CURR,dbo,CTSAZSIMIPGN.INSO1A101C37461FA.DATABASE.WINDOWS.NET,CentralRepository,dbo
ctsazsimicrsmas.inso1a101c37461fa.database.windows.net,EDS_BC_Common_Trans_PUB,HCM_PS_CT_DEPT_TYPE_STG_CURR,dbo,CTSAZSIMIPST.INSO1A101C37461FA.DATABASE.WINDOWS.NET,CentralRepository,dbo
ctsazsimicrsmas.inso1a101c37461fa.database.windows.net,EDS_BC_Common_Trans_PUB,HCM_PS_CT_DEPT_TYPE_STG_CURR,dbo,CTSAZSIMIPTM.INSO1A101C37461FA.DATABASE.WINDOWS.NET,CentralRepository,dbo
ctsazsimicrsmas.inso1a101c37461fa.database.windows.net,EDS_BC_Common_Trans_PUB,HCM_PS_CT_DEPT_TYPE_STG_CURR,dbo,CTSAZSIMIBCAPPS1.INSO1A101C37461FA.DATABASE.WINDOWS.NET,CentralRepository,dbo
ctsazsimicrsmas.inso1a101c37461fa.database.windows.net,EDS_BC_Common_Trans_PUB,HCM_PS_CT_DEPT_TYPE_STG_CURR,dbo,CTSAZSIMIBCAPPS2.INSO1A101C37461FA.DATABASE.WINDOWS.NET,CentralRepository,dbo
ctsazsimicrsmas.inso1a101c37461fa.database.windows.net,EDS_BC_Common_Trans_PUB,HCM_PS_CT_DEPT_TYPE_STG_CURR,dbo,CTSAZMIBCAPPS3.293366D454BB.DATABASE.WINDOWS.NET,CentralRepository,dbo
ctsazsimicrsmas.inso1a101c37461fa.database.windows.net,EDS_BC_Common_Trans_PUB,HCM_PS_CT_FIN_MIS_STUP_STG_CURR,dbo,CTSAZSIMIPGN.INSO1A101C37461FA.DATABASE.WINDOWS.NET,CentralRepository,dbo
ctsazsimicrsmas.inso1a101c37461fa.database.windows.net,EDS_BC_Common_Trans_PUB,HCM_PS_CT_FIN_MIS_STUP_STG_CURR,dbo,CTSAZSIMIPST.INSO1A101C37461FA.DATABASE.WINDOWS.NET,CentralRepository,dbo
ctsazsimicrsmas.inso1a101c37461fa.database.windows.net,EDS_BC_Common_Trans_PUB,HCM_PS_CT_FIN_MIS_STUP_STG_CURR,dbo,CTSAZSIMIPTM.INSO1A101C37461FA.DATABASE.WINDOWS.NET,CentralRepository,dbo
ctsazsimicrsmas.inso1a101c37461fa.database.windows.net,EDS_BC_Common_Trans_PUB,HCM_PS_CT_FIN_MIS_STUP_STG_CURR,dbo,CTSAZSIMIBCAPPS1.INSO1A101C37461FA.DATABASE.WINDOWS.NET,CentralRepository,dbo
ctsazsimicrsmas.inso1a101c37461fa.database.windows.net,EDS_BC_Common_Trans_PUB,HCM_PS_CT_FIN_MIS_STUP_STG_CURR,dbo,CTSAZSIMIBCAPPS2.INSO1A101C37461FA.DATABASE.WINDOWS.NET,CentralRepository,dbo
ctsazsimicrsmas.inso1a101c37461fa.database.windows.net,EDS_BC_Common_Trans_PUB,HCM_PS_CT_FIN_MIS_STUP_STG_CURR,dbo,CTSAZMIBCAPPS3.293366D454BB.DATABASE.WINDOWS.NET,CentralRepository,dbo
ctsazsimicrsmas.inso1a101c37461fa.database.windows.net,EDS_BC_Common_Trans_PUB,HCM_PS_CT_MA_EMP_CMPY_STG_CURR,dbo,CTSAZSIMIPGN.INSO1A101C37461FA.DATABASE.WINDOWS.NET,CentralRepository,dbo
ctsazsimicrsmas.inso1a101c37461fa.database.windows.net,EDS_BC_Common_Trans_PUB,HCM_PS_CT_MA_EMP_CMPY_STG_CURR,dbo,CTSAZSIMIPST.INSO1A101C37461FA.DATABASE.WINDOWS.NET,CentralRepository,dbo
ctsazsimicrsmas.inso1a101c37461fa.database.windows.net,EDS_BC_Common_Trans_PUB,HCM_PS_CT_MA_EMP_CMPY_STG_CURR,dbo,CTSAZSIMIPTM.INSO1A101C37461FA.DATABASE.WINDOWS.NET,CentralRepository,dbo
ctsazsimicrsmas.inso1a101c37461fa.database.windows.net,EDS_BC_Common_Trans_PUB,HCM_PS_CT_MA_EMP_CMPY_STG_CURR,dbo,CTSAZSIMIBCAPPS1.INSO1A101C37461FA.DATABASE.WINDOWS.NET,CentralRepository,dbo
ctsazsimicrsmas.inso1a101c37461fa.database.windows.net,EDS_BC_Common_Trans_PUB,HCM_PS_CT_MA_EMP_CMPY_STG_CURR,dbo,CTSAZSIMIBCAPPS2.INSO1A101C37461FA.DATABASE.WINDOWS.NET,CentralRepository,dbo
ctsazsimicrsmas.inso1a101c37461fa.database.windows.net,EDS_BC_Common_Trans_PUB,HCM_PS_CT_MA_EMP_CMPY_STG_CURR,dbo,CTSAZMIBCAPPS3.293366D454BB.DATABASE.WINDOWS.NET,CentralRepository,dbo
ctsazsimicrsmas.inso1a101c37461fa.database.windows.net,EDS_BC_Common_Trans_PUB,HCM_PS_CT_ODC_EMPL_TBL_STG_CURR,dbo,CTSAZSIMIPGN.INSO1A101C37461FA.DATABASE.WINDOWS.NET,CentralRepository,dbo
ctsazsimicrsmas.inso1a101c37461fa.database.windows.net,EDS_BC_Common_Trans_PUB,HCM_PS_CT_ODC_EMPL_TBL_STG_CURR,dbo,CTSAZSIMIPST.INSO1A101C37461FA.DATABASE.WINDOWS.NET,CentralRepository,dbo
ctsazsimicrsmas.inso1a101c37461fa.database.windows.net,EDS_BC_Common_Trans_PUB,HCM_PS_CT_ODC_EMPL_TBL_STG_CURR,dbo,CTSAZSIMIPTM.INSO1A101C37461FA.DATABASE.WINDOWS.NET,CentralRepository,dbo
ctsazsimicrsmas.inso1a101c37461fa.database.windows.net,EDS_BC_Common_Trans_PUB,HCM_PS_CT_ODC_EMPL_TBL_STG_CURR,dbo,CTSAZSIMIBCAPPS1.INSO1A101C37461FA.DATABASE.WINDOWS.NET,CentralRepository,dbo
ctsazsimicrsmas.inso1a101c37461fa.database.windows.net,EDS_BC_Common_Trans_PUB,HCM_PS_CT_ODC_EMPL_TBL_STG_CURR,dbo,CTSAZSIMIBCAPPS2.INSO1A101C37461FA.DATABASE.WINDOWS.NET,CentralRepository,dbo
ctsazsimicrsmas.inso1a101c37461fa.database.windows.net,EDS_BC_Common_Trans_PUB,HCM_PS_CT_ODC_EMPL_TBL_STG_CURR,dbo,CTSAZMIBCAPPS3.293366D454BB.DATABASE.WINDOWS.NET,CentralRepository,dbo
ctsazsimicrsmas.inso1a101c37461fa.database.windows.net,EDS_BC_Common_Trans_PUB,HCM_PS_CT_STATE_TBL_VW_CRS_STG_CURR,dbo,CTSAZSIMIPGN.INSO1A101C37461FA.DATABASE.WINDOWS.NET,CentralRepository,dbo
ctsazsimicrsmas.inso1a101c37461fa.database.windows.net,EDS_BC_Common_Trans_PUB,HCM_PS_CT_STATE_TBL_VW_CRS_STG_CURR,dbo,CTSAZSIMIPST.INSO1A101C37461FA.DATABASE.WINDOWS.NET,CentralRepository,dbo
ctsazsimicrsmas.inso1a101c37461fa.database.windows.net,EDS_BC_Common_Trans_PUB,HCM_PS_CT_STATE_TBL_VW_CRS_STG_CURR,dbo,CTSAZSIMIPTM.INSO1A101C37461FA.DATABASE.WINDOWS.NET,CentralRepository,dbo
ctsazsimicrsmas.inso1a101c37461fa.database.windows.net,EDS_BC_Common_Trans_PUB,HCM_PS_CT_STATE_TBL_VW_CRS_STG_CURR,dbo,CTSAZSIMIBCAPPS1.INSO1A101C37461FA.DATABASE.WINDOWS.NET,CentralRepository,dbo
ctsazsimicrsmas.inso1a101c37461fa.database.windows.net,EDS_BC_Common_Trans_PUB,HCM_PS_CT_STATE_TBL_VW_CRS_STG_CURR,dbo,CTSAZSIMIBCAPPS2.INSO1A101C37461FA.DATABASE.WINDOWS.NET,CentralRepository,dbo
ctsazsimicrsmas.inso1a101c37461fa.database.windows.net,EDS_BC_Common_Trans_PUB,HCM_PS_CT_STATE_TBL_VW_CRS_STG_CURR,dbo,CTSAZMIBCAPPS3.293366D454BB.DATABASE.WINDOWS.NET,CentralRepository,dbo
ctsazsimicrsmas.inso1a101c37461fa.database.windows.net,EDS_BC_Common_Trans_PUB,HCM_PS_JOB_TASK_TBL_STG_CURR,dbo,CTSAZSIMIPGN.INSO1A101C37461FA.DATABASE.WINDOWS.NET,CentralRepository,dbo
ctsazsimicrsmas.inso1a101c37461fa.database.windows.net,EDS_BC_Common_Trans_PUB,HCM_PS_JOB_TASK_TBL_STG_CURR,dbo,CTSAZSIMIPST.INSO1A101C37461FA.DATABASE.WINDOWS.NET,CentralRepository,dbo
ctsazsimicrsmas.inso1a101c37461fa.database.windows.net,EDS_BC_Common_Trans_PUB,HCM_PS_JOB_TASK_TBL_STG_CURR,dbo,CTSAZSIMIPTM.INSO1A101C37461FA.DATABASE.WINDOWS.NET,CentralRepository,dbo
ctsazsimicrsmas.inso1a101c37461fa.database.windows.net,EDS_BC_Common_Trans_PUB,HCM_PS_JOB_TASK_TBL_STG_CURR,dbo,CTSAZSIMIBCAPPS1.INSO1A101C37461FA.DATABASE.WINDOWS.NET,CentralRepository,dbo
ctsazsimicrsmas.inso1a101c37461fa.database.windows.net,EDS_BC_Common_Trans_PUB,HCM_PS_JOB_TASK_TBL_STG_CURR,dbo,CTSAZSIMIBCAPPS2.INSO1A101C37461FA.DATABASE.WINDOWS.NET,CentralRepository,dbo
ctsazsimicrsmas.inso1a101c37461fa.database.windows.net,EDS_BC_Common_Trans_PUB,HCM_PS_JOB_TASK_TBL_STG_CURR,dbo,CTSAZMIBCAPPS3.293366D454BB.DATABASE.WINDOWS.NET,CentralRepository,dbo
ctsazsimicrsmas.inso1a101c37461fa.database.windows.net,EDS_BC_Common_Trans_PUB,HCM_PS_JPM_CAT_GMEMB_STG_CURR,dbo,CTSAZSIMIPGN.INSO1A101C37461FA.DATABASE.WINDOWS.NET,CentralRepository,dbo
ctsazsimicrsmas.inso1a101c37461fa.database.windows.net,EDS_BC_Common_Trans_PUB,HCM_PS_JPM_CAT_GMEMB_STG_CURR,dbo,CTSAZSIMIPST.INSO1A101C37461FA.DATABASE.WINDOWS.NET,CentralRepository,dbo
ctsazsimicrsmas.inso1a101c37461fa.database.windows.net,EDS_BC_Common_Trans_PUB,HCM_PS_JPM_CAT_GMEMB_STG_CURR,dbo,CTSAZSIMIPTM.INSO1A101C37461FA.DATABASE.WINDOWS.NET,CentralRepository,dbo
ctsazsimicrsmas.inso1a101c37461fa.database.windows.net,EDS_BC_Common_Trans_PUB,HCM_PS_JPM_CAT_GMEMB_STG_CURR,dbo,CTSAZSIMIBCAPPS1.INSO1A101C37461FA.DATABASE.WINDOWS.NET,CentralRepository,dbo
ctsazsimicrsmas.inso1a101c37461fa.database.windows.net,EDS_BC_Common_Trans_PUB,HCM_PS_JPM_CAT_GMEMB_STG_CURR,dbo,CTSAZSIMIBCAPPS2.INSO1A101C37461FA.DATABASE.WINDOWS.NET,CentralRepository,dbo
ctsazsimicrsmas.inso1a101c37461fa.database.windows.net,EDS_BC_Common_Trans_PUB,HCM_PS_JPM_CAT_GMEMB_STG_CURR,dbo,CTSAZMIBCAPPS3.293366D454BB.DATABASE.WINDOWS.NET,CentralRepository,dbo
ctsazsimicrsmas.inso1a101c37461fa.database.windows.net,EDS_BC_Common_Trans_PUB,HCM_PS_JPM_CAT_GROUPS_STG_CURR,dbo,CTSAZSIMIPGN.INSO1A101C37461FA.DATABASE.WINDOWS.NET,CentralRepository,dbo
ctsazsimicrsmas.inso1a101c37461fa.database.windows.net,EDS_BC_Common_Trans_PUB,HCM_PS_JPM_CAT_GROUPS_STG_CURR,dbo,CTSAZSIMIPST.INSO1A101C37461FA.DATABASE.WINDOWS.NET,CentralRepository,dbo
ctsazsimicrsmas.inso1a101c37461fa.database.windows.net,EDS_BC_Common_Trans_PUB,HCM_PS_JPM_CAT_GROUPS_STG_CURR,dbo,CTSAZSIMIPTM.INSO1A101C37461FA.DATABASE.WINDOWS.NET,CentralRepository,dbo
ctsazsimicrsmas.inso1a101c37461fa.database.windows.net,EDS_BC_Common_Trans_PUB,HCM_PS_JPM_CAT_GROUPS_STG_CURR,dbo,CTSAZSIMIBCAPPS1.INSO1A101C37461FA.DATABASE.WINDOWS.NET,CentralRepository,dbo
ctsazsimicrsmas.inso1a101c37461fa.database.windows.net,EDS_BC_Common_Trans_PUB,HCM_PS_JPM_CAT_GROUPS_STG_CURR,dbo,CTSAZSIMIBCAPPS2.INSO1A101C37461FA.DATABASE.WINDOWS.NET,CentralRepository,dbo
ctsazsimicrsmas.inso1a101c37461fa.database.windows.net,EDS_BC_Common_Trans_PUB,HCM_PS_JPM_CAT_GROUPS_STG_CURR,dbo,CTSAZMIBCAPPS3.293366D454BB.DATABASE.WINDOWS.NET,CentralRepository,dbo
ctsazsimicrsmas.inso1a101c37461fa.database.windows.net,EDS_BC_Common_Trans_PUB,HCM_PS_JPM_CAT_I_RLAT_STG_CURR,dbo,CTSAZSIMIPGN.INSO1A101C37461FA.DATABASE.WINDOWS.NET,CentralRepository,dbo
ctsazsimicrsmas.inso1a101c37461fa.database.windows.net,EDS_BC_Common_Trans_PUB,HCM_PS_JPM_CAT_I_RLAT_STG_CURR,dbo,CTSAZSIMIPST.INSO1A101C37461FA.DATABASE.WINDOWS.NET,CentralRepository,dbo
ctsazsimicrsmas.inso1a101c37461fa.database.windows.net,EDS_BC_Common_Trans_PUB,HCM_PS_JPM_CAT_I_RLAT_STG_CURR,dbo,CTSAZSIMIPTM.INSO1A101C37461FA.DATABASE.WINDOWS.NET,CentralRepository,dbo
ctsazsimicrsmas.inso1a101c37461fa.database.windows.net,EDS_BC_Common_Trans_PUB,HCM_PS_JPM_CAT_I_RLAT_STG_CURR,dbo,CTSAZSIMIBCAPPS1.INSO1A101C37461FA.DATABASE.WINDOWS.NET,CentralRepository,dbo
ctsazsimicrsmas.inso1a101c37461fa.database.windows.net,EDS_BC_Common_Trans_PUB,HCM_PS_JPM_CAT_I_RLAT_STG_CURR,dbo,CTSAZSIMIBCAPPS2.INSO1A101C37461FA.DATABASE.WINDOWS.NET,CentralRepository,dbo
ctsazsimicrsmas.inso1a101c37461fa.database.windows.net,EDS_BC_Common_Trans_PUB,HCM_PS_JPM_CAT_I_RLAT_STG_CURR,dbo,CTSAZMIBCAPPS3.293366D454BB.DATABASE.WINDOWS.NET,CentralRepository,dbo
ctsazsimicrsmas.inso1a101c37461fa.database.windows.net,EDS_BC_Common_Trans_PUB,HCM_PS_MAJOR_TBL_STG_CURR,dbo,CTSAZSIMIPGN.INSO1A101C37461FA.DATABASE.WINDOWS.NET,CentralRepository,dbo
ctsazsimicrsmas.inso1a101c37461fa.database.windows.net,EDS_BC_Common_Trans_PUB,HCM_PS_MAJOR_TBL_STG_CURR,dbo,CTSAZSIMIPST.INSO1A101C37461FA.DATABASE.WINDOWS.NET,CentralRepository,dbo
ctsazsimicrsmas.inso1a101c37461fa.database.windows.net,EDS_BC_Common_Trans_PUB,HCM_PS_MAJOR_TBL_STG_CURR,dbo,CTSAZSIMIPTM.INSO1A101C37461FA.DATABASE.WINDOWS.NET,CentralRepository,dbo
ctsazsimicrsmas.inso1a101c37461fa.database.windows.net,EDS_BC_Common_Trans_PUB,HCM_PS_MAJOR_TBL_STG_CURR,dbo,CTSAZSIMIBCAPPS1.INSO1A101C37461FA.DATABASE.WINDOWS.NET,CentralRepository,dbo
ctsazsimicrsmas.inso1a101c37461fa.database.windows.net,EDS_BC_Common_Trans_PUB,HCM_PS_MAJOR_TBL_STG_CURR,dbo,CTSAZSIMIBCAPPS2.INSO1A101C37461FA.DATABASE.WINDOWS.NET,CentralRepository,dbo
ctsazsimicrsmas.inso1a101c37461fa.database.windows.net,EDS_BC_Common_Trans_PUB,HCM_PS_MAJOR_TBL_STG_CURR,dbo,CTSAZMIBCAPPS3.293366D454BB.DATABASE.WINDOWS.NET,CentralRepository,dbo
ctsazsimicrsmas.inso1a101c37461fa.database.windows.net,EDS_BC_Common_Trans_PUB,HCM_PS_NID_TYPE_TBL_STG_CURR,dbo,CTSAZSIMIPGN.INSO1A101C37461FA.DATABASE.WINDOWS.NET,CentralRepository,dbo
ctsazsimicrsmas.inso1a101c37461fa.database.windows.net,EDS_BC_Common_Trans_PUB,HCM_PS_NID_TYPE_TBL_STG_CURR,dbo,CTSAZSIMIPST.INSO1A101C37461FA.DATABASE.WINDOWS.NET,CentralRepository,dbo
ctsazsimicrsmas.inso1a101c37461fa.database.windows.net,EDS_BC_Common_Trans_PUB,HCM_PS_NID_TYPE_TBL_STG_CURR,dbo,CTSAZSIMIPTM.INSO1A101C37461FA.DATABASE.WINDOWS.NET,CentralRepository,dbo
ctsazsimicrsmas.inso1a101c37461fa.database.windows.net,EDS_BC_Common_Trans_PUB,HCM_PS_NID_TYPE_TBL_STG_CURR,dbo,CTSAZSIMIBCAPPS1.INSO1A101C37461FA.DATABASE.WINDOWS.NET,CentralRepository,dbo
ctsazsimicrsmas.inso1a101c37461fa.database.windows.net,EDS_BC_Common_Trans_PUB,HCM_PS_NID_TYPE_TBL_STG_CURR,dbo,CTSAZSIMIBCAPPS2.INSO1A101C37461FA.DATABASE.WINDOWS.NET,CentralRepository,dbo
ctsazsimicrsmas.inso1a101c37461fa.database.windows.net,EDS_BC_Common_Trans_PUB,HCM_PS_NID_TYPE_TBL_STG_CURR,dbo,CTSAZMIBCAPPS3.293366D454BB.DATABASE.WINDOWS.NET,CentralRepository,dbo
ctsazsimicrsmas.inso1a101c37461fa.database.windows.net,EDS_BC_Common_Trans_PUB,HCM_PS_PERS_NID_STG_CURR,dbo,CTSAZSIMIPGN.INSO1A101C37461FA.DATABASE.WINDOWS.NET,CentralRepository,dbo
ctsazsimicrsmas.inso1a101c37461fa.database.windows.net,EDS_BC_Common_Trans_PUB,HCM_PS_PERS_NID_STG_CURR,dbo,CTSAZSIMIPST.INSO1A101C37461FA.DATABASE.WINDOWS.NET,CentralRepository,dbo
ctsazsimicrsmas.inso1a101c37461fa.database.windows.net,EDS_BC_Common_Trans_PUB,HCM_PS_PERS_NID_STG_CURR,dbo,CTSAZSIMIPTM.INSO1A101C37461FA.DATABASE.WINDOWS.NET,CentralRepository,dbo
ctsazsimicrsmas.inso1a101c37461fa.database.windows.net,EDS_BC_Common_Trans_PUB,HCM_PS_PERS_NID_STG_CURR,dbo,CTSAZSIMIBCAPPS1.INSO1A101C37461FA.DATABASE.WINDOWS.NET,CentralRepository,dbo
ctsazsimicrsmas.inso1a101c37461fa.database.windows.net,EDS_BC_Common_Trans_PUB,HCM_PS_PERS_NID_STG_CURR,dbo,CTSAZSIMIBCAPPS2.INSO1A101C37461FA.DATABASE.WINDOWS.NET,CentralRepository,dbo
ctsazsimicrsmas.inso1a101c37461fa.database.windows.net,EDS_BC_Common_Trans_PUB,HCM_PS_PERS_NID_STG_CURR,dbo,CTSAZMIBCAPPS3.293366D454BB.DATABASE.WINDOWS.NET,CentralRepository,dbo
ctsazsimicrsmas.inso1a101c37461fa.database.windows.net,EDS_BC_Common_Trans_PUB,HCM_PS_PRIORWORK_EXPER_STG_CURR,dbo,CTSAZSIMIPGN.INSO1A101C37461FA.DATABASE.WINDOWS.NET,CentralRepository,dbo
ctsazsimicrsmas.inso1a101c37461fa.database.windows.net,EDS_BC_Common_Trans_PUB,HCM_PS_PRIORWORK_EXPER_STG_CURR,dbo,CTSAZSIMIPST.INSO1A101C37461FA.DATABASE.WINDOWS.NET,CentralRepository,dbo
ctsazsimicrsmas.inso1a101c37461fa.database.windows.net,EDS_BC_Common_Trans_PUB,HCM_PS_PRIORWORK_EXPER_STG_CURR,dbo,CTSAZSIMIPTM.INSO1A101C37461FA.DATABASE.WINDOWS.NET,CentralRepository,dbo
ctsazsimicrsmas.inso1a101c37461fa.database.windows.net,EDS_BC_Common_Trans_PUB,HCM_PS_PRIORWORK_EXPER_STG_CURR,dbo,CTSAZSIMIBCAPPS1.INSO1A101C37461FA.DATABASE.WINDOWS.NET,CentralRepository,dbo
ctsazsimicrsmas.inso1a101c37461fa.database.windows.net,EDS_BC_Common_Trans_PUB,HCM_PS_PRIORWORK_EXPER_STG_CURR,dbo,CTSAZSIMIBCAPPS2.INSO1A101C37461FA.DATABASE.WINDOWS.NET,CentralRepository,dbo
ctsazsimicrsmas.inso1a101c37461fa.database.windows.net,EDS_BC_Common_Trans_PUB,HCM_PS_PRIORWORK_EXPER_STG_CURR,dbo,CTSAZMIBCAPPS3.293366D454BB.DATABASE.WINDOWS.NET,CentralRepository,dbo
ctsazsimicrsmas.inso1a101c37461fa.database.windows.net,EDS_BC_Common_Trans_PUB,HCM_PS_REG_REGION_TBL_STG_CURR,dbo,CTSAZSIMIPGN.INSO1A101C37461FA.DATABASE.WINDOWS.NET,CentralRepository,dbo
ctsazsimicrsmas.inso1a101c37461fa.database.windows.net,EDS_BC_Common_Trans_PUB,HCM_PS_REG_REGION_TBL_STG_CURR,dbo,CTSAZSIMIPST.INSO1A101C37461FA.DATABASE.WINDOWS.NET,CentralRepository,dbo
ctsazsimicrsmas.inso1a101c37461fa.database.windows.net,EDS_BC_Common_Trans_PUB,HCM_PS_REG_REGION_TBL_STG_CURR,dbo,CTSAZSIMIPTM.INSO1A101C37461FA.DATABASE.WINDOWS.NET,CentralRepository,dbo
ctsazsimicrsmas.inso1a101c37461fa.database.windows.net,EDS_BC_Common_Trans_PUB,HCM_PS_REG_REGION_TBL_STG_CURR,dbo,CTSAZSIMIBCAPPS1.INSO1A101C37461FA.DATABASE.WINDOWS.NET,CentralRepository,dbo
ctsazsimicrsmas.inso1a101c37461fa.database.windows.net,EDS_BC_Common_Trans_PUB,HCM_PS_REG_REGION_TBL_STG_CURR,dbo,CTSAZSIMIBCAPPS2.INSO1A101C37461FA.DATABASE.WINDOWS.NET,CentralRepository,dbo
ctsazsimicrsmas.inso1a101c37461fa.database.windows.net,EDS_BC_Common_Trans_PUB,HCM_PS_REG_REGION_TBL_STG_CURR,dbo,CTSAZMIBCAPPS3.293366D454BB.DATABASE.WINDOWS.NET,CentralRepository,dbo
ctsazsimicrsmas.inso1a101c37461fa.database.windows.net,EDS_BC_Common_Trans_PUB,HCM_PS_SETID_TBL_STG_CURR,dbo,CTSAZSIMIPGN.INSO1A101C37461FA.DATABASE.WINDOWS.NET,CentralRepository,dbo
ctsazsimicrsmas.inso1a101c37461fa.database.windows.net,EDS_BC_Common_Trans_PUB,HCM_PS_SETID_TBL_STG_CURR,dbo,CTSAZSIMIPST.INSO1A101C37461FA.DATABASE.WINDOWS.NET,CentralRepository,dbo
ctsazsimicrsmas.inso1a101c37461fa.database.windows.net,EDS_BC_Common_Trans_PUB,HCM_PS_SETID_TBL_STG_CURR,dbo,CTSAZSIMIPTM.INSO1A101C37461FA.DATABASE.WINDOWS.NET,CentralRepository,dbo
ctsazsimicrsmas.inso1a101c37461fa.database.windows.net,EDS_BC_Common_Trans_PUB,HCM_PS_SETID_TBL_STG_CURR,dbo,CTSAZSIMIBCAPPS1.INSO1A101C37461FA.DATABASE.WINDOWS.NET,CentralRepository,dbo
ctsazsimicrsmas.inso1a101c37461fa.database.windows.net,EDS_BC_Common_Trans_PUB,HCM_PS_SETID_TBL_STG_CURR,dbo,CTSAZSIMIBCAPPS2.INSO1A101C37461FA.DATABASE.WINDOWS.NET,CentralRepository,dbo
ctsazsimicrsmas.inso1a101c37461fa.database.windows.net,EDS_BC_Common_Trans_PUB,HCM_PS_SETID_TBL_STG_CURR,dbo,CTSAZMIBCAPPS3.293366D454BB.DATABASE.WINDOWS.NET,CentralRepository,dbo
ctsazsimicrsmas.inso1a101c37461fa.database.windows.net,EDS_BC_Common_Trans_PUB,HCM_PS_VISA_PERMIT_TBL_STG_CURR,dbo,CTSAZSIMIPGN.INSO1A101C37461FA.DATABASE.WINDOWS.NET,CentralRepository,dbo
ctsazsimicrsmas.inso1a101c37461fa.database.windows.net,EDS_BC_Common_Trans_PUB,HCM_PS_VISA_PERMIT_TBL_STG_CURR,dbo,CTSAZSIMIPST.INSO1A101C37461FA.DATABASE.WINDOWS.NET,CentralRepository,dbo
ctsazsimicrsmas.inso1a101c37461fa.database.windows.net,EDS_BC_Common_Trans_PUB,HCM_PS_VISA_PERMIT_TBL_STG_CURR,dbo,CTSAZSIMIPTM.INSO1A101C37461FA.DATABASE.WINDOWS.NET,CentralRepository,dbo
ctsazsimicrsmas.inso1a101c37461fa.database.windows.net,EDS_BC_Common_Trans_PUB,HCM_PS_VISA_PERMIT_TBL_STG_CURR,dbo,CTSAZSIMIBCAPPS1.INSO1A101C37461FA.DATABASE.WINDOWS.NET,CentralRepository,dbo
ctsazsimicrsmas.inso1a101c37461fa.database.windows.net,EDS_BC_Common_Trans_PUB,HCM_PS_VISA_PERMIT_TBL_STG_CURR,dbo,CTSAZSIMIBCAPPS2.INSO1A101C37461FA.DATABASE.WINDOWS.NET,CentralRepository,dbo
ctsazsimicrsmas.inso1a101c37461fa.database.windows.net,EDS_BC_Common_Trans_PUB,HCM_PS_VISA_PERMIT_TBL_STG_CURR,dbo,CTSAZMIBCAPPS3.293366D454BB.DATABASE.WINDOWS.NET,CentralRepository,dbo
ctsazsimicrsmas.inso1a101c37461fa.database.windows.net,EDS_BC_Common_Trans_PUB,LM_vw_ReplicationMaster_STG_CURR,dbo,CTSAZSIMIPGN.INSO1A101C37461FA.DATABASE.WINDOWS.NET,CentralRepository,dbo
ctsazsimicrsmas.inso1a101c37461fa.database.windows.net,EDS_BC_Common_Trans_PUB,LM_vw_ReplicationMaster_STG_CURR,dbo,CTSAZSIMIPST.INSO1A101C37461FA.DATABASE.WINDOWS.NET,CentralRepository,dbo
ctsazsimicrsmas.inso1a101c37461fa.database.windows.net,EDS_BC_Common_Trans_PUB,LM_vw_ReplicationMaster_STG_CURR,dbo,CTSAZSIMIPTM.INSO1A101C37461FA.DATABASE.WINDOWS.NET,CentralRepository,dbo
ctsazsimicrsmas.inso1a101c37461fa.database.windows.net,EDS_BC_Common_Trans_PUB,LM_vw_ReplicationMaster_STG_CURR,dbo,CTSAZSIMIBCAPPS1.INSO1A101C37461FA.DATABASE.WINDOWS.NET,CentralRepository,dbo
ctsazsimicrsmas.inso1a101c37461fa.database.windows.net,EDS_BC_Common_Trans_PUB,LM_vw_ReplicationMaster_STG_CURR,dbo,CTSAZSIMIBCAPPS2.INSO1A101C37461FA.DATABASE.WINDOWS.NET,CentralRepository,dbo
ctsazsimicrsmas.inso1a101c37461fa.database.windows.net,EDS_BC_Common_Trans_PUB,LM_vw_ReplicationMaster_STG_CURR,dbo,CTSAZMIBCAPPS3.293366D454BB.DATABASE.WINDOWS.NET,CentralRepository,dbo
ctsazsimicrsmas.inso1a101c37461fa.database.windows.net,EDS_BC_Common_Trans_PUB,LM_vw_SetIDMaster_STG_CURR,dbo,CTSAZSIMIPGN.INSO1A101C37461FA.DATABASE.WINDOWS.NET,CentralRepository,dbo
ctsazsimicrsmas.inso1a101c37461fa.database.windows.net,EDS_BC_Common_Trans_PUB,LM_vw_SetIDMaster_STG_CURR,dbo,CTSAZSIMIPST.INSO1A101C37461FA.DATABASE.WINDOWS.NET,CentralRepository,dbo
ctsazsimicrsmas.inso1a101c37461fa.database.windows.net,EDS_BC_Common_Trans_PUB,LM_vw_SetIDMaster_STG_CURR,dbo,CTSAZSIMIPTM.INSO1A101C37461FA.DATABASE.WINDOWS.NET,CentralRepository,dbo
ctsazsimicrsmas.inso1a101c37461fa.database.windows.net,EDS_BC_Common_Trans_PUB,LM_vw_SetIDMaster_STG_CURR,dbo,CTSAZSIMIBCAPPS1.INSO1A101C37461FA.DATABASE.WINDOWS.NET,CentralRepository,dbo
ctsazsimicrsmas.inso1a101c37461fa.database.windows.net,EDS_BC_Common_Trans_PUB,LM_vw_SetIDMaster_STG_CURR,dbo,CTSAZSIMIBCAPPS2.INSO1A101C37461FA.DATABASE.WINDOWS.NET,CentralRepository,dbo
ctsazsimicrsmas.inso1a101c37461fa.database.windows.net,EDS_BC_Common_Trans_PUB,LM_vw_SetIDMaster_STG_CURR,dbo,CTSAZMIBCAPPS3.293366D454BB.DATABASE.WINDOWS.NET,CentralRepository,dbo
ctsazsimicrsmas.inso1a101c37461fa.database.windows.net,EDS_BC_Common_Trans_PUB,RHMS_tbl_EDS_BUVerticalEntityMasterData_STG_CURR,dbo,CTSAZSIMIPGN.INSO1A101C37461FA.DATABASE.WINDOWS.NET,CentralRepository,dbo
ctsazsimicrsmas.inso1a101c37461fa.database.windows.net,EDS_BC_Common_Trans_PUB,RHMS_tbl_EDS_BUVerticalEntityMasterData_STG_CURR,dbo,CTSAZSIMIPST.INSO1A101C37461FA.DATABASE.WINDOWS.NET,CentralRepository,dbo
ctsazsimicrsmas.inso1a101c37461fa.database.windows.net,EDS_BC_Common_Trans_PUB,RHMS_tbl_EDS_BUVerticalEntityMasterData_STG_CURR,dbo,CTSAZSIMIPTM.INSO1A101C37461FA.DATABASE.WINDOWS.NET,CentralRepository,dbo
ctsazsimicrsmas.inso1a101c37461fa.database.windows.net,EDS_BC_Common_Trans_PUB,RHMS_tbl_EDS_BUVerticalEntityMasterData_STG_CURR,dbo,CTSAZSIMIBCAPPS1.INSO1A101C37461FA.DATABASE.WINDOWS.NET,CentralRepository,dbo
ctsazsimicrsmas.inso1a101c37461fa.database.windows.net,EDS_BC_Common_Trans_PUB,RHMS_tbl_EDS_BUVerticalEntityMasterData_STG_CURR,dbo,CTSAZSIMIBCAPPS2.INSO1A101C37461FA.DATABASE.WINDOWS.NET,CentralRepository,dbo
ctsazsimicrsmas.inso1a101c37461fa.database.windows.net,EDS_BC_Common_Trans_PUB,RHMS_tbl_EDS_BUVerticalEntityMasterData_STG_CURR,dbo,CTSAZMIBCAPPS3.293366D454BB.DATABASE.WINDOWS.NET,CentralRepository,dbo
ctsazsimicrsmas.inso1a101c37461fa.database.windows.net,EDS_BC_Common_Trans_PUB,RHMS_tbl_EDS_HorizontalToSLPA_Mapping_STG_CURR,dbo,CTSAZSIMIPGN.INSO1A101C37461FA.DATABASE.WINDOWS.NET,CentralRepository,dbo
ctsazsimicrsmas.inso1a101c37461fa.database.windows.net,EDS_BC_Common_Trans_PUB,RHMS_tbl_EDS_HorizontalToSLPA_Mapping_STG_CURR,dbo,CTSAZSIMIPST.INSO1A101C37461FA.DATABASE.WINDOWS.NET,CentralRepository,dbo
ctsazsimicrsmas.inso1a101c37461fa.database.windows.net,EDS_BC_Common_Trans_PUB,RHMS_tbl_EDS_HorizontalToSLPA_Mapping_STG_CURR,dbo,CTSAZSIMIPTM.INSO1A101C37461FA.DATABASE.WINDOWS.NET,CentralRepository,dbo
ctsazsimicrsmas.inso1a101c37461fa.database.windows.net,EDS_BC_Common_Trans_PUB,RHMS_tbl_EDS_HorizontalToSLPA_Mapping_STG_CURR,dbo,CTSAZSIMIBCAPPS1.INSO1A101C37461FA.DATABASE.WINDOWS.NET,CentralRepository,dbo
ctsazsimicrsmas.inso1a101c37461fa.database.windows.net,EDS_BC_Common_Trans_PUB,RHMS_tbl_EDS_HorizontalToSLPA_Mapping_STG_CURR,dbo,CTSAZSIMIBCAPPS2.INSO1A101C37461FA.DATABASE.WINDOWS.NET,CentralRepository,dbo
ctsazsimicrsmas.inso1a101c37461fa.database.windows.net,EDS_BC_Common_Trans_PUB,RHMS_tbl_EDS_HorizontalToSLPA_Mapping_STG_CURR,dbo,CTSAZMIBCAPPS3.293366D454BB.DATABASE.WINDOWS.NET,CentralRepository,dbo
ctsazsimicrsmas.inso1a101c37461fa.database.windows.net,EDS_BC_Common_Trans_PUB,SEZ_VWGETLOCATIONDETAILS_STG_CURR,dbo,CTSAZSIMIPGN.INSO1A101C37461FA.DATABASE.WINDOWS.NET,CentralRepository,dbo
ctsazsimicrsmas.inso1a101c37461fa.database.windows.net,EDS_BC_Common_Trans_PUB,SEZ_VWGETLOCATIONDETAILS_STG_CURR,dbo,CTSAZSIMIPST.INSO1A101C37461FA.DATABASE.WINDOWS.NET,CentralRepository,dbo
ctsazsimicrsmas.inso1a101c37461fa.database.windows.net,EDS_BC_Common_Trans_PUB,SEZ_VWGETLOCATIONDETAILS_STG_CURR,dbo,CTSAZSIMIPTM.INSO1A101C37461FA.DATABASE.WINDOWS.NET,CentralRepository,dbo
ctsazsimicrsmas.inso1a101c37461fa.database.windows.net,EDS_BC_Common_Trans_PUB,SEZ_VWGETLOCATIONDETAILS_STG_CURR,dbo,CTSAZSIMIBCAPPS1.INSO1A101C37461FA.DATABASE.WINDOWS.NET,CentralRepository,dbo
ctsazsimicrsmas.inso1a101c37461fa.database.windows.net,EDS_BC_Common_Trans_PUB,SEZ_VWGETLOCATIONDETAILS_STG_CURR,dbo,CTSAZSIMIBCAPPS2.INSO1A101C37461FA.DATABASE.WINDOWS.NET,CentralRepository,dbo
ctsazsimicrsmas.inso1a101c37461fa.database.windows.net,EDS_BC_Common_Trans_PUB,SEZ_VWGETLOCATIONDETAILS_STG_CURR,dbo,CTSAZMIBCAPPS3.293366D454BB.DATABASE.WINDOWS.NET,CentralRepository,dbo
ctsazsimicrsmas.inso1a101c37461fa.database.windows.net,EDS_BC_Common_Trans_PUB,ARIBA_vw_Centralrepository_AribaProcurementAccount_STG_CURR,dbo,CTSAZSIMIPGN.INSO1A101C37461FA.DATABASE.WINDOWS.NET,CentralRepository,dbo
ctsazsimicrsmas.inso1a101c37461fa.database.windows.net,EDS_BC_Common_Trans_PUB,ARIBA_vw_Centralrepository_AribaProcurementAccount_STG_CURR,dbo,CTSAZSIMIPST.INSO1A101C37461FA.DATABASE.WINDOWS.NET,CentralRepository,dbo
ctsazsimicrsmas.inso1a101c37461fa.database.windows.net,EDS_BC_Common_Trans_PUB,ARIBA_vw_Centralrepository_AribaProcurementAccount_STG_CURR,dbo,CTSAZSIMIPTM.INSO1A101C37461FA.DATABASE.WINDOWS.NET,CentralRepository,dbo
ctsazsimicrsmas.inso1a101c37461fa.database.windows.net,EDS_BC_Common_Trans_PUB,ARIBA_vw_Centralrepository_AribaProcurementAccount_STG_CURR,dbo,CTSAZSIMIBCAPPS1.INSO1A101C37461FA.DATABASE.WINDOWS.NET,CentralRepository,dbo
ctsazsimicrsmas.inso1a101c37461fa.database.windows.net,EDS_BC_Common_Trans_PUB,ARIBA_vw_Centralrepository_AribaProcurementAccount_STG_CURR,dbo,CTSAZSIMIBCAPPS2.INSO1A101C37461FA.DATABASE.WINDOWS.NET,CentralRepository,dbo
ctsazsimicrsmas.inso1a101c37461fa.database.windows.net,EDS_BC_Common_Trans_PUB,ARIBA_vw_Centralrepository_AribaProcurementAccount_STG_CURR,dbo,CTSAZMIBCAPPS3.293366D454BB.DATABASE.WINDOWS.NET,CentralRepository,dbo
ctsazsimicrsmas.inso1a101c37461fa.database.windows.net,EDS_BC_Common_Trans_PUB,Ariba_vw_Centralrepository_AribaRelationEntry_STG_CURR,dbo,CTSAZSIMIPGN.INSO1A101C37461FA.DATABASE.WINDOWS.NET,CentralRepository,dbo
ctsazsimicrsmas.inso1a101c37461fa.database.windows.net,EDS_BC_Common_Trans_PUB,Ariba_vw_Centralrepository_AribaRelationEntry_STG_CURR,dbo,CTSAZSIMIPST.INSO1A101C37461FA.DATABASE.WINDOWS.NET,CentralRepository,dbo
ctsazsimicrsmas.inso1a101c37461fa.database.windows.net,EDS_BC_Common_Trans_PUB,Ariba_vw_Centralrepository_AribaRelationEntry_STG_CURR,dbo,CTSAZSIMIPTM.INSO1A101C37461FA.DATABASE.WINDOWS.NET,CentralRepository,dbo
ctsazsimicrsmas.inso1a101c37461fa.database.windows.net,EDS_BC_Common_Trans_PUB,Ariba_vw_Centralrepository_AribaRelationEntry_STG_CURR,dbo,CTSAZSIMIBCAPPS1.INSO1A101C37461FA.DATABASE.WINDOWS.NET,CentralRepository,dbo
ctsazsimicrsmas.inso1a101c37461fa.database.windows.net,EDS_BC_Common_Trans_PUB,Ariba_vw_Centralrepository_AribaRelationEntry_STG_CURR,dbo,CTSAZSIMIBCAPPS2.INSO1A101C37461FA.DATABASE.WINDOWS.NET,CentralRepository,dbo
ctsazsimicrsmas.inso1a101c37461fa.database.windows.net,EDS_BC_Common_Trans_PUB,Ariba_vw_Centralrepository_AribaRelationEntry_STG_CURR,dbo,CTSAZMIBCAPPS3.293366D454BB.DATABASE.WINDOWS.NET,CentralRepository,dbo
ctsazsimicrsmas.inso1a101c37461fa.database.windows.net,EDS_BC_Common_Trans_PUB,BCM_vw_RSMSeatAllocationDetails_STG_CURR,dbo,CTSAZSIMIPGN.INSO1A101C37461FA.DATABASE.WINDOWS.NET,CentralRepository,dbo
ctsazsimicrsmas.inso1a101c37461fa.database.windows.net,EDS_BC_Common_Trans_PUB,BCM_vw_RSMSeatAllocationDetails_STG_CURR,dbo,CTSAZSIMIPST.INSO1A101C37461FA.DATABASE.WINDOWS.NET,CentralRepository,dbo
ctsazsimicrsmas.inso1a101c37461fa.database.windows.net,EDS_BC_Common_Trans_PUB,BCM_vw_RSMSeatAllocationDetails_STG_CURR,dbo,CTSAZSIMIPTM.INSO1A101C37461FA.DATABASE.WINDOWS.NET,CentralRepository,dbo
ctsazsimicrsmas.inso1a101c37461fa.database.windows.net,EDS_BC_Common_Trans_PUB,BCM_vw_RSMSeatAllocationDetails_STG_CURR,dbo,CTSAZSIMIBCAPPS1.INSO1A101C37461FA.DATABASE.WINDOWS.NET,CentralRepository,dbo
ctsazsimicrsmas.inso1a101c37461fa.database.windows.net,EDS_BC_Common_Trans_PUB,BCM_vw_RSMSeatAllocationDetails_STG_CURR,dbo,CTSAZSIMIBCAPPS2.INSO1A101C37461FA.DATABASE.WINDOWS.NET,CentralRepository,dbo
ctsazsimicrsmas.inso1a101c37461fa.database.windows.net,EDS_BC_Common_Trans_PUB,BCM_vw_RSMSeatAllocationDetails_STG_CURR,dbo,CTSAZMIBCAPPS3.293366D454BB.DATABASE.WINDOWS.NET,CentralRepository,dbo
ctsazsimicrsmas.inso1a101c37461fa.database.windows.net,EDS_BC_Common_Trans_PUB,Beeline_CRS_WorkerDownloadData_ExceptionHandling_STG_CURR,dbo,CTSAZSIMIPGN.INSO1A101C37461FA.DATABASE.WINDOWS.NET,CentralRepository,dbo
ctsazsimicrsmas.inso1a101c37461fa.database.windows.net,EDS_BC_Common_Trans_PUB,Beeline_CRS_WorkerDownloadData_ExceptionHandling_STG_CURR,dbo,CTSAZSIMIPST.INSO1A101C37461FA.DATABASE.WINDOWS.NET,CentralRepository,dbo
ctsazsimicrsmas.inso1a101c37461fa.database.windows.net,EDS_BC_Common_Trans_PUB,Beeline_CRS_WorkerDownloadData_ExceptionHandling_STG_CURR,dbo,CTSAZSIMIPTM.INSO1A101C37461FA.DATABASE.WINDOWS.NET,CentralRepository,dbo
ctsazsimicrsmas.inso1a101c37461fa.database.windows.net,EDS_BC_Common_Trans_PUB,Beeline_CRS_WorkerDownloadData_ExceptionHandling_STG_CURR,dbo,CTSAZSIMIBCAPPS1.INSO1A101C37461FA.DATABASE.WINDOWS.NET,CentralRepository,dbo
ctsazsimicrsmas.inso1a101c37461fa.database.windows.net,EDS_BC_Common_Trans_PUB,Beeline_CRS_WorkerDownloadData_ExceptionHandling_STG_CURR,dbo,CTSAZSIMIBCAPPS2.INSO1A101C37461FA.DATABASE.WINDOWS.NET,CentralRepository,dbo
ctsazsimicrsmas.inso1a101c37461fa.database.windows.net,EDS_BC_Common_Trans_PUB,Beeline_CRS_WorkerDownloadData_ExceptionHandling_STG_CURR,dbo,CTSAZMIBCAPPS3.293366D454BB.DATABASE.WINDOWS.NET,CentralRepository,dbo
ctsazsimicrsmas.inso1a101c37461fa.database.windows.net,EDS_BC_Common_Trans_PUB,Beeline_CRS_WorkerDownloadData_Transaction_STG_HST,dbo,CTSAZSIMIPGN.INSO1A101C37461FA.DATABASE.WINDOWS.NET,CentralRepository,dbo
ctsazsimicrsmas.inso1a101c37461fa.database.windows.net,EDS_BC_Common_Trans_PUB,Beeline_CRS_WorkerDownloadData_Transaction_STG_HST,dbo,CTSAZSIMIPST.INSO1A101C37461FA.DATABASE.WINDOWS.NET,CentralRepository,dbo
ctsazsimicrsmas.inso1a101c37461fa.database.windows.net,EDS_BC_Common_Trans_PUB,Beeline_CRS_WorkerDownloadData_Transaction_STG_HST,dbo,CTSAZSIMIPTM.INSO1A101C37461FA.DATABASE.WINDOWS.NET,CentralRepository,dbo
ctsazsimicrsmas.inso1a101c37461fa.database.windows.net,EDS_BC_Common_Trans_PUB,Beeline_CRS_WorkerDownloadData_Transaction_STG_HST,dbo,CTSAZSIMIBCAPPS1.INSO1A101C37461FA.DATABASE.WINDOWS.NET,CentralRepository,dbo
ctsazsimicrsmas.inso1a101c37461fa.database.windows.net,EDS_BC_Common_Trans_PUB,Beeline_CRS_WorkerDownloadData_Transaction_STG_HST,dbo,CTSAZSIMIBCAPPS2.INSO1A101C37461FA.DATABASE.WINDOWS.NET,CentralRepository,dbo
ctsazsimicrsmas.inso1a101c37461fa.database.windows.net,EDS_BC_Common_Trans_PUB,Beeline_CRS_WorkerDownloadData_Transaction_STG_HST,dbo,CTSAZMIBCAPPS3.293366D454BB.DATABASE.WINDOWS.NET,CentralRepository,dbo
ctsazsimicrsmas.inso1a101c37461fa.database.windows.net,EDS_BC_Common_Trans_PUB,Beeline_WorkerDownloadData_STG_CURR,dbo,CTSAZSIMIPGN.INSO1A101C37461FA.DATABASE.WINDOWS.NET,CentralRepository,dbo
ctsazsimicrsmas.inso1a101c37461fa.database.windows.net,EDS_BC_Common_Trans_PUB,Beeline_WorkerDownloadData_STG_CURR,dbo,CTSAZSIMIPST.INSO1A101C37461FA.DATABASE.WINDOWS.NET,CentralRepository,dbo
ctsazsimicrsmas.inso1a101c37461fa.database.windows.net,EDS_BC_Common_Trans_PUB,Beeline_WorkerDownloadData_STG_CURR,dbo,CTSAZSIMIPTM.INSO1A101C37461FA.DATABASE.WINDOWS.NET,CentralRepository,dbo
ctsazsimicrsmas.inso1a101c37461fa.database.windows.net,EDS_BC_Common_Trans_PUB,Beeline_WorkerDownloadData_STG_CURR,dbo,CTSAZSIMIBCAPPS1.INSO1A101C37461FA.DATABASE.WINDOWS.NET,CentralRepository,dbo
ctsazsimicrsmas.inso1a101c37461fa.database.windows.net,EDS_BC_Common_Trans_PUB,Beeline_WorkerDownloadData_STG_CURR,dbo,CTSAZSIMIBCAPPS2.INSO1A101C37461FA.DATABASE.WINDOWS.NET,CentralRepository,dbo
ctsazsimicrsmas.inso1a101c37461fa.database.windows.net,EDS_BC_Common_Trans_PUB,Beeline_WorkerDownloadData_STG_CURR,dbo,CTSAZMIBCAPPS3.293366D454BB.DATABASE.WINDOWS.NET,CentralRepository,dbo
ctsazsimicrsmas.inso1a101c37461fa.database.windows.net,EDS_BC_Common_Trans_PUB,CentralRepository_Associate_Wise_Revenue_Details_MIG,dbo,CTSAZSIMIPGN.INSO1A101C37461FA.DATABASE.WINDOWS.NET,CentralRepository,dbo
ctsazsimicrsmas.inso1a101c37461fa.database.windows.net,EDS_BC_Common_Trans_PUB,CentralRepository_Associate_Wise_Revenue_Details_MIG,dbo,CTSAZSIMIPST.INSO1A101C37461FA.DATABASE.WINDOWS.NET,CentralRepository,dbo
ctsazsimicrsmas.inso1a101c37461fa.database.windows.net,EDS_BC_Common_Trans_PUB,CentralRepository_Associate_Wise_Revenue_Details_MIG,dbo,CTSAZSIMIPTM.INSO1A101C37461FA.DATABASE.WINDOWS.NET,CentralRepository,dbo
ctsazsimicrsmas.inso1a101c37461fa.database.windows.net,EDS_BC_Common_Trans_PUB,CentralRepository_Associate_Wise_Revenue_Details_MIG,dbo,CTSAZSIMIBCAPPS1.INSO1A101C37461FA.DATABASE.WINDOWS.NET,CentralRepository,dbo
ctsazsimicrsmas.inso1a101c37461fa.database.windows.net,EDS_BC_Common_Trans_PUB,CentralRepository_Associate_Wise_Revenue_Details_MIG,dbo,CTSAZSIMIBCAPPS2.INSO1A101C37461FA.DATABASE.WINDOWS.NET,CentralRepository,dbo
ctsazsimicrsmas.inso1a101c37461fa.database.windows.net,EDS_BC_Common_Trans_PUB,CentralRepository_Associate_Wise_Revenue_Details_MIG,dbo,CTSAZMIBCAPPS3.293366D454BB.DATABASE.WINDOWS.NET,CentralRepository,dbo
ctsazsimicrsmas.inso1a101c37461fa.database.windows.net,EDS_BC_Common_Trans_PUB,CentralRepository_Beeline_WorkerDownloadData_MIG,dbo,CTSAZSIMIPGN.INSO1A101C37461FA.DATABASE.WINDOWS.NET,CentralRepository,dbo
ctsazsimicrsmas.inso1a101c37461fa.database.windows.net,EDS_BC_Common_Trans_PUB,CentralRepository_Beeline_WorkerDownloadData_MIG,dbo,CTSAZSIMIPST.INSO1A101C37461FA.DATABASE.WINDOWS.NET,CentralRepository,dbo
ctsazsimicrsmas.inso1a101c37461fa.database.windows.net,EDS_BC_Common_Trans_PUB,CentralRepository_Beeline_WorkerDownloadData_MIG,dbo,CTSAZSIMIPTM.INSO1A101C37461FA.DATABASE.WINDOWS.NET,CentralRepository,dbo
ctsazsimicrsmas.inso1a101c37461fa.database.windows.net,EDS_BC_Common_Trans_PUB,CentralRepository_Beeline_WorkerDownloadData_MIG,dbo,CTSAZSIMIBCAPPS1.INSO1A101C37461FA.DATABASE.WINDOWS.NET,CentralRepository,dbo
ctsazsimicrsmas.inso1a101c37461fa.database.windows.net,EDS_BC_Common_Trans_PUB,CentralRepository_Beeline_WorkerDownloadData_MIG,dbo,CTSAZSIMIBCAPPS2.INSO1A101C37461FA.DATABASE.WINDOWS.NET,CentralRepository,dbo
ctsazsimicrsmas.inso1a101c37461fa.database.windows.net,EDS_BC_Common_Trans_PUB,CentralRepository_Beeline_WorkerDownloadData_MIG,dbo,CTSAZMIBCAPPS3.293366D454BB.DATABASE.WINDOWS.NET,CentralRepository,dbo
ctsazsimicrsmas.inso1a101c37461fa.database.windows.net,EDS_BC_Common_Trans_PUB,CentralRepository_Beeline_WorkerDownloadData_Transaction_MIG,dbo,CTSAZSIMIPGN.INSO1A101C37461FA.DATABASE.WINDOWS.NET,CentralRepository,dbo
ctsazsimicrsmas.inso1a101c37461fa.database.windows.net,EDS_BC_Common_Trans_PUB,CentralRepository_Beeline_WorkerDownloadData_Transaction_MIG,dbo,CTSAZSIMIPST.INSO1A101C37461FA.DATABASE.WINDOWS.NET,CentralRepository,dbo
ctsazsimicrsmas.inso1a101c37461fa.database.windows.net,EDS_BC_Common_Trans_PUB,CentralRepository_Beeline_WorkerDownloadData_Transaction_MIG,dbo,CTSAZSIMIPTM.INSO1A101C37461FA.DATABASE.WINDOWS.NET,CentralRepository,dbo
ctsazsimicrsmas.inso1a101c37461fa.database.windows.net,EDS_BC_Common_Trans_PUB,CentralRepository_Beeline_WorkerDownloadData_Transaction_MIG,dbo,CTSAZSIMIBCAPPS1.INSO1A101C37461FA.DATABASE.WINDOWS.NET,CentralRepository,dbo
ctsazsimicrsmas.inso1a101c37461fa.database.windows.net,EDS_BC_Common_Trans_PUB,CentralRepository_Beeline_WorkerDownloadData_Transaction_MIG,dbo,CTSAZSIMIBCAPPS2.INSO1A101C37461FA.DATABASE.WINDOWS.NET,CentralRepository,dbo
ctsazsimicrsmas.inso1a101c37461fa.database.windows.net,EDS_BC_Common_Trans_PUB,CentralRepository_Beeline_WorkerDownloadData_Transaction_MIG,dbo,CTSAZMIBCAPPS3.293366D454BB.DATABASE.WINDOWS.NET,CentralRepository,dbo
ctsazsimicrsmas.inso1a101c37461fa.database.windows.net,EDS_BC_Common_Trans_PUB,CentralRepository_BeelineWorkerDownloadData_ExceptionHandling_MIG,dbo,CTSAZSIMIPGN.INSO1A101C37461FA.DATABASE.WINDOWS.NET,CentralRepository,dbo
ctsazsimicrsmas.inso1a101c37461fa.database.windows.net,EDS_BC_Common_Trans_PUB,CentralRepository_BeelineWorkerDownloadData_ExceptionHandling_MIG,dbo,CTSAZSIMIPST.INSO1A101C37461FA.DATABASE.WINDOWS.NET,CentralRepository,dbo
ctsazsimicrsmas.inso1a101c37461fa.database.windows.net,EDS_BC_Common_Trans_PUB,CentralRepository_BeelineWorkerDownloadData_ExceptionHandling_MIG,dbo,CTSAZSIMIPTM.INSO1A101C37461FA.DATABASE.WINDOWS.NET,CentralRepository,dbo
ctsazsimicrsmas.inso1a101c37461fa.database.windows.net,EDS_BC_Common_Trans_PUB,CentralRepository_BeelineWorkerDownloadData_ExceptionHandling_MIG,dbo,CTSAZSIMIBCAPPS1.INSO1A101C37461FA.DATABASE.WINDOWS.NET,CentralRepository,dbo
ctsazsimicrsmas.inso1a101c37461fa.database.windows.net,EDS_BC_Common_Trans_PUB,CentralRepository_BeelineWorkerDownloadData_ExceptionHandling_MIG,dbo,CTSAZSIMIBCAPPS2.INSO1A101C37461FA.DATABASE.WINDOWS.NET,CentralRepository,dbo
ctsazsimicrsmas.inso1a101c37461fa.database.windows.net,EDS_BC_Common_Trans_PUB,CentralRepository_BeelineWorkerDownloadData_ExceptionHandling_MIG,dbo,CTSAZMIBCAPPS3.293366D454BB.DATABASE.WINDOWS.NET,CentralRepository,dbo
ctsazsimicrsmas.inso1a101c37461fa.database.windows.net,EDS_BC_Common_Trans_PUB,CentralRepository_Cash_collection_details_MIG,dbo,CTSAZSIMIPGN.INSO1A101C37461FA.DATABASE.WINDOWS.NET,CentralRepository,dbo
ctsazsimicrsmas.inso1a101c37461fa.database.windows.net,EDS_BC_Common_Trans_PUB,CentralRepository_Cash_collection_details_MIG,dbo,CTSAZSIMIPST.INSO1A101C37461FA.DATABASE.WINDOWS.NET,CentralRepository,dbo
ctsazsimicrsmas.inso1a101c37461fa.database.windows.net,EDS_BC_Common_Trans_PUB,CentralRepository_Cash_collection_details_MIG,dbo,CTSAZSIMIPTM.INSO1A101C37461FA.DATABASE.WINDOWS.NET,CentralRepository,dbo
ctsazsimicrsmas.inso1a101c37461fa.database.windows.net,EDS_BC_Common_Trans_PUB,CentralRepository_Cash_collection_details_MIG,dbo,CTSAZSIMIBCAPPS1.INSO1A101C37461FA.DATABASE.WINDOWS.NET,CentralRepository,dbo
ctsazsimicrsmas.inso1a101c37461fa.database.windows.net,EDS_BC_Common_Trans_PUB,CentralRepository_Cash_collection_details_MIG,dbo,CTSAZSIMIBCAPPS2.INSO1A101C37461FA.DATABASE.WINDOWS.NET,CentralRepository,dbo
ctsazsimicrsmas.inso1a101c37461fa.database.windows.net,EDS_BC_Common_Trans_PUB,CentralRepository_Cash_collection_details_MIG,dbo,CTSAZMIBCAPPS3.293366D454BB.DATABASE.WINDOWS.NET,CentralRepository,dbo
ctsazsimicrsmas.inso1a101c37461fa.database.windows.net,EDS_BC_Common_Trans_PUB,centralrepository_CforcastLogDetails_MIG,dbo,CTSAZSIMIPGN.INSO1A101C37461FA.DATABASE.WINDOWS.NET,CentralRepository,dbo
ctsazsimicrsmas.inso1a101c37461fa.database.windows.net,EDS_BC_Common_Trans_PUB,centralrepository_CforcastLogDetails_MIG,dbo,CTSAZSIMIPST.INSO1A101C37461FA.DATABASE.WINDOWS.NET,CentralRepository,dbo
ctsazsimicrsmas.inso1a101c37461fa.database.windows.net,EDS_BC_Common_Trans_PUB,centralrepository_CforcastLogDetails_MIG,dbo,CTSAZSIMIPTM.INSO1A101C37461FA.DATABASE.WINDOWS.NET,CentralRepository,dbo
ctsazsimicrsmas.inso1a101c37461fa.database.windows.net,EDS_BC_Common_Trans_PUB,centralrepository_CforcastLogDetails_MIG,dbo,CTSAZSIMIBCAPPS1.INSO1A101C37461FA.DATABASE.WINDOWS.NET,CentralRepository,dbo
ctsazsimicrsmas.inso1a101c37461fa.database.windows.net,EDS_BC_Common_Trans_PUB,centralrepository_CforcastLogDetails_MIG,dbo,CTSAZSIMIBCAPPS2.INSO1A101C37461FA.DATABASE.WINDOWS.NET,CentralRepository,dbo
ctsazsimicrsmas.inso1a101c37461fa.database.windows.net,EDS_BC_Common_Trans_PUB,centralrepository_CforcastLogDetails_MIG,dbo,CTSAZMIBCAPPS3.293366D454BB.DATABASE.WINDOWS.NET,CentralRepository,dbo
ctsazsimicrsmas.inso1a101c37461fa.database.windows.net,EDS_BC_Common_Trans_PUB,Centralrepository_Chronus_ReverseFeedData_MIG,dbo,CTSAZSIMIPGN.INSO1A101C37461FA.DATABASE.WINDOWS.NET,CentralRepository,dbo
ctsazsimicrsmas.inso1a101c37461fa.database.windows.net,EDS_BC_Common_Trans_PUB,Centralrepository_Chronus_ReverseFeedData_MIG,dbo,CTSAZSIMIPST.INSO1A101C37461FA.DATABASE.WINDOWS.NET,CentralRepository,dbo
ctsazsimicrsmas.inso1a101c37461fa.database.windows.net,EDS_BC_Common_Trans_PUB,Centralrepository_Chronus_ReverseFeedData_MIG,dbo,CTSAZSIMIPTM.INSO1A101C37461FA.DATABASE.WINDOWS.NET,CentralRepository,dbo
ctsazsimicrsmas.inso1a101c37461fa.database.windows.net,EDS_BC_Common_Trans_PUB,Centralrepository_Chronus_ReverseFeedData_MIG,dbo,CTSAZSIMIBCAPPS1.INSO1A101C37461FA.DATABASE.WINDOWS.NET,CentralRepository,dbo
ctsazsimicrsmas.inso1a101c37461fa.database.windows.net,EDS_BC_Common_Trans_PUB,Centralrepository_Chronus_ReverseFeedData_MIG,dbo,CTSAZSIMIBCAPPS2.INSO1A101C37461FA.DATABASE.WINDOWS.NET,CentralRepository,dbo
ctsazsimicrsmas.inso1a101c37461fa.database.windows.net,EDS_BC_Common_Trans_PUB,Centralrepository_Chronus_ReverseFeedData_MIG,dbo,CTSAZMIBCAPPS3.293366D454BB.DATABASE.WINDOWS.NET,CentralRepository,dbo
ctsazsimicrsmas.inso1a101c37461fa.database.windows.net,EDS_BC_Common_Trans_PUB,CentralRepository_Currency_Details_MIG,dbo,CTSAZSIMIPGN.INSO1A101C37461FA.DATABASE.WINDOWS.NET,CentralRepository,dbo
ctsazsimicrsmas.inso1a101c37461fa.database.windows.net,EDS_BC_Common_Trans_PUB,CentralRepository_Currency_Details_MIG,dbo,CTSAZSIMIPST.INSO1A101C37461FA.DATABASE.WINDOWS.NET,CentralRepository,dbo
ctsazsimicrsmas.inso1a101c37461fa.database.windows.net,EDS_BC_Common_Trans_PUB,CentralRepository_Currency_Details_MIG,dbo,CTSAZSIMIPTM.INSO1A101C37461FA.DATABASE.WINDOWS.NET,CentralRepository,dbo
ctsazsimicrsmas.inso1a101c37461fa.database.windows.net,EDS_BC_Common_Trans_PUB,CentralRepository_Currency_Details_MIG,dbo,CTSAZSIMIBCAPPS1.INSO1A101C37461FA.DATABASE.WINDOWS.NET,CentralRepository,dbo
ctsazsimicrsmas.inso1a101c37461fa.database.windows.net,EDS_BC_Common_Trans_PUB,CentralRepository_Currency_Details_MIG,dbo,CTSAZSIMIBCAPPS2.INSO1A101C37461FA.DATABASE.WINDOWS.NET,CentralRepository,dbo
ctsazsimicrsmas.inso1a101c37461fa.database.windows.net,EDS_BC_Common_Trans_PUB,CentralRepository_Currency_Details_MIG,dbo,CTSAZMIBCAPPS3.293366D454BB.DATABASE.WINDOWS.NET,CentralRepository,dbo
ctsazsimicrsmas.inso1a101c37461fa.database.windows.net,EDS_BC_Common_Trans_PUB,CentralRepository_EAM_LeaveMaster_MIG,dbo,CTSAZSIMIPGN.INSO1A101C37461FA.DATABASE.WINDOWS.NET,CentralRepository,dbo
ctsazsimicrsmas.inso1a101c37461fa.database.windows.net,EDS_BC_Common_Trans_PUB,CentralRepository_EAM_LeaveMaster_MIG,dbo,CTSAZSIMIPST.INSO1A101C37461FA.DATABASE.WINDOWS.NET,CentralRepository,dbo
ctsazsimicrsmas.inso1a101c37461fa.database.windows.net,EDS_BC_Common_Trans_PUB,CentralRepository_EAM_LeaveMaster_MIG,dbo,CTSAZSIMIPTM.INSO1A101C37461FA.DATABASE.WINDOWS.NET,CentralRepository,dbo
ctsazsimicrsmas.inso1a101c37461fa.database.windows.net,EDS_BC_Common_Trans_PUB,CentralRepository_EAM_LeaveMaster_MIG,dbo,CTSAZSIMIBCAPPS1.INSO1A101C37461FA.DATABASE.WINDOWS.NET,CentralRepository,dbo
ctsazsimicrsmas.inso1a101c37461fa.database.windows.net,EDS_BC_Common_Trans_PUB,CentralRepository_EAM_LeaveMaster_MIG,dbo,CTSAZSIMIBCAPPS2.INSO1A101C37461FA.DATABASE.WINDOWS.NET,CentralRepository,dbo
ctsazsimicrsmas.inso1a101c37461fa.database.windows.net,EDS_BC_Common_Trans_PUB,CentralRepository_EAM_LeaveMaster_MIG,dbo,CTSAZMIBCAPPS3.293366D454BB.DATABASE.WINDOWS.NET,CentralRepository,dbo
ctsazsimicrsmas.inso1a101c37461fa.database.windows.net,EDS_BC_Common_Trans_PUB,CentralRepository_EmergencyContact_MIG,dbo,CTSAZSIMIPGN.INSO1A101C37461FA.DATABASE.WINDOWS.NET,CentralRepository,dbo
ctsazsimicrsmas.inso1a101c37461fa.database.windows.net,EDS_BC_Common_Trans_PUB,CentralRepository_EmergencyContact_MIG,dbo,CTSAZSIMIPST.INSO1A101C37461FA.DATABASE.WINDOWS.NET,CentralRepository,dbo
ctsazsimicrsmas.inso1a101c37461fa.database.windows.net,EDS_BC_Common_Trans_PUB,CentralRepository_EmergencyContact_MIG,dbo,CTSAZSIMIPTM.INSO1A101C37461FA.DATABASE.WINDOWS.NET,CentralRepository,dbo
ctsazsimicrsmas.inso1a101c37461fa.database.windows.net,EDS_BC_Common_Trans_PUB,CentralRepository_EmergencyContact_MIG,dbo,CTSAZSIMIBCAPPS1.INSO1A101C37461FA.DATABASE.WINDOWS.NET,CentralRepository,dbo
ctsazsimicrsmas.inso1a101c37461fa.database.windows.net,EDS_BC_Common_Trans_PUB,CentralRepository_EmergencyContact_MIG,dbo,CTSAZSIMIBCAPPS2.INSO1A101C37461FA.DATABASE.WINDOWS.NET,CentralRepository,dbo
ctsazsimicrsmas.inso1a101c37461fa.database.windows.net,EDS_BC_Common_Trans_PUB,CentralRepository_EmergencyContact_MIG,dbo,CTSAZMIBCAPPS3.293366D454BB.DATABASE.WINDOWS.NET,CentralRepository,dbo
ctsazsimicrsmas.inso1a101c37461fa.database.windows.net,EDS_BC_Common_Trans_PUB,CentralRepository_Entity_Details_MIG,dbo,CTSAZSIMIPGN.INSO1A101C37461FA.DATABASE.WINDOWS.NET,CentralRepository,dbo
ctsazsimicrsmas.inso1a101c37461fa.database.windows.net,EDS_BC_Common_Trans_PUB,CentralRepository_Entity_Details_MIG,dbo,CTSAZSIMIPST.INSO1A101C37461FA.DATABASE.WINDOWS.NET,CentralRepository,dbo
ctsazsimicrsmas.inso1a101c37461fa.database.windows.net,EDS_BC_Common_Trans_PUB,CentralRepository_Entity_Details_MIG,dbo,CTSAZSIMIPTM.INSO1A101C37461FA.DATABASE.WINDOWS.NET,CentralRepository,dbo
ctsazsimicrsmas.inso1a101c37461fa.database.windows.net,EDS_BC_Common_Trans_PUB,CentralRepository_Entity_Details_MIG,dbo,CTSAZSIMIBCAPPS1.INSO1A101C37461FA.DATABASE.WINDOWS.NET,CentralRepository,dbo
ctsazsimicrsmas.inso1a101c37461fa.database.windows.net,EDS_BC_Common_Trans_PUB,CentralRepository_Entity_Details_MIG,dbo,CTSAZSIMIBCAPPS2.INSO1A101C37461FA.DATABASE.WINDOWS.NET,CentralRepository,dbo
ctsazsimicrsmas.inso1a101c37461fa.database.windows.net,EDS_BC_Common_Trans_PUB,CentralRepository_Entity_Details_MIG,dbo,CTSAZMIBCAPPS3.293366D454BB.DATABASE.WINDOWS.NET,CentralRepository,dbo
ctsazsimicrsmas.inso1a101c37461fa.database.windows.net,EDS_BC_Common_Trans_PUB,CentralRepository_ESA_GradesData_MIG,dbo,CTSAZSIMIPGN.INSO1A101C37461FA.DATABASE.WINDOWS.NET,CentralRepository,dbo
ctsazsimicrsmas.inso1a101c37461fa.database.windows.net,EDS_BC_Common_Trans_PUB,CentralRepository_ESA_GradesData_MIG,dbo,CTSAZSIMIPST.INSO1A101C37461FA.DATABASE.WINDOWS.NET,CentralRepository,dbo
ctsazsimicrsmas.inso1a101c37461fa.database.windows.net,EDS_BC_Common_Trans_PUB,CentralRepository_ESA_GradesData_MIG,dbo,CTSAZSIMIPTM.INSO1A101C37461FA.DATABASE.WINDOWS.NET,CentralRepository,dbo
ctsazsimicrsmas.inso1a101c37461fa.database.windows.net,EDS_BC_Common_Trans_PUB,CentralRepository_ESA_GradesData_MIG,dbo,CTSAZSIMIBCAPPS1.INSO1A101C37461FA.DATABASE.WINDOWS.NET,CentralRepository,dbo
ctsazsimicrsmas.inso1a101c37461fa.database.windows.net,EDS_BC_Common_Trans_PUB,CentralRepository_ESA_GradesData_MIG,dbo,CTSAZSIMIBCAPPS2.INSO1A101C37461FA.DATABASE.WINDOWS.NET,CentralRepository,dbo
ctsazsimicrsmas.inso1a101c37461fa.database.windows.net,EDS_BC_Common_Trans_PUB,CentralRepository_ESA_GradesData_MIG,dbo,CTSAZMIBCAPPS3.293366D454BB.DATABASE.WINDOWS.NET,CentralRepository,dbo
ctsazsimicrsmas.inso1a101c37461fa.database.windows.net,EDS_BC_Common_Trans_PUB,CentralRepository_ESA_ProjectIdentifier_MIG,dbo,CTSAZSIMIPGN.INSO1A101C37461FA.DATABASE.WINDOWS.NET,CentralRepository,dbo
ctsazsimicrsmas.inso1a101c37461fa.database.windows.net,EDS_BC_Common_Trans_PUB,CentralRepository_ESA_ProjectIdentifier_MIG,dbo,CTSAZSIMIPST.INSO1A101C37461FA.DATABASE.WINDOWS.NET,CentralRepository,dbo
ctsazsimicrsmas.inso1a101c37461fa.database.windows.net,EDS_BC_Common_Trans_PUB,CentralRepository_ESA_ProjectIdentifier_MIG,dbo,CTSAZSIMIPTM.INSO1A101C37461FA.DATABASE.WINDOWS.NET,CentralRepository,dbo
ctsazsimicrsmas.inso1a101c37461fa.database.windows.net,EDS_BC_Common_Trans_PUB,CentralRepository_ESA_ProjectIdentifier_MIG,dbo,CTSAZSIMIBCAPPS1.INSO1A101C37461FA.DATABASE.WINDOWS.NET,CentralRepository,dbo
ctsazsimicrsmas.inso1a101c37461fa.database.windows.net,EDS_BC_Common_Trans_PUB,CentralRepository_ESA_ProjectIdentifier_MIG,dbo,CTSAZSIMIBCAPPS2.INSO1A101C37461FA.DATABASE.WINDOWS.NET,CentralRepository,dbo
ctsazsimicrsmas.inso1a101c37461fa.database.windows.net,EDS_BC_Common_Trans_PUB,CentralRepository_ESA_ProjectIdentifier_MIG,dbo,CTSAZMIBCAPPS3.293366D454BB.DATABASE.WINDOWS.NET,CentralRepository,dbo
ctsazsimicrsmas.inso1a101c37461fa.database.windows.net,EDS_BC_Common_Trans_PUB,CentralRepository_EstablishmentMaster_MIG,dbo,CTSAZSIMIPGN.INSO1A101C37461FA.DATABASE.WINDOWS.NET,CentralRepository,dbo
ctsazsimicrsmas.inso1a101c37461fa.database.windows.net,EDS_BC_Common_Trans_PUB,CentralRepository_EstablishmentMaster_MIG,dbo,CTSAZSIMIPST.INSO1A101C37461FA.DATABASE.WINDOWS.NET,CentralRepository,dbo
ctsazsimicrsmas.inso1a101c37461fa.database.windows.net,EDS_BC_Common_Trans_PUB,CentralRepository_EstablishmentMaster_MIG,dbo,CTSAZSIMIPTM.INSO1A101C37461FA.DATABASE.WINDOWS.NET,CentralRepository,dbo
ctsazsimicrsmas.inso1a101c37461fa.database.windows.net,EDS_BC_Common_Trans_PUB,CentralRepository_EstablishmentMaster_MIG,dbo,CTSAZSIMIBCAPPS1.INSO1A101C37461FA.DATABASE.WINDOWS.NET,CentralRepository,dbo
ctsazsimicrsmas.inso1a101c37461fa.database.windows.net,EDS_BC_Common_Trans_PUB,CentralRepository_EstablishmentMaster_MIG,dbo,CTSAZSIMIBCAPPS2.INSO1A101C37461FA.DATABASE.WINDOWS.NET,CentralRepository,dbo
ctsazsimicrsmas.inso1a101c37461fa.database.windows.net,EDS_BC_Common_Trans_PUB,CentralRepository_EstablishmentMaster_MIG,dbo,CTSAZMIBCAPPS3.293366D454BB.DATABASE.WINDOWS.NET,CentralRepository,dbo
ctsazsimicrsmas.inso1a101c37461fa.database.windows.net,EDS_BC_Common_Trans_PUB,CentralRepository_FBD_contract_details_MIG,dbo,CTSAZSIMIPGN.INSO1A101C37461FA.DATABASE.WINDOWS.NET,CentralRepository,dbo
ctsazsimicrsmas.inso1a101c37461fa.database.windows.net,EDS_BC_Common_Trans_PUB,CentralRepository_FBD_contract_details_MIG,dbo,CTSAZSIMIPST.INSO1A101C37461FA.DATABASE.WINDOWS.NET,CentralRepository,dbo
ctsazsimicrsmas.inso1a101c37461fa.database.windows.net,EDS_BC_Common_Trans_PUB,CentralRepository_FBD_contract_details_MIG,dbo,CTSAZSIMIPTM.INSO1A101C37461FA.DATABASE.WINDOWS.NET,CentralRepository,dbo
ctsazsimicrsmas.inso1a101c37461fa.database.windows.net,EDS_BC_Common_Trans_PUB,CentralRepository_FBD_contract_details_MIG,dbo,CTSAZSIMIBCAPPS1.INSO1A101C37461FA.DATABASE.WINDOWS.NET,CentralRepository,dbo
ctsazsimicrsmas.inso1a101c37461fa.database.windows.net,EDS_BC_Common_Trans_PUB,CentralRepository_FBD_contract_details_MIG,dbo,CTSAZSIMIBCAPPS2.INSO1A101C37461FA.DATABASE.WINDOWS.NET,CentralRepository,dbo
ctsazsimicrsmas.inso1a101c37461fa.database.windows.net,EDS_BC_Common_Trans_PUB,CentralRepository_FBD_contract_details_MIG,dbo,CTSAZMIBCAPPS3.293366D454BB.DATABASE.WINDOWS.NET,CentralRepository,dbo
ctsazsimicrsmas.inso1a101c37461fa.database.windows.net,EDS_BC_Common_Trans_PUB,CentralRepository_Fixed_Bid_Revenue_forecast_report_Mig,dbo,CTSAZSIMIPGN.INSO1A101C37461FA.DATABASE.WINDOWS.NET,CentralRepository,dbo
ctsazsimicrsmas.inso1a101c37461fa.database.windows.net,EDS_BC_Common_Trans_PUB,CentralRepository_Fixed_Bid_Revenue_forecast_report_Mig,dbo,CTSAZSIMIPST.INSO1A101C37461FA.DATABASE.WINDOWS.NET,CentralRepository,dbo
ctsazsimicrsmas.inso1a101c37461fa.database.windows.net,EDS_BC_Common_Trans_PUB,CentralRepository_Fixed_Bid_Revenue_forecast_report_Mig,dbo,CTSAZSIMIPTM.INSO1A101C37461FA.DATABASE.WINDOWS.NET,CentralRepository,dbo
ctsazsimicrsmas.inso1a101c37461fa.database.windows.net,EDS_BC_Common_Trans_PUB,CentralRepository_Fixed_Bid_Revenue_forecast_report_Mig,dbo,CTSAZSIMIBCAPPS1.INSO1A101C37461FA.DATABASE.WINDOWS.NET,CentralRepository,dbo
ctsazsimicrsmas.inso1a101c37461fa.database.windows.net,EDS_BC_Common_Trans_PUB,CentralRepository_Fixed_Bid_Revenue_forecast_report_Mig,dbo,CTSAZSIMIBCAPPS2.INSO1A101C37461FA.DATABASE.WINDOWS.NET,CentralRepository,dbo
ctsazsimicrsmas.inso1a101c37461fa.database.windows.net,EDS_BC_Common_Trans_PUB,CentralRepository_Fixed_Bid_Revenue_forecast_report_Mig,dbo,CTSAZMIBCAPPS3.293366D454BB.DATABASE.WINDOWS.NET,CentralRepository,dbo
ctsazsimicrsmas.inso1a101c37461fa.database.windows.net,EDS_BC_Common_Trans_PUB,Centralrepository_ForecastFBD_CRS_MIG,dbo,CTSAZSIMIPGN.INSO1A101C37461FA.DATABASE.WINDOWS.NET,CentralRepository,dbo
ctsazsimicrsmas.inso1a101c37461fa.database.windows.net,EDS_BC_Common_Trans_PUB,Centralrepository_ForecastFBD_CRS_MIG,dbo,CTSAZSIMIPST.INSO1A101C37461FA.DATABASE.WINDOWS.NET,CentralRepository,dbo
ctsazsimicrsmas.inso1a101c37461fa.database.windows.net,EDS_BC_Common_Trans_PUB,Centralrepository_ForecastFBD_CRS_MIG,dbo,CTSAZSIMIPTM.INSO1A101C37461FA.DATABASE.WINDOWS.NET,CentralRepository,dbo
ctsazsimicrsmas.inso1a101c37461fa.database.windows.net,EDS_BC_Common_Trans_PUB,Centralrepository_ForecastFBD_CRS_MIG,dbo,CTSAZSIMIBCAPPS1.INSO1A101C37461FA.DATABASE.WINDOWS.NET,CentralRepository,dbo
ctsazsimicrsmas.inso1a101c37461fa.database.windows.net,EDS_BC_Common_Trans_PUB,Centralrepository_ForecastFBD_CRS_MIG,dbo,CTSAZSIMIBCAPPS2.INSO1A101C37461FA.DATABASE.WINDOWS.NET,CentralRepository,dbo
ctsazsimicrsmas.inso1a101c37461fa.database.windows.net,EDS_BC_Common_Trans_PUB,Centralrepository_ForecastFBD_CRS_MIG,dbo,CTSAZMIBCAPPS3.293366D454BB.DATABASE.WINDOWS.NET,CentralRepository,dbo
ctsazsimicrsmas.inso1a101c37461fa.database.windows.net,EDS_BC_Common_Trans_PUB,CentralRepository_HCM_Associate_School_Data_MIG,dbo,CTSAZSIMIPGN.INSO1A101C37461FA.DATABASE.WINDOWS.NET,CentralRepository,dbo
ctsazsimicrsmas.inso1a101c37461fa.database.windows.net,EDS_BC_Common_Trans_PUB,CentralRepository_HCM_Associate_School_Data_MIG,dbo,CTSAZSIMIPST.INSO1A101C37461FA.DATABASE.WINDOWS.NET,CentralRepository,dbo
ctsazsimicrsmas.inso1a101c37461fa.database.windows.net,EDS_BC_Common_Trans_PUB,CentralRepository_HCM_Associate_School_Data_MIG,dbo,CTSAZSIMIPTM.INSO1A101C37461FA.DATABASE.WINDOWS.NET,CentralRepository,dbo
ctsazsimicrsmas.inso1a101c37461fa.database.windows.net,EDS_BC_Common_Trans_PUB,CentralRepository_HCM_Associate_School_Data_MIG,dbo,CTSAZSIMIBCAPPS1.INSO1A101C37461FA.DATABASE.WINDOWS.NET,CentralRepository,dbo
ctsazsimicrsmas.inso1a101c37461fa.database.windows.net,EDS_BC_Common_Trans_PUB,CentralRepository_HCM_Associate_School_Data_MIG,dbo,CTSAZSIMIBCAPPS2.INSO1A101C37461FA.DATABASE.WINDOWS.NET,CentralRepository,dbo
ctsazsimicrsmas.inso1a101c37461fa.database.windows.net,EDS_BC_Common_Trans_PUB,CentralRepository_HCM_Associate_School_Data_MIG,dbo,CTSAZMIBCAPPS3.293366D454BB.DATABASE.WINDOWS.NET,CentralRepository,dbo
ctsazsimicrsmas.inso1a101c37461fa.database.windows.net,EDS_BC_Common_Trans_PUB,Centralrepository_HCM_AssociateExitinterviewData_mig,dbo,CTSAZSIMIPGN.INSO1A101C37461FA.DATABASE.WINDOWS.NET,CentralRepository,dbo
ctsazsimicrsmas.inso1a101c37461fa.database.windows.net,EDS_BC_Common_Trans_PUB,Centralrepository_HCM_AssociateExitinterviewData_mig,dbo,CTSAZSIMIPST.INSO1A101C37461FA.DATABASE.WINDOWS.NET,CentralRepository,dbo
ctsazsimicrsmas.inso1a101c37461fa.database.windows.net,EDS_BC_Common_Trans_PUB,Centralrepository_HCM_AssociateExitinterviewData_mig,dbo,CTSAZSIMIPTM.INSO1A101C37461FA.DATABASE.WINDOWS.NET,CentralRepository,dbo
ctsazsimicrsmas.inso1a101c37461fa.database.windows.net,EDS_BC_Common_Trans_PUB,Centralrepository_HCM_AssociateExitinterviewData_mig,dbo,CTSAZSIMIBCAPPS1.INSO1A101C37461FA.DATABASE.WINDOWS.NET,CentralRepository,dbo
ctsazsimicrsmas.inso1a101c37461fa.database.windows.net,EDS_BC_Common_Trans_PUB,Centralrepository_HCM_AssociateExitinterviewData_mig,dbo,CTSAZSIMIBCAPPS2.INSO1A101C37461FA.DATABASE.WINDOWS.NET,CentralRepository,dbo
ctsazsimicrsmas.inso1a101c37461fa.database.windows.net,EDS_BC_Common_Trans_PUB,Centralrepository_HCM_AssociateExitinterviewData_mig,dbo,CTSAZMIBCAPPS3.293366D454BB.DATABASE.WINDOWS.NET,CentralRepository,dbo
ctsazsimicrsmas.inso1a101c37461fa.database.windows.net,EDS_BC_Common_Trans_PUB,CentralRepository_HCM_Currencycode_Mig,dbo,CTSAZSIMIPGN.INSO1A101C37461FA.DATABASE.WINDOWS.NET,CentralRepository,dbo
ctsazsimicrsmas.inso1a101c37461fa.database.windows.net,EDS_BC_Common_Trans_PUB,CentralRepository_HCM_Currencycode_Mig,dbo,CTSAZSIMIPST.INSO1A101C37461FA.DATABASE.WINDOWS.NET,CentralRepository,dbo
ctsazsimicrsmas.inso1a101c37461fa.database.windows.net,EDS_BC_Common_Trans_PUB,CentralRepository_HCM_Currencycode_Mig,dbo,CTSAZSIMIPTM.INSO1A101C37461FA.DATABASE.WINDOWS.NET,CentralRepository,dbo
ctsazsimicrsmas.inso1a101c37461fa.database.windows.net,EDS_BC_Common_Trans_PUB,CentralRepository_HCM_Currencycode_Mig,dbo,CTSAZSIMIBCAPPS1.INSO1A101C37461FA.DATABASE.WINDOWS.NET,CentralRepository,dbo
ctsazsimicrsmas.inso1a101c37461fa.database.windows.net,EDS_BC_Common_Trans_PUB,CentralRepository_HCM_Currencycode_Mig,dbo,CTSAZSIMIBCAPPS2.INSO1A101C37461FA.DATABASE.WINDOWS.NET,CentralRepository,dbo
ctsazsimicrsmas.inso1a101c37461fa.database.windows.net,EDS_BC_Common_Trans_PUB,CentralRepository_HCM_Currencycode_Mig,dbo,CTSAZMIBCAPPS3.293366D454BB.DATABASE.WINDOWS.NET,CentralRepository,dbo
ctsazsimicrsmas.inso1a101c37461fa.database.windows.net,EDS_BC_Common_Trans_PUB,CentralRepository_HCM_DirectDepositApprovalStatus_MIG,dbo,CTSAZSIMIPGN.INSO1A101C37461FA.DATABASE.WINDOWS.NET,CentralRepository,dbo
ctsazsimicrsmas.inso1a101c37461fa.database.windows.net,EDS_BC_Common_Trans_PUB,CentralRepository_HCM_DirectDepositApprovalStatus_MIG,dbo,CTSAZSIMIPST.INSO1A101C37461FA.DATABASE.WINDOWS.NET,CentralRepository,dbo
ctsazsimicrsmas.inso1a101c37461fa.database.windows.net,EDS_BC_Common_Trans_PUB,CentralRepository_HCM_DirectDepositApprovalStatus_MIG,dbo,CTSAZSIMIPTM.INSO1A101C37461FA.DATABASE.WINDOWS.NET,CentralRepository,dbo
ctsazsimicrsmas.inso1a101c37461fa.database.windows.net,EDS_BC_Common_Trans_PUB,CentralRepository_HCM_DirectDepositApprovalStatus_MIG,dbo,CTSAZSIMIBCAPPS1.INSO1A101C37461FA.DATABASE.WINDOWS.NET,CentralRepository,dbo
ctsazsimicrsmas.inso1a101c37461fa.database.windows.net,EDS_BC_Common_Trans_PUB,CentralRepository_HCM_DirectDepositApprovalStatus_MIG,dbo,CTSAZSIMIBCAPPS2.INSO1A101C37461FA.DATABASE.WINDOWS.NET,CentralRepository,dbo
ctsazsimicrsmas.inso1a101c37461fa.database.windows.net,EDS_BC_Common_Trans_PUB,CentralRepository_HCM_DirectDepositApprovalStatus_MIG,dbo,CTSAZMIBCAPPS3.293366D454BB.DATABASE.WINDOWS.NET,CentralRepository,dbo
ctsazsimicrsmas.inso1a101c37461fa.database.windows.net,EDS_BC_Common_Trans_PUB,CentralRepository_HCM_ExitInterview_MIG,dbo,CTSAZSIMIPGN.INSO1A101C37461FA.DATABASE.WINDOWS.NET,CentralRepository,dbo
ctsazsimicrsmas.inso1a101c37461fa.database.windows.net,EDS_BC_Common_Trans_PUB,CentralRepository_HCM_ExitInterview_MIG,dbo,CTSAZSIMIPST.INSO1A101C37461FA.DATABASE.WINDOWS.NET,CentralRepository,dbo
ctsazsimicrsmas.inso1a101c37461fa.database.windows.net,EDS_BC_Common_Trans_PUB,CentralRepository_HCM_ExitInterview_MIG,dbo,CTSAZSIMIPTM.INSO1A101C37461FA.DATABASE.WINDOWS.NET,CentralRepository,dbo
ctsazsimicrsmas.inso1a101c37461fa.database.windows.net,EDS_BC_Common_Trans_PUB,CentralRepository_HCM_ExitInterview_MIG,dbo,CTSAZSIMIBCAPPS1.INSO1A101C37461FA.DATABASE.WINDOWS.NET,CentralRepository,dbo
ctsazsimicrsmas.inso1a101c37461fa.database.windows.net,EDS_BC_Common_Trans_PUB,CentralRepository_HCM_ExitInterview_MIG,dbo,CTSAZSIMIBCAPPS2.INSO1A101C37461FA.DATABASE.WINDOWS.NET,CentralRepository,dbo
ctsazsimicrsmas.inso1a101c37461fa.database.windows.net,EDS_BC_Common_Trans_PUB,CentralRepository_HCM_ExitInterview_MIG,dbo,CTSAZMIBCAPPS3.293366D454BB.DATABASE.WINDOWS.NET,CentralRepository,dbo
ctsazsimicrsmas.inso1a101c37461fa.database.windows.net,EDS_BC_Common_Trans_PUB,CentralRepository_HCM_Frequency_MIG,dbo,CTSAZSIMIPGN.INSO1A101C37461FA.DATABASE.WINDOWS.NET,CentralRepository,dbo
ctsazsimicrsmas.inso1a101c37461fa.database.windows.net,EDS_BC_Common_Trans_PUB,CentralRepository_HCM_Frequency_MIG,dbo,CTSAZSIMIPST.INSO1A101C37461FA.DATABASE.WINDOWS.NET,CentralRepository,dbo
ctsazsimicrsmas.inso1a101c37461fa.database.windows.net,EDS_BC_Common_Trans_PUB,CentralRepository_HCM_Frequency_MIG,dbo,CTSAZSIMIPTM.INSO1A101C37461FA.DATABASE.WINDOWS.NET,CentralRepository,dbo
ctsazsimicrsmas.inso1a101c37461fa.database.windows.net,EDS_BC_Common_Trans_PUB,CentralRepository_HCM_Frequency_MIG,dbo,CTSAZSIMIBCAPPS1.INSO1A101C37461FA.DATABASE.WINDOWS.NET,CentralRepository,dbo
ctsazsimicrsmas.inso1a101c37461fa.database.windows.net,EDS_BC_Common_Trans_PUB,CentralRepository_HCM_Frequency_MIG,dbo,CTSAZSIMIBCAPPS2.INSO1A101C37461FA.DATABASE.WINDOWS.NET,CentralRepository,dbo
ctsazsimicrsmas.inso1a101c37461fa.database.windows.net,EDS_BC_Common_Trans_PUB,CentralRepository_HCM_Frequency_MIG,dbo,CTSAZMIBCAPPS3.293366D454BB.DATABASE.WINDOWS.NET,CentralRepository,dbo
ctsazsimicrsmas.inso1a101c37461fa.database.windows.net,EDS_BC_Common_Trans_PUB,CentralRepository_HCM_Localtax_MIG,dbo,CTSAZSIMIPGN.INSO1A101C37461FA.DATABASE.WINDOWS.NET,CentralRepository,dbo
ctsazsimicrsmas.inso1a101c37461fa.database.windows.net,EDS_BC_Common_Trans_PUB,CentralRepository_HCM_Localtax_MIG,dbo,CTSAZSIMIPST.INSO1A101C37461FA.DATABASE.WINDOWS.NET,CentralRepository,dbo
ctsazsimicrsmas.inso1a101c37461fa.database.windows.net,EDS_BC_Common_Trans_PUB,CentralRepository_HCM_Localtax_MIG,dbo,CTSAZSIMIPTM.INSO1A101C37461FA.DATABASE.WINDOWS.NET,CentralRepository,dbo
ctsazsimicrsmas.inso1a101c37461fa.database.windows.net,EDS_BC_Common_Trans_PUB,CentralRepository_HCM_Localtax_MIG,dbo,CTSAZSIMIBCAPPS1.INSO1A101C37461FA.DATABASE.WINDOWS.NET,CentralRepository,dbo
ctsazsimicrsmas.inso1a101c37461fa.database.windows.net,EDS_BC_Common_Trans_PUB,CentralRepository_HCM_Localtax_MIG,dbo,CTSAZSIMIBCAPPS2.INSO1A101C37461FA.DATABASE.WINDOWS.NET,CentralRepository,dbo
ctsazsimicrsmas.inso1a101c37461fa.database.windows.net,EDS_BC_Common_Trans_PUB,CentralRepository_HCM_Localtax_MIG,dbo,CTSAZMIBCAPPS3.293366D454BB.DATABASE.WINDOWS.NET,CentralRepository,dbo
ctsazsimicrsmas.inso1a101c37461fa.database.windows.net,EDS_BC_Common_Trans_PUB,CentralRepository_HCM_Offerlettercontentdetails_MIG,dbo,CTSAZSIMIPGN.INSO1A101C37461FA.DATABASE.WINDOWS.NET,CentralRepository,dbo
ctsazsimicrsmas.inso1a101c37461fa.database.windows.net,EDS_BC_Common_Trans_PUB,CentralRepository_HCM_Offerlettercontentdetails_MIG,dbo,CTSAZSIMIPST.INSO1A101C37461FA.DATABASE.WINDOWS.NET,CentralRepository,dbo
ctsazsimicrsmas.inso1a101c37461fa.database.windows.net,EDS_BC_Common_Trans_PUB,CentralRepository_HCM_Offerlettercontentdetails_MIG,dbo,CTSAZSIMIPTM.INSO1A101C37461FA.DATABASE.WINDOWS.NET,CentralRepository,dbo
ctsazsimicrsmas.inso1a101c37461fa.database.windows.net,EDS_BC_Common_Trans_PUB,CentralRepository_HCM_Offerlettercontentdetails_MIG,dbo,CTSAZSIMIBCAPPS1.INSO1A101C37461FA.DATABASE.WINDOWS.NET,CentralRepository,dbo
ctsazsimicrsmas.inso1a101c37461fa.database.windows.net,EDS_BC_Common_Trans_PUB,CentralRepository_HCM_Offerlettercontentdetails_MIG,dbo,CTSAZSIMIBCAPPS2.INSO1A101C37461FA.DATABASE.WINDOWS.NET,CentralRepository,dbo
ctsazsimicrsmas.inso1a101c37461fa.database.windows.net,EDS_BC_Common_Trans_PUB,CentralRepository_HCM_Offerlettercontentdetails_MIG,dbo,CTSAZMIBCAPPS3.293366D454BB.DATABASE.WINDOWS.NET,CentralRepository,dbo
ctsazsimicrsmas.inso1a101c37461fa.database.windows.net,EDS_BC_Common_Trans_PUB,CentralRepository_HCM_ProjectPOC_mig,dbo,CTSAZSIMIPGN.INSO1A101C37461FA.DATABASE.WINDOWS.NET,CentralRepository,dbo
ctsazsimicrsmas.inso1a101c37461fa.database.windows.net,EDS_BC_Common_Trans_PUB,CentralRepository_HCM_ProjectPOC_mig,dbo,CTSAZSIMIPST.INSO1A101C37461FA.DATABASE.WINDOWS.NET,CentralRepository,dbo
ctsazsimicrsmas.inso1a101c37461fa.database.windows.net,EDS_BC_Common_Trans_PUB,CentralRepository_HCM_ProjectPOC_mig,dbo,CTSAZSIMIPTM.INSO1A101C37461FA.DATABASE.WINDOWS.NET,CentralRepository,dbo
ctsazsimicrsmas.inso1a101c37461fa.database.windows.net,EDS_BC_Common_Trans_PUB,CentralRepository_HCM_ProjectPOC_mig,dbo,CTSAZSIMIBCAPPS1.INSO1A101C37461FA.DATABASE.WINDOWS.NET,CentralRepository,dbo
ctsazsimicrsmas.inso1a101c37461fa.database.windows.net,EDS_BC_Common_Trans_PUB,CentralRepository_HCM_ProjectPOC_mig,dbo,CTSAZSIMIBCAPPS2.INSO1A101C37461FA.DATABASE.WINDOWS.NET,CentralRepository,dbo
ctsazsimicrsmas.inso1a101c37461fa.database.windows.net,EDS_BC_Common_Trans_PUB,CentralRepository_HCM_ProjectPOC_mig,dbo,CTSAZMIBCAPPS3.293366D454BB.DATABASE.WINDOWS.NET,CentralRepository,dbo
ctsazsimicrsmas.inso1a101c37461fa.database.windows.net,EDS_BC_Common_Trans_PUB,CentralRepository_HCM_ResignationReasonDetails_MIG,dbo,CTSAZSIMIPGN.INSO1A101C37461FA.DATABASE.WINDOWS.NET,CentralRepository,dbo
ctsazsimicrsmas.inso1a101c37461fa.database.windows.net,EDS_BC_Common_Trans_PUB,CentralRepository_HCM_ResignationReasonDetails_MIG,dbo,CTSAZSIMIPST.INSO1A101C37461FA.DATABASE.WINDOWS.NET,CentralRepository,dbo
ctsazsimicrsmas.inso1a101c37461fa.database.windows.net,EDS_BC_Common_Trans_PUB,CentralRepository_HCM_ResignationReasonDetails_MIG,dbo,CTSAZSIMIPTM.INSO1A101C37461FA.DATABASE.WINDOWS.NET,CentralRepository,dbo
ctsazsimicrsmas.inso1a101c37461fa.database.windows.net,EDS_BC_Common_Trans_PUB,CentralRepository_HCM_ResignationReasonDetails_MIG,dbo,CTSAZSIMIBCAPPS1.INSO1A101C37461FA.DATABASE.WINDOWS.NET,CentralRepository,dbo
ctsazsimicrsmas.inso1a101c37461fa.database.windows.net,EDS_BC_Common_Trans_PUB,CentralRepository_HCM_ResignationReasonDetails_MIG,dbo,CTSAZSIMIBCAPPS2.INSO1A101C37461FA.DATABASE.WINDOWS.NET,CentralRepository,dbo
ctsazsimicrsmas.inso1a101c37461fa.database.windows.net,EDS_BC_Common_Trans_PUB,CentralRepository_HCM_ResignationReasonDetails_MIG,dbo,CTSAZMIBCAPPS3.293366D454BB.DATABASE.WINDOWS.NET,CentralRepository,dbo
ctsazsimicrsmas.inso1a101c37461fa.database.windows.net,EDS_BC_Common_Trans_PUB,CentralRepository_HCM_Salaryplan_MIG,dbo,CTSAZSIMIPGN.INSO1A101C37461FA.DATABASE.WINDOWS.NET,CentralRepository,dbo
ctsazsimicrsmas.inso1a101c37461fa.database.windows.net,EDS_BC_Common_Trans_PUB,CentralRepository_HCM_Salaryplan_MIG,dbo,CTSAZSIMIPST.INSO1A101C37461FA.DATABASE.WINDOWS.NET,CentralRepository,dbo
ctsazsimicrsmas.inso1a101c37461fa.database.windows.net,EDS_BC_Common_Trans_PUB,CentralRepository_HCM_Salaryplan_MIG,dbo,CTSAZSIMIPTM.INSO1A101C37461FA.DATABASE.WINDOWS.NET,CentralRepository,dbo
ctsazsimicrsmas.inso1a101c37461fa.database.windows.net,EDS_BC_Common_Trans_PUB,CentralRepository_HCM_Salaryplan_MIG,dbo,CTSAZSIMIBCAPPS1.INSO1A101C37461FA.DATABASE.WINDOWS.NET,CentralRepository,dbo
ctsazsimicrsmas.inso1a101c37461fa.database.windows.net,EDS_BC_Common_Trans_PUB,CentralRepository_HCM_Salaryplan_MIG,dbo,CTSAZSIMIBCAPPS2.INSO1A101C37461FA.DATABASE.WINDOWS.NET,CentralRepository,dbo
ctsazsimicrsmas.inso1a101c37461fa.database.windows.net,EDS_BC_Common_Trans_PUB,CentralRepository_HCM_Salaryplan_MIG,dbo,CTSAZMIBCAPPS3.293366D454BB.DATABASE.WINDOWS.NET,CentralRepository,dbo
ctsazsimicrsmas.inso1a101c37461fa.database.windows.net,EDS_BC_Common_Trans_PUB,Centralrepository_HCM_USAssociateDetailsHistory_MIG,dbo,CTSAZSIMIPGN.INSO1A101C37461FA.DATABASE.WINDOWS.NET,CentralRepository,dbo
ctsazsimicrsmas.inso1a101c37461fa.database.windows.net,EDS_BC_Common_Trans_PUB,Centralrepository_HCM_USAssociateDetailsHistory_MIG,dbo,CTSAZSIMIPST.INSO1A101C37461FA.DATABASE.WINDOWS.NET,CentralRepository,dbo
ctsazsimicrsmas.inso1a101c37461fa.database.windows.net,EDS_BC_Common_Trans_PUB,Centralrepository_HCM_USAssociateDetailsHistory_MIG,dbo,CTSAZSIMIPTM.INSO1A101C37461FA.DATABASE.WINDOWS.NET,CentralRepository,dbo
ctsazsimicrsmas.inso1a101c37461fa.database.windows.net,EDS_BC_Common_Trans_PUB,Centralrepository_HCM_USAssociateDetailsHistory_MIG,dbo,CTSAZSIMIBCAPPS1.INSO1A101C37461FA.DATABASE.WINDOWS.NET,CentralRepository,dbo
ctsazsimicrsmas.inso1a101c37461fa.database.windows.net,EDS_BC_Common_Trans_PUB,Centralrepository_HCM_USAssociateDetailsHistory_MIG,dbo,CTSAZSIMIBCAPPS2.INSO1A101C37461FA.DATABASE.WINDOWS.NET,CentralRepository,dbo
ctsazsimicrsmas.inso1a101c37461fa.database.windows.net,EDS_BC_Common_Trans_PUB,Centralrepository_HCM_USAssociateDetailsHistory_MIG,dbo,CTSAZMIBCAPPS3.293366D454BB.DATABASE.WINDOWS.NET,CentralRepository,dbo
ctsazsimicrsmas.inso1a101c37461fa.database.windows.net,EDS_BC_Common_Trans_PUB,CentralRepository_HCM_USDatedetails_MIG,dbo,CTSAZSIMIPGN.INSO1A101C37461FA.DATABASE.WINDOWS.NET,CentralRepository,dbo
ctsazsimicrsmas.inso1a101c37461fa.database.windows.net,EDS_BC_Common_Trans_PUB,CentralRepository_HCM_USDatedetails_MIG,dbo,CTSAZSIMIPST.INSO1A101C37461FA.DATABASE.WINDOWS.NET,CentralRepository,dbo
ctsazsimicrsmas.inso1a101c37461fa.database.windows.net,EDS_BC_Common_Trans_PUB,CentralRepository_HCM_USDatedetails_MIG,dbo,CTSAZSIMIPTM.INSO1A101C37461FA.DATABASE.WINDOWS.NET,CentralRepository,dbo
ctsazsimicrsmas.inso1a101c37461fa.database.windows.net,EDS_BC_Common_Trans_PUB,CentralRepository_HCM_USDatedetails_MIG,dbo,CTSAZSIMIBCAPPS1.INSO1A101C37461FA.DATABASE.WINDOWS.NET,CentralRepository,dbo
ctsazsimicrsmas.inso1a101c37461fa.database.windows.net,EDS_BC_Common_Trans_PUB,CentralRepository_HCM_USDatedetails_MIG,dbo,CTSAZSIMIBCAPPS2.INSO1A101C37461FA.DATABASE.WINDOWS.NET,CentralRepository,dbo
ctsazsimicrsmas.inso1a101c37461fa.database.windows.net,EDS_BC_Common_Trans_PUB,CentralRepository_HCM_USDatedetails_MIG,dbo,CTSAZMIBCAPPS3.293366D454BB.DATABASE.WINDOWS.NET,CentralRepository,dbo
ctsazsimicrsmas.inso1a101c37461fa.database.windows.net,EDS_BC_Common_Trans_PUB,CentralRepository_HCM_VacationLeaveBalance_MIG,dbo,CTSAZSIMIPGN.INSO1A101C37461FA.DATABASE.WINDOWS.NET,CentralRepository,dbo
ctsazsimicrsmas.inso1a101c37461fa.database.windows.net,EDS_BC_Common_Trans_PUB,CentralRepository_HCM_VacationLeaveBalance_MIG,dbo,CTSAZSIMIPST.INSO1A101C37461FA.DATABASE.WINDOWS.NET,CentralRepository,dbo
ctsazsimicrsmas.inso1a101c37461fa.database.windows.net,EDS_BC_Common_Trans_PUB,CentralRepository_HCM_VacationLeaveBalance_MIG,dbo,CTSAZSIMIPTM.INSO1A101C37461FA.DATABASE.WINDOWS.NET,CentralRepository,dbo
ctsazsimicrsmas.inso1a101c37461fa.database.windows.net,EDS_BC_Common_Trans_PUB,CentralRepository_HCM_VacationLeaveBalance_MIG,dbo,CTSAZSIMIBCAPPS1.INSO1A101C37461FA.DATABASE.WINDOWS.NET,CentralRepository,dbo
ctsazsimicrsmas.inso1a101c37461fa.database.windows.net,EDS_BC_Common_Trans_PUB,CentralRepository_HCM_VacationLeaveBalance_MIG,dbo,CTSAZSIMIBCAPPS2.INSO1A101C37461FA.DATABASE.WINDOWS.NET,CentralRepository,dbo
ctsazsimicrsmas.inso1a101c37461fa.database.windows.net,EDS_BC_Common_Trans_PUB,CentralRepository_HCM_VacationLeaveBalance_MIG,dbo,CTSAZMIBCAPPS3.293366D454BB.DATABASE.WINDOWS.NET,CentralRepository,dbo
ctsazsimicrsmas.inso1a101c37461fa.database.windows.net,EDS_BC_Common_Trans_PUB,CentralRepository_HCM_Workaddress_MIG,dbo,CTSAZSIMIPGN.INSO1A101C37461FA.DATABASE.WINDOWS.NET,CentralRepository,dbo
ctsazsimicrsmas.inso1a101c37461fa.database.windows.net,EDS_BC_Common_Trans_PUB,CentralRepository_HCM_Workaddress_MIG,dbo,CTSAZSIMIPST.INSO1A101C37461FA.DATABASE.WINDOWS.NET,CentralRepository,dbo
ctsazsimicrsmas.inso1a101c37461fa.database.windows.net,EDS_BC_Common_Trans_PUB,CentralRepository_HCM_Workaddress_MIG,dbo,CTSAZSIMIPTM.INSO1A101C37461FA.DATABASE.WINDOWS.NET,CentralRepository,dbo
ctsazsimicrsmas.inso1a101c37461fa.database.windows.net,EDS_BC_Common_Trans_PUB,CentralRepository_HCM_Workaddress_MIG,dbo,CTSAZSIMIBCAPPS1.INSO1A101C37461FA.DATABASE.WINDOWS.NET,CentralRepository,dbo
ctsazsimicrsmas.inso1a101c37461fa.database.windows.net,EDS_BC_Common_Trans_PUB,CentralRepository_HCM_Workaddress_MIG,dbo,CTSAZSIMIBCAPPS2.INSO1A101C37461FA.DATABASE.WINDOWS.NET,CentralRepository,dbo
ctsazsimicrsmas.inso1a101c37461fa.database.windows.net,EDS_BC_Common_Trans_PUB,CentralRepository_HCM_Workaddress_MIG,dbo,CTSAZMIBCAPPS3.293366D454BB.DATABASE.WINDOWS.NET,CentralRepository,dbo
ctsazsimicrsmas.inso1a101c37461fa.database.windows.net,EDS_BC_Common_Trans_PUB,CentralRepository_JOB_DELETED_Reference_MIG,dbo,CTSAZSIMIPGN.INSO1A101C37461FA.DATABASE.WINDOWS.NET,CentralRepository,dbo
ctsazsimicrsmas.inso1a101c37461fa.database.windows.net,EDS_BC_Common_Trans_PUB,CentralRepository_JOB_DELETED_Reference_MIG,dbo,CTSAZSIMIPST.INSO1A101C37461FA.DATABASE.WINDOWS.NET,CentralRepository,dbo
ctsazsimicrsmas.inso1a101c37461fa.database.windows.net,EDS_BC_Common_Trans_PUB,CentralRepository_JOB_DELETED_Reference_MIG,dbo,CTSAZSIMIPTM.INSO1A101C37461FA.DATABASE.WINDOWS.NET,CentralRepository,dbo
ctsazsimicrsmas.inso1a101c37461fa.database.windows.net,EDS_BC_Common_Trans_PUB,CentralRepository_JOB_DELETED_Reference_MIG,dbo,CTSAZSIMIBCAPPS1.INSO1A101C37461FA.DATABASE.WINDOWS.NET,CentralRepository,dbo
ctsazsimicrsmas.inso1a101c37461fa.database.windows.net,EDS_BC_Common_Trans_PUB,CentralRepository_JOB_DELETED_Reference_MIG,dbo,CTSAZSIMIBCAPPS2.INSO1A101C37461FA.DATABASE.WINDOWS.NET,CentralRepository,dbo
ctsazsimicrsmas.inso1a101c37461fa.database.windows.net,EDS_BC_Common_Trans_PUB,CentralRepository_JOB_DELETED_Reference_MIG,dbo,CTSAZMIBCAPPS3.293366D454BB.DATABASE.WINDOWS.NET,CentralRepository,dbo
ctsazsimicrsmas.inso1a101c37461fa.database.windows.net,EDS_BC_Common_Trans_PUB,CentralRepository_NAPayroll_NRADetails_MIG,dbo,CTSAZSIMIPGN.INSO1A101C37461FA.DATABASE.WINDOWS.NET,CentralRepository,dbo
ctsazsimicrsmas.inso1a101c37461fa.database.windows.net,EDS_BC_Common_Trans_PUB,CentralRepository_NAPayroll_NRADetails_MIG,dbo,CTSAZSIMIPST.INSO1A101C37461FA.DATABASE.WINDOWS.NET,CentralRepository,dbo
ctsazsimicrsmas.inso1a101c37461fa.database.windows.net,EDS_BC_Common_Trans_PUB,CentralRepository_NAPayroll_NRADetails_MIG,dbo,CTSAZSIMIPTM.INSO1A101C37461FA.DATABASE.WINDOWS.NET,CentralRepository,dbo
ctsazsimicrsmas.inso1a101c37461fa.database.windows.net,EDS_BC_Common_Trans_PUB,CentralRepository_NAPayroll_NRADetails_MIG,dbo,CTSAZSIMIBCAPPS1.INSO1A101C37461FA.DATABASE.WINDOWS.NET,CentralRepository,dbo
ctsazsimicrsmas.inso1a101c37461fa.database.windows.net,EDS_BC_Common_Trans_PUB,CentralRepository_NAPayroll_NRADetails_MIG,dbo,CTSAZSIMIBCAPPS2.INSO1A101C37461FA.DATABASE.WINDOWS.NET,CentralRepository,dbo
ctsazsimicrsmas.inso1a101c37461fa.database.windows.net,EDS_BC_Common_Trans_PUB,CentralRepository_NAPayroll_NRADetails_MIG,dbo,CTSAZMIBCAPPS3.293366D454BB.DATABASE.WINDOWS.NET,CentralRepository,dbo
ctsazsimicrsmas.inso1a101c37461fa.database.windows.net,EDS_BC_Common_Trans_PUB,Centralrepository_OnboardingCandidateId_MIG,dbo,CTSAZSIMIPGN.INSO1A101C37461FA.DATABASE.WINDOWS.NET,CentralRepository,dbo
ctsazsimicrsmas.inso1a101c37461fa.database.windows.net,EDS_BC_Common_Trans_PUB,Centralrepository_OnboardingCandidateId_MIG,dbo,CTSAZSIMIPST.INSO1A101C37461FA.DATABASE.WINDOWS.NET,CentralRepository,dbo
ctsazsimicrsmas.inso1a101c37461fa.database.windows.net,EDS_BC_Common_Trans_PUB,Centralrepository_OnboardingCandidateId_MIG,dbo,CTSAZSIMIPTM.INSO1A101C37461FA.DATABASE.WINDOWS.NET,CentralRepository,dbo
ctsazsimicrsmas.inso1a101c37461fa.database.windows.net,EDS_BC_Common_Trans_PUB,Centralrepository_OnboardingCandidateId_MIG,dbo,CTSAZSIMIBCAPPS1.INSO1A101C37461FA.DATABASE.WINDOWS.NET,CentralRepository,dbo
ctsazsimicrsmas.inso1a101c37461fa.database.windows.net,EDS_BC_Common_Trans_PUB,Centralrepository_OnboardingCandidateId_MIG,dbo,CTSAZSIMIBCAPPS2.INSO1A101C37461FA.DATABASE.WINDOWS.NET,CentralRepository,dbo
ctsazsimicrsmas.inso1a101c37461fa.database.windows.net,EDS_BC_Common_Trans_PUB,Centralrepository_OnboardingCandidateId_MIG,dbo,CTSAZMIBCAPPS3.293366D454BB.DATABASE.WINDOWS.NET,CentralRepository,dbo
ctsazsimicrsmas.inso1a101c37461fa.database.windows.net,EDS_BC_Common_Trans_PUB,CentralRepository_PRISM_Unbilledageing_mig,dbo,CTSAZSIMIPGN.INSO1A101C37461FA.DATABASE.WINDOWS.NET,CentralRepository,dbo
ctsazsimicrsmas.inso1a101c37461fa.database.windows.net,EDS_BC_Common_Trans_PUB,CentralRepository_PRISM_Unbilledageing_mig,dbo,CTSAZSIMIPST.INSO1A101C37461FA.DATABASE.WINDOWS.NET,CentralRepository,dbo
ctsazsimicrsmas.inso1a101c37461fa.database.windows.net,EDS_BC_Common_Trans_PUB,CentralRepository_PRISM_Unbilledageing_mig,dbo,CTSAZSIMIPTM.INSO1A101C37461FA.DATABASE.WINDOWS.NET,CentralRepository,dbo
ctsazsimicrsmas.inso1a101c37461fa.database.windows.net,EDS_BC_Common_Trans_PUB,CentralRepository_PRISM_Unbilledageing_mig,dbo,CTSAZSIMIBCAPPS1.INSO1A101C37461FA.DATABASE.WINDOWS.NET,CentralRepository,dbo
ctsazsimicrsmas.inso1a101c37461fa.database.windows.net,EDS_BC_Common_Trans_PUB,CentralRepository_PRISM_Unbilledageing_mig,dbo,CTSAZSIMIBCAPPS2.INSO1A101C37461FA.DATABASE.WINDOWS.NET,CentralRepository,dbo
ctsazsimicrsmas.inso1a101c37461fa.database.windows.net,EDS_BC_Common_Trans_PUB,CentralRepository_PRISM_Unbilledageing_mig,dbo,CTSAZMIBCAPPS3.293366D454BB.DATABASE.WINDOWS.NET,CentralRepository,dbo
ctsazsimicrsmas.inso1a101c37461fa.database.windows.net,EDS_BC_Common_Trans_PUB,CentralRepository_ProjectEntity_Mapping_details_Mig,dbo,CTSAZSIMIPGN.INSO1A101C37461FA.DATABASE.WINDOWS.NET,CentralRepository,dbo
ctsazsimicrsmas.inso1a101c37461fa.database.windows.net,EDS_BC_Common_Trans_PUB,CentralRepository_ProjectEntity_Mapping_details_Mig,dbo,CTSAZSIMIPST.INSO1A101C37461FA.DATABASE.WINDOWS.NET,CentralRepository,dbo
ctsazsimicrsmas.inso1a101c37461fa.database.windows.net,EDS_BC_Common_Trans_PUB,CentralRepository_ProjectEntity_Mapping_details_Mig,dbo,CTSAZSIMIPTM.INSO1A101C37461FA.DATABASE.WINDOWS.NET,CentralRepository,dbo
ctsazsimicrsmas.inso1a101c37461fa.database.windows.net,EDS_BC_Common_Trans_PUB,CentralRepository_ProjectEntity_Mapping_details_Mig,dbo,CTSAZSIMIBCAPPS1.INSO1A101C37461FA.DATABASE.WINDOWS.NET,CentralRepository,dbo
ctsazsimicrsmas.inso1a101c37461fa.database.windows.net,EDS_BC_Common_Trans_PUB,CentralRepository_ProjectEntity_Mapping_details_Mig,dbo,CTSAZSIMIBCAPPS2.INSO1A101C37461FA.DATABASE.WINDOWS.NET,CentralRepository,dbo
ctsazsimicrsmas.inso1a101c37461fa.database.windows.net,EDS_BC_Common_Trans_PUB,CentralRepository_ProjectEntity_Mapping_details_Mig,dbo,CTSAZMIBCAPPS3.293366D454BB.DATABASE.WINDOWS.NET,CentralRepository,dbo
ctsazsimicrsmas.inso1a101c37461fa.database.windows.net,EDS_BC_Common_Trans_PUB,CentralRepository_ProjectRequest_details_MIG,dbo,CTSAZSIMIPGN.INSO1A101C37461FA.DATABASE.WINDOWS.NET,CentralRepository,dbo
ctsazsimicrsmas.inso1a101c37461fa.database.windows.net,EDS_BC_Common_Trans_PUB,CentralRepository_ProjectRequest_details_MIG,dbo,CTSAZSIMIPST.INSO1A101C37461FA.DATABASE.WINDOWS.NET,CentralRepository,dbo
ctsazsimicrsmas.inso1a101c37461fa.database.windows.net,EDS_BC_Common_Trans_PUB,CentralRepository_ProjectRequest_details_MIG,dbo,CTSAZSIMIPTM.INSO1A101C37461FA.DATABASE.WINDOWS.NET,CentralRepository,dbo
ctsazsimicrsmas.inso1a101c37461fa.database.windows.net,EDS_BC_Common_Trans_PUB,CentralRepository_ProjectRequest_details_MIG,dbo,CTSAZSIMIBCAPPS1.INSO1A101C37461FA.DATABASE.WINDOWS.NET,CentralRepository,dbo
ctsazsimicrsmas.inso1a101c37461fa.database.windows.net,EDS_BC_Common_Trans_PUB,CentralRepository_ProjectRequest_details_MIG,dbo,CTSAZSIMIBCAPPS2.INSO1A101C37461FA.DATABASE.WINDOWS.NET,CentralRepository,dbo
ctsazsimicrsmas.inso1a101c37461fa.database.windows.net,EDS_BC_Common_Trans_PUB,CentralRepository_ProjectRequest_details_MIG,dbo,CTSAZMIBCAPPS3.293366D454BB.DATABASE.WINDOWS.NET,CentralRepository,dbo
ctsazsimicrsmas.inso1a101c37461fa.database.windows.net,EDS_BC_Common_Trans_PUB,CentralRepository_Rate_Master_MIG,dbo,CTSAZSIMIPGN.INSO1A101C37461FA.DATABASE.WINDOWS.NET,CentralRepository,dbo
ctsazsimicrsmas.inso1a101c37461fa.database.windows.net,EDS_BC_Common_Trans_PUB,CentralRepository_Rate_Master_MIG,dbo,CTSAZSIMIPST.INSO1A101C37461FA.DATABASE.WINDOWS.NET,CentralRepository,dbo
ctsazsimicrsmas.inso1a101c37461fa.database.windows.net,EDS_BC_Common_Trans_PUB,CentralRepository_Rate_Master_MIG,dbo,CTSAZSIMIPTM.INSO1A101C37461FA.DATABASE.WINDOWS.NET,CentralRepository,dbo
ctsazsimicrsmas.inso1a101c37461fa.database.windows.net,EDS_BC_Common_Trans_PUB,CentralRepository_Rate_Master_MIG,dbo,CTSAZSIMIBCAPPS1.INSO1A101C37461FA.DATABASE.WINDOWS.NET,CentralRepository,dbo
ctsazsimicrsmas.inso1a101c37461fa.database.windows.net,EDS_BC_Common_Trans_PUB,CentralRepository_Rate_Master_MIG,dbo,CTSAZSIMIBCAPPS2.INSO1A101C37461FA.DATABASE.WINDOWS.NET,CentralRepository,dbo
ctsazsimicrsmas.inso1a101c37461fa.database.windows.net,EDS_BC_Common_Trans_PUB,CentralRepository_Rate_Master_MIG,dbo,CTSAZMIBCAPPS3.293366D454BB.DATABASE.WINDOWS.NET,CentralRepository,dbo
ctsazsimicrsmas.inso1a101c37461fa.database.windows.net,EDS_BC_Common_Trans_PUB,CentralRepository_RateSetTrans_MIG,dbo,CTSAZSIMIPGN.INSO1A101C37461FA.DATABASE.WINDOWS.NET,CentralRepository,dbo
ctsazsimicrsmas.inso1a101c37461fa.database.windows.net,EDS_BC_Common_Trans_PUB,CentralRepository_RateSetTrans_MIG,dbo,CTSAZSIMIPST.INSO1A101C37461FA.DATABASE.WINDOWS.NET,CentralRepository,dbo
ctsazsimicrsmas.inso1a101c37461fa.database.windows.net,EDS_BC_Common_Trans_PUB,CentralRepository_RateSetTrans_MIG,dbo,CTSAZSIMIPTM.INSO1A101C37461FA.DATABASE.WINDOWS.NET,CentralRepository,dbo
ctsazsimicrsmas.inso1a101c37461fa.database.windows.net,EDS_BC_Common_Trans_PUB,CentralRepository_RateSetTrans_MIG,dbo,CTSAZSIMIBCAPPS1.INSO1A101C37461FA.DATABASE.WINDOWS.NET,CentralRepository,dbo
ctsazsimicrsmas.inso1a101c37461fa.database.windows.net,EDS_BC_Common_Trans_PUB,CentralRepository_RateSetTrans_MIG,dbo,CTSAZSIMIBCAPPS2.INSO1A101C37461FA.DATABASE.WINDOWS.NET,CentralRepository,dbo
ctsazsimicrsmas.inso1a101c37461fa.database.windows.net,EDS_BC_Common_Trans_PUB,CentralRepository_RateSetTrans_MIG,dbo,CTSAZMIBCAPPS3.293366D454BB.DATABASE.WINDOWS.NET,CentralRepository,dbo
ctsazsimicrsmas.inso1a101c37461fa.database.windows.net,EDS_BC_Common_Trans_PUB,CentralRepository_Revenue_Details_MIG,dbo,CTSAZSIMIPGN.INSO1A101C37461FA.DATABASE.WINDOWS.NET,CentralRepository,dbo
ctsazsimicrsmas.inso1a101c37461fa.database.windows.net,EDS_BC_Common_Trans_PUB,CentralRepository_Revenue_Details_MIG,dbo,CTSAZSIMIPST.INSO1A101C37461FA.DATABASE.WINDOWS.NET,CentralRepository,dbo
ctsazsimicrsmas.inso1a101c37461fa.database.windows.net,EDS_BC_Common_Trans_PUB,CentralRepository_Revenue_Details_MIG,dbo,CTSAZSIMIPTM.INSO1A101C37461FA.DATABASE.WINDOWS.NET,CentralRepository,dbo
ctsazsimicrsmas.inso1a101c37461fa.database.windows.net,EDS_BC_Common_Trans_PUB,CentralRepository_Revenue_Details_MIG,dbo,CTSAZSIMIBCAPPS1.INSO1A101C37461FA.DATABASE.WINDOWS.NET,CentralRepository,dbo
ctsazsimicrsmas.inso1a101c37461fa.database.windows.net,EDS_BC_Common_Trans_PUB,CentralRepository_Revenue_Details_MIG,dbo,CTSAZSIMIBCAPPS2.INSO1A101C37461FA.DATABASE.WINDOWS.NET,CentralRepository,dbo
ctsazsimicrsmas.inso1a101c37461fa.database.windows.net,EDS_BC_Common_Trans_PUB,CentralRepository_Revenue_Details_MIG,dbo,CTSAZMIBCAPPS3.293366D454BB.DATABASE.WINDOWS.NET,CentralRepository,dbo
ctsazsimicrsmas.inso1a101c37461fa.database.windows.net,EDS_BC_Common_Trans_PUB,CentralRepository_RHMS_Customer_Market_MIG,dbo,CTSAZSIMIPGN.INSO1A101C37461FA.DATABASE.WINDOWS.NET,CentralRepository,dbo
ctsazsimicrsmas.inso1a101c37461fa.database.windows.net,EDS_BC_Common_Trans_PUB,CentralRepository_RHMS_Customer_Market_MIG,dbo,CTSAZSIMIPST.INSO1A101C37461FA.DATABASE.WINDOWS.NET,CentralRepository,dbo
ctsazsimicrsmas.inso1a101c37461fa.database.windows.net,EDS_BC_Common_Trans_PUB,CentralRepository_RHMS_Customer_Market_MIG,dbo,CTSAZSIMIPTM.INSO1A101C37461FA.DATABASE.WINDOWS.NET,CentralRepository,dbo
ctsazsimicrsmas.inso1a101c37461fa.database.windows.net,EDS_BC_Common_Trans_PUB,CentralRepository_RHMS_Customer_Market_MIG,dbo,CTSAZSIMIBCAPPS1.INSO1A101C37461FA.DATABASE.WINDOWS.NET,CentralRepository,dbo
ctsazsimicrsmas.inso1a101c37461fa.database.windows.net,EDS_BC_Common_Trans_PUB,CentralRepository_RHMS_Customer_Market_MIG,dbo,CTSAZSIMIBCAPPS2.INSO1A101C37461FA.DATABASE.WINDOWS.NET,CentralRepository,dbo
ctsazsimicrsmas.inso1a101c37461fa.database.windows.net,EDS_BC_Common_Trans_PUB,CentralRepository_RHMS_Customer_Market_MIG,dbo,CTSAZMIBCAPPS3.293366D454BB.DATABASE.WINDOWS.NET,CentralRepository,dbo
ctsazsimicrsmas.inso1a101c37461fa.database.windows.net,EDS_BC_Common_Trans_PUB,CentralRepository_RHMS_IndustrySegment_MIG,dbo,CTSAZSIMIPGN.INSO1A101C37461FA.DATABASE.WINDOWS.NET,CentralRepository,dbo
ctsazsimicrsmas.inso1a101c37461fa.database.windows.net,EDS_BC_Common_Trans_PUB,CentralRepository_RHMS_IndustrySegment_MIG,dbo,CTSAZSIMIPST.INSO1A101C37461FA.DATABASE.WINDOWS.NET,CentralRepository,dbo
ctsazsimicrsmas.inso1a101c37461fa.database.windows.net,EDS_BC_Common_Trans_PUB,CentralRepository_RHMS_IndustrySegment_MIG,dbo,CTSAZSIMIPTM.INSO1A101C37461FA.DATABASE.WINDOWS.NET,CentralRepository,dbo
ctsazsimicrsmas.inso1a101c37461fa.database.windows.net,EDS_BC_Common_Trans_PUB,CentralRepository_RHMS_IndustrySegment_MIG,dbo,CTSAZSIMIBCAPPS1.INSO1A101C37461FA.DATABASE.WINDOWS.NET,CentralRepository,dbo
ctsazsimicrsmas.inso1a101c37461fa.database.windows.net,EDS_BC_Common_Trans_PUB,CentralRepository_RHMS_IndustrySegment_MIG,dbo,CTSAZSIMIBCAPPS2.INSO1A101C37461FA.DATABASE.WINDOWS.NET,CentralRepository,dbo
ctsazsimicrsmas.inso1a101c37461fa.database.windows.net,EDS_BC_Common_Trans_PUB,CentralRepository_RHMS_IndustrySegment_MIG,dbo,CTSAZMIBCAPPS3.293366D454BB.DATABASE.WINDOWS.NET,CentralRepository,dbo
ctsazsimicrsmas.inso1a101c37461fa.database.windows.net,EDS_BC_Common_Trans_PUB,CentralRepository_RHMS_PracticeArea_Master_MIG,dbo,CTSAZSIMIPGN.INSO1A101C37461FA.DATABASE.WINDOWS.NET,CentralRepository,dbo
ctsazsimicrsmas.inso1a101c37461fa.database.windows.net,EDS_BC_Common_Trans_PUB,CentralRepository_RHMS_PracticeArea_Master_MIG,dbo,CTSAZSIMIPST.INSO1A101C37461FA.DATABASE.WINDOWS.NET,CentralRepository,dbo
ctsazsimicrsmas.inso1a101c37461fa.database.windows.net,EDS_BC_Common_Trans_PUB,CentralRepository_RHMS_PracticeArea_Master_MIG,dbo,CTSAZSIMIPTM.INSO1A101C37461FA.DATABASE.WINDOWS.NET,CentralRepository,dbo
ctsazsimicrsmas.inso1a101c37461fa.database.windows.net,EDS_BC_Common_Trans_PUB,CentralRepository_RHMS_PracticeArea_Master_MIG,dbo,CTSAZSIMIBCAPPS1.INSO1A101C37461FA.DATABASE.WINDOWS.NET,CentralRepository,dbo
ctsazsimicrsmas.inso1a101c37461fa.database.windows.net,EDS_BC_Common_Trans_PUB,CentralRepository_RHMS_PracticeArea_Master_MIG,dbo,CTSAZSIMIBCAPPS2.INSO1A101C37461FA.DATABASE.WINDOWS.NET,CentralRepository,dbo
ctsazsimicrsmas.inso1a101c37461fa.database.windows.net,EDS_BC_Common_Trans_PUB,CentralRepository_RHMS_PracticeArea_Master_MIG,dbo,CTSAZMIBCAPPS3.293366D454BB.DATABASE.WINDOWS.NET,CentralRepository,dbo
ctsazsimicrsmas.inso1a101c37461fa.database.windows.net,EDS_BC_Common_Trans_PUB,CentralRepository_RHMS_SensitiveRoleDetails_MIG,dbo,CTSAZSIMIPGN.INSO1A101C37461FA.DATABASE.WINDOWS.NET,CentralRepository,dbo
ctsazsimicrsmas.inso1a101c37461fa.database.windows.net,EDS_BC_Common_Trans_PUB,CentralRepository_RHMS_SensitiveRoleDetails_MIG,dbo,CTSAZSIMIPST.INSO1A101C37461FA.DATABASE.WINDOWS.NET,CentralRepository,dbo
ctsazsimicrsmas.inso1a101c37461fa.database.windows.net,EDS_BC_Common_Trans_PUB,CentralRepository_RHMS_SensitiveRoleDetails_MIG,dbo,CTSAZSIMIPTM.INSO1A101C37461FA.DATABASE.WINDOWS.NET,CentralRepository,dbo
ctsazsimicrsmas.inso1a101c37461fa.database.windows.net,EDS_BC_Common_Trans_PUB,CentralRepository_RHMS_SensitiveRoleDetails_MIG,dbo,CTSAZSIMIBCAPPS1.INSO1A101C37461FA.DATABASE.WINDOWS.NET,CentralRepository,dbo
ctsazsimicrsmas.inso1a101c37461fa.database.windows.net,EDS_BC_Common_Trans_PUB,CentralRepository_RHMS_SensitiveRoleDetails_MIG,dbo,CTSAZSIMIBCAPPS2.INSO1A101C37461FA.DATABASE.WINDOWS.NET,CentralRepository,dbo
ctsazsimicrsmas.inso1a101c37461fa.database.windows.net,EDS_BC_Common_Trans_PUB,CentralRepository_RHMS_SensitiveRoleDetails_MIG,dbo,CTSAZMIBCAPPS3.293366D454BB.DATABASE.WINDOWS.NET,CentralRepository,dbo
ctsazsimicrsmas.inso1a101c37461fa.database.windows.net,EDS_BC_Common_Trans_PUB,CentralRepository_RHMS_ServiceLine_Master_MIG,dbo,CTSAZSIMIPGN.INSO1A101C37461FA.DATABASE.WINDOWS.NET,CentralRepository,dbo
ctsazsimicrsmas.inso1a101c37461fa.database.windows.net,EDS_BC_Common_Trans_PUB,CentralRepository_RHMS_ServiceLine_Master_MIG,dbo,CTSAZSIMIPST.INSO1A101C37461FA.DATABASE.WINDOWS.NET,CentralRepository,dbo
ctsazsimicrsmas.inso1a101c37461fa.database.windows.net,EDS_BC_Common_Trans_PUB,CentralRepository_RHMS_ServiceLine_Master_MIG,dbo,CTSAZSIMIPTM.INSO1A101C37461FA.DATABASE.WINDOWS.NET,CentralRepository,dbo
ctsazsimicrsmas.inso1a101c37461fa.database.windows.net,EDS_BC_Common_Trans_PUB,CentralRepository_RHMS_ServiceLine_Master_MIG,dbo,CTSAZSIMIBCAPPS1.INSO1A101C37461FA.DATABASE.WINDOWS.NET,CentralRepository,dbo
ctsazsimicrsmas.inso1a101c37461fa.database.windows.net,EDS_BC_Common_Trans_PUB,CentralRepository_RHMS_ServiceLine_Master_MIG,dbo,CTSAZSIMIBCAPPS2.INSO1A101C37461FA.DATABASE.WINDOWS.NET,CentralRepository,dbo
ctsazsimicrsmas.inso1a101c37461fa.database.windows.net,EDS_BC_Common_Trans_PUB,CentralRepository_RHMS_ServiceLine_Master_MIG,dbo,CTSAZMIBCAPPS3.293366D454BB.DATABASE.WINDOWS.NET,CentralRepository,dbo
ctsazsimicrsmas.inso1a101c37461fa.database.windows.net,EDS_BC_Common_Trans_PUB,CentralRepository_RHMS_VerticalHierarchyEntityGrouping_MIG,dbo,CTSAZSIMIPGN.INSO1A101C37461FA.DATABASE.WINDOWS.NET,CentralRepository,dbo
ctsazsimicrsmas.inso1a101c37461fa.database.windows.net,EDS_BC_Common_Trans_PUB,CentralRepository_RHMS_VerticalHierarchyEntityGrouping_MIG,dbo,CTSAZSIMIPST.INSO1A101C37461FA.DATABASE.WINDOWS.NET,CentralRepository,dbo
ctsazsimicrsmas.inso1a101c37461fa.database.windows.net,EDS_BC_Common_Trans_PUB,CentralRepository_RHMS_VerticalHierarchyEntityGrouping_MIG,dbo,CTSAZSIMIPTM.INSO1A101C37461FA.DATABASE.WINDOWS.NET,CentralRepository,dbo
ctsazsimicrsmas.inso1a101c37461fa.database.windows.net,EDS_BC_Common_Trans_PUB,CentralRepository_RHMS_VerticalHierarchyEntityGrouping_MIG,dbo,CTSAZSIMIBCAPPS1.INSO1A101C37461FA.DATABASE.WINDOWS.NET,CentralRepository,dbo
ctsazsimicrsmas.inso1a101c37461fa.database.windows.net,EDS_BC_Common_Trans_PUB,CentralRepository_RHMS_VerticalHierarchyEntityGrouping_MIG,dbo,CTSAZSIMIBCAPPS2.INSO1A101C37461FA.DATABASE.WINDOWS.NET,CentralRepository,dbo
ctsazsimicrsmas.inso1a101c37461fa.database.windows.net,EDS_BC_Common_Trans_PUB,CentralRepository_RHMS_VerticalHierarchyEntityGrouping_MIG,dbo,CTSAZMIBCAPPS3.293366D454BB.DATABASE.WINDOWS.NET,CentralRepository,dbo
ctsazsimicrsmas.inso1a101c37461fa.database.windows.net,EDS_BC_Common_Trans_PUB,CentralRepository_Talview_Hriosdata_EDS,dbo,CTSAZSIMIPGN.INSO1A101C37461FA.DATABASE.WINDOWS.NET,CentralRepository,dbo
ctsazsimicrsmas.inso1a101c37461fa.database.windows.net,EDS_BC_Common_Trans_PUB,CentralRepository_Talview_Hriosdata_EDS,dbo,CTSAZSIMIPST.INSO1A101C37461FA.DATABASE.WINDOWS.NET,CentralRepository,dbo
ctsazsimicrsmas.inso1a101c37461fa.database.windows.net,EDS_BC_Common_Trans_PUB,CentralRepository_Talview_Hriosdata_EDS,dbo,CTSAZSIMIPTM.INSO1A101C37461FA.DATABASE.WINDOWS.NET,CentralRepository,dbo
ctsazsimicrsmas.inso1a101c37461fa.database.windows.net,EDS_BC_Common_Trans_PUB,CentralRepository_Talview_Hriosdata_EDS,dbo,CTSAZSIMIBCAPPS1.INSO1A101C37461FA.DATABASE.WINDOWS.NET,CentralRepository,dbo
ctsazsimicrsmas.inso1a101c37461fa.database.windows.net,EDS_BC_Common_Trans_PUB,CentralRepository_Talview_Hriosdata_EDS,dbo,CTSAZSIMIBCAPPS2.INSO1A101C37461FA.DATABASE.WINDOWS.NET,CentralRepository,dbo
ctsazsimicrsmas.inso1a101c37461fa.database.windows.net,EDS_BC_Common_Trans_PUB,CentralRepository_Talview_Hriosdata_EDS,dbo,CTSAZMIBCAPPS3.293366D454BB.DATABASE.WINDOWS.NET,CentralRepository,dbo
ctsazsimicrsmas.inso1a101c37461fa.database.windows.net,EDS_BC_Common_Trans_PUB,CentralRepository_Talview_Techiosdata_EDS,dbo,CTSAZSIMIPGN.INSO1A101C37461FA.DATABASE.WINDOWS.NET,CentralRepository,dbo
ctsazsimicrsmas.inso1a101c37461fa.database.windows.net,EDS_BC_Common_Trans_PUB,CentralRepository_Talview_Techiosdata_EDS,dbo,CTSAZSIMIPST.INSO1A101C37461FA.DATABASE.WINDOWS.NET,CentralRepository,dbo
ctsazsimicrsmas.inso1a101c37461fa.database.windows.net,EDS_BC_Common_Trans_PUB,CentralRepository_Talview_Techiosdata_EDS,dbo,CTSAZSIMIPTM.INSO1A101C37461FA.DATABASE.WINDOWS.NET,CentralRepository,dbo
ctsazsimicrsmas.inso1a101c37461fa.database.windows.net,EDS_BC_Common_Trans_PUB,CentralRepository_Talview_Techiosdata_EDS,dbo,CTSAZSIMIBCAPPS1.INSO1A101C37461FA.DATABASE.WINDOWS.NET,CentralRepository,dbo
ctsazsimicrsmas.inso1a101c37461fa.database.windows.net,EDS_BC_Common_Trans_PUB,CentralRepository_Talview_Techiosdata_EDS,dbo,CTSAZSIMIBCAPPS2.INSO1A101C37461FA.DATABASE.WINDOWS.NET,CentralRepository,dbo
ctsazsimicrsmas.inso1a101c37461fa.database.windows.net,EDS_BC_Common_Trans_PUB,CentralRepository_Talview_Techiosdata_EDS,dbo,CTSAZMIBCAPPS3.293366D454BB.DATABASE.WINDOWS.NET,CentralRepository,dbo
ctsazsimicrsmas.inso1a101c37461fa.database.windows.net,EDS_BC_Common_Trans_PUB,CHire_CandidateEducation_STG_CURR,dbo,CTSAZSIMIPGN.INSO1A101C37461FA.DATABASE.WINDOWS.NET,CentralRepository,dbo
ctsazsimicrsmas.inso1a101c37461fa.database.windows.net,EDS_BC_Common_Trans_PUB,CHire_CandidateEducation_STG_CURR,dbo,CTSAZSIMIPST.INSO1A101C37461FA.DATABASE.WINDOWS.NET,CentralRepository,dbo
ctsazsimicrsmas.inso1a101c37461fa.database.windows.net,EDS_BC_Common_Trans_PUB,CHire_CandidateEducation_STG_CURR,dbo,CTSAZSIMIPTM.INSO1A101C37461FA.DATABASE.WINDOWS.NET,CentralRepository,dbo
ctsazsimicrsmas.inso1a101c37461fa.database.windows.net,EDS_BC_Common_Trans_PUB,CHire_CandidateEducation_STG_CURR,dbo,CTSAZSIMIBCAPPS1.INSO1A101C37461FA.DATABASE.WINDOWS.NET,CentralRepository,dbo
ctsazsimicrsmas.inso1a101c37461fa.database.windows.net,EDS_BC_Common_Trans_PUB,CHire_CandidateEducation_STG_CURR,dbo,CTSAZSIMIBCAPPS2.INSO1A101C37461FA.DATABASE.WINDOWS.NET,CentralRepository,dbo
ctsazsimicrsmas.inso1a101c37461fa.database.windows.net,EDS_BC_Common_Trans_PUB,CHire_CandidateEducation_STG_CURR,dbo,CTSAZMIBCAPPS3.293366D454BB.DATABASE.WINDOWS.NET,CentralRepository,dbo
ctsazsimicrsmas.inso1a101c37461fa.database.windows.net,EDS_BC_Common_Trans_PUB,CHire_CandidateExperience_STG_CURR,dbo,CTSAZSIMIPGN.INSO1A101C37461FA.DATABASE.WINDOWS.NET,CentralRepository,dbo
ctsazsimicrsmas.inso1a101c37461fa.database.windows.net,EDS_BC_Common_Trans_PUB,CHire_CandidateExperience_STG_CURR,dbo,CTSAZSIMIPST.INSO1A101C37461FA.DATABASE.WINDOWS.NET,CentralRepository,dbo
ctsazsimicrsmas.inso1a101c37461fa.database.windows.net,EDS_BC_Common_Trans_PUB,CHire_CandidateExperience_STG_CURR,dbo,CTSAZSIMIPTM.INSO1A101C37461FA.DATABASE.WINDOWS.NET,CentralRepository,dbo
ctsazsimicrsmas.inso1a101c37461fa.database.windows.net,EDS_BC_Common_Trans_PUB,CHire_CandidateExperience_STG_CURR,dbo,CTSAZSIMIBCAPPS1.INSO1A101C37461FA.DATABASE.WINDOWS.NET,CentralRepository,dbo
ctsazsimicrsmas.inso1a101c37461fa.database.windows.net,EDS_BC_Common_Trans_PUB,CHire_CandidateExperience_STG_CURR,dbo,CTSAZSIMIBCAPPS2.INSO1A101C37461FA.DATABASE.WINDOWS.NET,CentralRepository,dbo
ctsazsimicrsmas.inso1a101c37461fa.database.windows.net,EDS_BC_Common_Trans_PUB,CHire_CandidateExperience_STG_CURR,dbo,CTSAZMIBCAPPS3.293366D454BB.DATABASE.WINDOWS.NET,CentralRepository,dbo
ctsazsimicrsmas.inso1a101c37461fa.database.windows.net,EDS_BC_Common_Trans_PUB,CHire_NetworkLocationMasterList_STG_CURR,dbo,CTSAZSIMIPGN.INSO1A101C37461FA.DATABASE.WINDOWS.NET,CentralRepository,dbo
ctsazsimicrsmas.inso1a101c37461fa.database.windows.net,EDS_BC_Common_Trans_PUB,CHire_NetworkLocationMasterList_STG_CURR,dbo,CTSAZSIMIPST.INSO1A101C37461FA.DATABASE.WINDOWS.NET,CentralRepository,dbo
ctsazsimicrsmas.inso1a101c37461fa.database.windows.net,EDS_BC_Common_Trans_PUB,CHire_NetworkLocationMasterList_STG_CURR,dbo,CTSAZSIMIPTM.INSO1A101C37461FA.DATABASE.WINDOWS.NET,CentralRepository,dbo
ctsazsimicrsmas.inso1a101c37461fa.database.windows.net,EDS_BC_Common_Trans_PUB,CHire_NetworkLocationMasterList_STG_CURR,dbo,CTSAZSIMIBCAPPS1.INSO1A101C37461FA.DATABASE.WINDOWS.NET,CentralRepository,dbo
ctsazsimicrsmas.inso1a101c37461fa.database.windows.net,EDS_BC_Common_Trans_PUB,CHire_NetworkLocationMasterList_STG_CURR,dbo,CTSAZSIMIBCAPPS2.INSO1A101C37461FA.DATABASE.WINDOWS.NET,CentralRepository,dbo
ctsazsimicrsmas.inso1a101c37461fa.database.windows.net,EDS_BC_Common_Trans_PUB,CHire_NetworkLocationMasterList_STG_CURR,dbo,CTSAZMIBCAPPS3.293366D454BB.DATABASE.WINDOWS.NET,CentralRepository,dbo
ctsazsimicrsmas.inso1a101c37461fa.database.windows.net,EDS_BC_Common_Trans_PUB,CHire_Requisitionotherlocationdetails_STG_CURR,dbo,CTSAZSIMIPGN.INSO1A101C37461FA.DATABASE.WINDOWS.NET,CentralRepository,dbo
ctsazsimicrsmas.inso1a101c37461fa.database.windows.net,EDS_BC_Common_Trans_PUB,CHire_Requisitionotherlocationdetails_STG_CURR,dbo,CTSAZSIMIPST.INSO1A101C37461FA.DATABASE.WINDOWS.NET,CentralRepository,dbo
ctsazsimicrsmas.inso1a101c37461fa.database.windows.net,EDS_BC_Common_Trans_PUB,CHire_Requisitionotherlocationdetails_STG_CURR,dbo,CTSAZSIMIPTM.INSO1A101C37461FA.DATABASE.WINDOWS.NET,CentralRepository,dbo
ctsazsimicrsmas.inso1a101c37461fa.database.windows.net,EDS_BC_Common_Trans_PUB,CHire_Requisitionotherlocationdetails_STG_CURR,dbo,CTSAZSIMIBCAPPS1.INSO1A101C37461FA.DATABASE.WINDOWS.NET,CentralRepository,dbo
ctsazsimicrsmas.inso1a101c37461fa.database.windows.net,EDS_BC_Common_Trans_PUB,CHire_Requisitionotherlocationdetails_STG_CURR,dbo,CTSAZSIMIBCAPPS2.INSO1A101C37461FA.DATABASE.WINDOWS.NET,CentralRepository,dbo
ctsazsimicrsmas.inso1a101c37461fa.database.windows.net,EDS_BC_Common_Trans_PUB,CHire_Requisitionotherlocationdetails_STG_CURR,dbo,CTSAZMIBCAPPS3.293366D454BB.DATABASE.WINDOWS.NET,CentralRepository,dbo
ctsazsimicrsmas.inso1a101c37461fa.database.windows.net,EDS_BC_Common_Trans_PUB,CHire_Requisitionpostingdetails_STG_CURR,dbo,CTSAZSIMIPGN.INSO1A101C37461FA.DATABASE.WINDOWS.NET,CentralRepository,dbo
ctsazsimicrsmas.inso1a101c37461fa.database.windows.net,EDS_BC_Common_Trans_PUB,CHire_Requisitionpostingdetails_STG_CURR,dbo,CTSAZSIMIPST.INSO1A101C37461FA.DATABASE.WINDOWS.NET,CentralRepository,dbo
ctsazsimicrsmas.inso1a101c37461fa.database.windows.net,EDS_BC_Common_Trans_PUB,CHire_Requisitionpostingdetails_STG_CURR,dbo,CTSAZSIMIPTM.INSO1A101C37461FA.DATABASE.WINDOWS.NET,CentralRepository,dbo
ctsazsimicrsmas.inso1a101c37461fa.database.windows.net,EDS_BC_Common_Trans_PUB,CHire_Requisitionpostingdetails_STG_CURR,dbo,CTSAZSIMIBCAPPS1.INSO1A101C37461FA.DATABASE.WINDOWS.NET,CentralRepository,dbo
ctsazsimicrsmas.inso1a101c37461fa.database.windows.net,EDS_BC_Common_Trans_PUB,CHire_Requisitionpostingdetails_STG_CURR,dbo,CTSAZSIMIBCAPPS2.INSO1A101C37461FA.DATABASE.WINDOWS.NET,CentralRepository,dbo
ctsazsimicrsmas.inso1a101c37461fa.database.windows.net,EDS_BC_Common_Trans_PUB,CHire_Requisitionpostingdetails_STG_CURR,dbo,CTSAZMIBCAPPS3.293366D454BB.DATABASE.WINDOWS.NET,CentralRepository,dbo
ctsazsimicrsmas.inso1a101c37461fa.database.windows.net,EDS_BC_Common_Trans_PUB,CHire_RRCollaborators_STG_CURR,dbo,CTSAZSIMIPGN.INSO1A101C37461FA.DATABASE.WINDOWS.NET,CentralRepository,dbo
ctsazsimicrsmas.inso1a101c37461fa.database.windows.net,EDS_BC_Common_Trans_PUB,CHire_RRCollaborators_STG_CURR,dbo,CTSAZSIMIPST.INSO1A101C37461FA.DATABASE.WINDOWS.NET,CentralRepository,dbo
ctsazsimicrsmas.inso1a101c37461fa.database.windows.net,EDS_BC_Common_Trans_PUB,CHire_RRCollaborators_STG_CURR,dbo,CTSAZSIMIPTM.INSO1A101C37461FA.DATABASE.WINDOWS.NET,CentralRepository,dbo
ctsazsimicrsmas.inso1a101c37461fa.database.windows.net,EDS_BC_Common_Trans_PUB,CHire_RRCollaborators_STG_CURR,dbo,CTSAZSIMIBCAPPS1.INSO1A101C37461FA.DATABASE.WINDOWS.NET,CentralRepository,dbo
ctsazsimicrsmas.inso1a101c37461fa.database.windows.net,EDS_BC_Common_Trans_PUB,CHire_RRCollaborators_STG_CURR,dbo,CTSAZSIMIBCAPPS2.INSO1A101C37461FA.DATABASE.WINDOWS.NET,CentralRepository,dbo
ctsazsimicrsmas.inso1a101c37461fa.database.windows.net,EDS_BC_Common_Trans_PUB,CHire_RRCollaborators_STG_CURR,dbo,CTSAZMIBCAPPS3.293366D454BB.DATABASE.WINDOWS.NET,CentralRepository,dbo
ctsazsimicrsmas.inso1a101c37461fa.database.windows.net,EDS_BC_Common_Trans_PUB,CHire_UserDetails_STG_CURR,dbo,CTSAZSIMIPGN.INSO1A101C37461FA.DATABASE.WINDOWS.NET,CentralRepository,dbo
ctsazsimicrsmas.inso1a101c37461fa.database.windows.net,EDS_BC_Common_Trans_PUB,CHire_UserDetails_STG_CURR,dbo,CTSAZSIMIPST.INSO1A101C37461FA.DATABASE.WINDOWS.NET,CentralRepository,dbo
ctsazsimicrsmas.inso1a101c37461fa.database.windows.net,EDS_BC_Common_Trans_PUB,CHire_UserDetails_STG_CURR,dbo,CTSAZSIMIPTM.INSO1A101C37461FA.DATABASE.WINDOWS.NET,CentralRepository,dbo
ctsazsimicrsmas.inso1a101c37461fa.database.windows.net,EDS_BC_Common_Trans_PUB,CHire_UserDetails_STG_CURR,dbo,CTSAZSIMIBCAPPS1.INSO1A101C37461FA.DATABASE.WINDOWS.NET,CentralRepository,dbo
ctsazsimicrsmas.inso1a101c37461fa.database.windows.net,EDS_BC_Common_Trans_PUB,CHire_UserDetails_STG_CURR,dbo,CTSAZSIMIBCAPPS2.INSO1A101C37461FA.DATABASE.WINDOWS.NET,CentralRepository,dbo
ctsazsimicrsmas.inso1a101c37461fa.database.windows.net,EDS_BC_Common_Trans_PUB,CHire_UserDetails_STG_CURR,dbo,CTSAZMIBCAPPS3.293366D454BB.DATABASE.WINDOWS.NET,CentralRepository,dbo
ctsazsimicrsmas.inso1a101c37461fa.database.windows.net,EDS_BC_Common_Trans_PUB,ESA_PROJECTOPPORTUNITYLINKAGE_STG_CURR,dbo,CTSAZSIMIPGN.INSO1A101C37461FA.DATABASE.WINDOWS.NET,CentralRepository,dbo
ctsazsimicrsmas.inso1a101c37461fa.database.windows.net,EDS_BC_Common_Trans_PUB,ESA_PROJECTOPPORTUNITYLINKAGE_STG_CURR,dbo,CTSAZSIMIPST.INSO1A101C37461FA.DATABASE.WINDOWS.NET,CentralRepository,dbo
ctsazsimicrsmas.inso1a101c37461fa.database.windows.net,EDS_BC_Common_Trans_PUB,ESA_PROJECTOPPORTUNITYLINKAGE_STG_CURR,dbo,CTSAZSIMIPTM.INSO1A101C37461FA.DATABASE.WINDOWS.NET,CentralRepository,dbo
ctsazsimicrsmas.inso1a101c37461fa.database.windows.net,EDS_BC_Common_Trans_PUB,ESA_PROJECTOPPORTUNITYLINKAGE_STG_CURR,dbo,CTSAZSIMIBCAPPS1.INSO1A101C37461FA.DATABASE.WINDOWS.NET,CentralRepository,dbo
ctsazsimicrsmas.inso1a101c37461fa.database.windows.net,EDS_BC_Common_Trans_PUB,ESA_PROJECTOPPORTUNITYLINKAGE_STG_CURR,dbo,CTSAZSIMIBCAPPS2.INSO1A101C37461FA.DATABASE.WINDOWS.NET,CentralRepository,dbo
ctsazsimicrsmas.inso1a101c37461fa.database.windows.net,EDS_BC_Common_Trans_PUB,ESA_PROJECTOPPORTUNITYLINKAGE_STG_CURR,dbo,CTSAZMIBCAPPS3.293366D454BB.DATABASE.WINDOWS.NET,CentralRepository,dbo
ctsazsimicrsmas.inso1a101c37461fa.database.windows.net,EDS_BC_Common_Trans_PUB,ESA_PS_CTPC_PRJSTS_TBL_STG_CURR,dbo,CTSAZSIMIPGN.INSO1A101C37461FA.DATABASE.WINDOWS.NET,CentralRepository,dbo
ctsazsimicrsmas.inso1a101c37461fa.database.windows.net,EDS_BC_Common_Trans_PUB,ESA_PS_CTPC_PRJSTS_TBL_STG_CURR,dbo,CTSAZSIMIPST.INSO1A101C37461FA.DATABASE.WINDOWS.NET,CentralRepository,dbo
ctsazsimicrsmas.inso1a101c37461fa.database.windows.net,EDS_BC_Common_Trans_PUB,ESA_PS_CTPC_PRJSTS_TBL_STG_CURR,dbo,CTSAZSIMIPTM.INSO1A101C37461FA.DATABASE.WINDOWS.NET,CentralRepository,dbo
ctsazsimicrsmas.inso1a101c37461fa.database.windows.net,EDS_BC_Common_Trans_PUB,ESA_PS_CTPC_PRJSTS_TBL_STG_CURR,dbo,CTSAZSIMIBCAPPS1.INSO1A101C37461FA.DATABASE.WINDOWS.NET,CentralRepository,dbo
ctsazsimicrsmas.inso1a101c37461fa.database.windows.net,EDS_BC_Common_Trans_PUB,ESA_PS_CTPC_PRJSTS_TBL_STG_CURR,dbo,CTSAZSIMIBCAPPS2.INSO1A101C37461FA.DATABASE.WINDOWS.NET,CentralRepository,dbo
ctsazsimicrsmas.inso1a101c37461fa.database.windows.net,EDS_BC_Common_Trans_PUB,ESA_PS_CTPC_PRJSTS_TBL_STG_CURR,dbo,CTSAZMIBCAPPS3.293366D454BB.DATABASE.WINDOWS.NET,CentralRepository,dbo
ctsazsimicrsmas.inso1a101c37461fa.database.windows.net,EDS_BC_Common_Trans_PUB,ESA_PS_CTS_ALLOC_CRS_VW_STG_CURR,dbo,CTSAZSIMIPGN.INSO1A101C37461FA.DATABASE.WINDOWS.NET,CentralRepository,dbo
ctsazsimicrsmas.inso1a101c37461fa.database.windows.net,EDS_BC_Common_Trans_PUB,ESA_PS_CTS_ALLOC_CRS_VW_STG_CURR,dbo,CTSAZSIMIPST.INSO1A101C37461FA.DATABASE.WINDOWS.NET,CentralRepository,dbo
ctsazsimicrsmas.inso1a101c37461fa.database.windows.net,EDS_BC_Common_Trans_PUB,ESA_PS_CTS_ALLOC_CRS_VW_STG_CURR,dbo,CTSAZSIMIPTM.INSO1A101C37461FA.DATABASE.WINDOWS.NET,CentralRepository,dbo
ctsazsimicrsmas.inso1a101c37461fa.database.windows.net,EDS_BC_Common_Trans_PUB,ESA_PS_CTS_ALLOC_CRS_VW_STG_CURR,dbo,CTSAZSIMIBCAPPS1.INSO1A101C37461FA.DATABASE.WINDOWS.NET,CentralRepository,dbo
ctsazsimicrsmas.inso1a101c37461fa.database.windows.net,EDS_BC_Common_Trans_PUB,ESA_PS_CTS_ALLOC_CRS_VW_STG_CURR,dbo,CTSAZSIMIBCAPPS2.INSO1A101C37461FA.DATABASE.WINDOWS.NET,CentralRepository,dbo
ctsazsimicrsmas.inso1a101c37461fa.database.windows.net,EDS_BC_Common_Trans_PUB,ESA_PS_CTS_ALLOC_CRS_VW_STG_CURR,dbo,CTSAZMIBCAPPS3.293366D454BB.DATABASE.WINDOWS.NET,CentralRepository,dbo
ctsazsimicrsmas.inso1a101c37461fa.database.windows.net,EDS_BC_Common_Trans_PUB,ESA_PS_CTS_BD_PRJ_CHLD_STG_CURR,dbo,CTSAZSIMIPGN.INSO1A101C37461FA.DATABASE.WINDOWS.NET,CentralRepository,dbo
ctsazsimicrsmas.inso1a101c37461fa.database.windows.net,EDS_BC_Common_Trans_PUB,ESA_PS_CTS_BD_PRJ_CHLD_STG_CURR,dbo,CTSAZSIMIPST.INSO1A101C37461FA.DATABASE.WINDOWS.NET,CentralRepository,dbo
ctsazsimicrsmas.inso1a101c37461fa.database.windows.net,EDS_BC_Common_Trans_PUB,ESA_PS_CTS_BD_PRJ_CHLD_STG_CURR,dbo,CTSAZSIMIPTM.INSO1A101C37461FA.DATABASE.WINDOWS.NET,CentralRepository,dbo
ctsazsimicrsmas.inso1a101c37461fa.database.windows.net,EDS_BC_Common_Trans_PUB,ESA_PS_CTS_BD_PRJ_CHLD_STG_CURR,dbo,CTSAZSIMIBCAPPS1.INSO1A101C37461FA.DATABASE.WINDOWS.NET,CentralRepository,dbo
ctsazsimicrsmas.inso1a101c37461fa.database.windows.net,EDS_BC_Common_Trans_PUB,ESA_PS_CTS_BD_PRJ_CHLD_STG_CURR,dbo,CTSAZSIMIBCAPPS2.INSO1A101C37461FA.DATABASE.WINDOWS.NET,CentralRepository,dbo
ctsazsimicrsmas.inso1a101c37461fa.database.windows.net,EDS_BC_Common_Trans_PUB,ESA_PS_CTS_BD_PRJ_CHLD_STG_CURR,dbo,CTSAZMIBCAPPS3.293366D454BB.DATABASE.WINDOWS.NET,CentralRepository,dbo
ctsazsimicrsmas.inso1a101c37461fa.database.windows.net,EDS_BC_Common_Trans_PUB,ESA_PS_CTS_BILL_ROLE_STG_CURR,dbo,CTSAZSIMIPGN.INSO1A101C37461FA.DATABASE.WINDOWS.NET,CentralRepository,dbo
ctsazsimicrsmas.inso1a101c37461fa.database.windows.net,EDS_BC_Common_Trans_PUB,ESA_PS_CTS_BILL_ROLE_STG_CURR,dbo,CTSAZSIMIPST.INSO1A101C37461FA.DATABASE.WINDOWS.NET,CentralRepository,dbo
ctsazsimicrsmas.inso1a101c37461fa.database.windows.net,EDS_BC_Common_Trans_PUB,ESA_PS_CTS_BILL_ROLE_STG_CURR,dbo,CTSAZSIMIPTM.INSO1A101C37461FA.DATABASE.WINDOWS.NET,CentralRepository,dbo
ctsazsimicrsmas.inso1a101c37461fa.database.windows.net,EDS_BC_Common_Trans_PUB,ESA_PS_CTS_BILL_ROLE_STG_CURR,dbo,CTSAZSIMIBCAPPS1.INSO1A101C37461FA.DATABASE.WINDOWS.NET,CentralRepository,dbo
ctsazsimicrsmas.inso1a101c37461fa.database.windows.net,EDS_BC_Common_Trans_PUB,ESA_PS_CTS_BILL_ROLE_STG_CURR,dbo,CTSAZSIMIBCAPPS2.INSO1A101C37461FA.DATABASE.WINDOWS.NET,CentralRepository,dbo
ctsazsimicrsmas.inso1a101c37461fa.database.windows.net,EDS_BC_Common_Trans_PUB,ESA_PS_CTS_BILL_ROLE_STG_CURR,dbo,CTSAZMIBCAPPS3.293366D454BB.DATABASE.WINDOWS.NET,CentralRepository,dbo
ctsazsimicrsmas.inso1a101c37461fa.database.windows.net,EDS_BC_Common_Trans_PUB,ESA_PS_CTS_BUD_CUT_TBL_STG_CURR,dbo,CTSAZSIMIPGN.INSO1A101C37461FA.DATABASE.WINDOWS.NET,CentralRepository,dbo
ctsazsimicrsmas.inso1a101c37461fa.database.windows.net,EDS_BC_Common_Trans_PUB,ESA_PS_CTS_BUD_CUT_TBL_STG_CURR,dbo,CTSAZSIMIPST.INSO1A101C37461FA.DATABASE.WINDOWS.NET,CentralRepository,dbo
ctsazsimicrsmas.inso1a101c37461fa.database.windows.net,EDS_BC_Common_Trans_PUB,ESA_PS_CTS_BUD_CUT_TBL_STG_CURR,dbo,CTSAZSIMIPTM.INSO1A101C37461FA.DATABASE.WINDOWS.NET,CentralRepository,dbo
ctsazsimicrsmas.inso1a101c37461fa.database.windows.net,EDS_BC_Common_Trans_PUB,ESA_PS_CTS_BUD_CUT_TBL_STG_CURR,dbo,CTSAZSIMIBCAPPS1.INSO1A101C37461FA.DATABASE.WINDOWS.NET,CentralRepository,dbo
ctsazsimicrsmas.inso1a101c37461fa.database.windows.net,EDS_BC_Common_Trans_PUB,ESA_PS_CTS_BUD_CUT_TBL_STG_CURR,dbo,CTSAZSIMIBCAPPS2.INSO1A101C37461FA.DATABASE.WINDOWS.NET,CentralRepository,dbo
ctsazsimicrsmas.inso1a101c37461fa.database.windows.net,EDS_BC_Common_Trans_PUB,ESA_PS_CTS_BUD_CUT_TBL_STG_CURR,dbo,CTSAZMIBCAPPS3.293366D454BB.DATABASE.WINDOWS.NET,CentralRepository,dbo
ctsazsimicrsmas.inso1a101c37461fa.database.windows.net,EDS_BC_Common_Trans_PUB,ESA_PS_CTS_CRS_BTB_VW_STG_CURR,dbo,CTSAZSIMIPGN.INSO1A101C37461FA.DATABASE.WINDOWS.NET,CentralRepository,dbo
ctsazsimicrsmas.inso1a101c37461fa.database.windows.net,EDS_BC_Common_Trans_PUB,ESA_PS_CTS_CRS_BTB_VW_STG_CURR,dbo,CTSAZSIMIPST.INSO1A101C37461FA.DATABASE.WINDOWS.NET,CentralRepository,dbo
ctsazsimicrsmas.inso1a101c37461fa.database.windows.net,EDS_BC_Common_Trans_PUB,ESA_PS_CTS_CRS_BTB_VW_STG_CURR,dbo,CTSAZSIMIPTM.INSO1A101C37461FA.DATABASE.WINDOWS.NET,CentralRepository,dbo
ctsazsimicrsmas.inso1a101c37461fa.database.windows.net,EDS_BC_Common_Trans_PUB,ESA_PS_CTS_CRS_BTB_VW_STG_CURR,dbo,CTSAZSIMIBCAPPS1.INSO1A101C37461FA.DATABASE.WINDOWS.NET,CentralRepository,dbo
ctsazsimicrsmas.inso1a101c37461fa.database.windows.net,EDS_BC_Common_Trans_PUB,ESA_PS_CTS_CRS_BTB_VW_STG_CURR,dbo,CTSAZSIMIBCAPPS2.INSO1A101C37461FA.DATABASE.WINDOWS.NET,CentralRepository,dbo
ctsazsimicrsmas.inso1a101c37461fa.database.windows.net,EDS_BC_Common_Trans_PUB,ESA_PS_CTS_CRS_BTB_VW_STG_CURR,dbo,CTSAZMIBCAPPS3.293366D454BB.DATABASE.WINDOWS.NET,CentralRepository,dbo
ctsazsimicrsmas.inso1a101c37461fa.database.windows.net,EDS_BC_Common_Trans_PUB,ESA_PS_CTS_CRS_IN_STG_STG_CURR,dbo,CTSAZSIMIPGN.INSO1A101C37461FA.DATABASE.WINDOWS.NET,CentralRepository,dbo
ctsazsimicrsmas.inso1a101c37461fa.database.windows.net,EDS_BC_Common_Trans_PUB,ESA_PS_CTS_CRS_IN_STG_STG_CURR,dbo,CTSAZSIMIPST.INSO1A101C37461FA.DATABASE.WINDOWS.NET,CentralRepository,dbo
ctsazsimicrsmas.inso1a101c37461fa.database.windows.net,EDS_BC_Common_Trans_PUB,ESA_PS_CTS_CRS_IN_STG_STG_CURR,dbo,CTSAZSIMIPTM.INSO1A101C37461FA.DATABASE.WINDOWS.NET,CentralRepository,dbo
ctsazsimicrsmas.inso1a101c37461fa.database.windows.net,EDS_BC_Common_Trans_PUB,ESA_PS_CTS_CRS_IN_STG_STG_CURR,dbo,CTSAZSIMIBCAPPS1.INSO1A101C37461FA.DATABASE.WINDOWS.NET,CentralRepository,dbo
ctsazsimicrsmas.inso1a101c37461fa.database.windows.net,EDS_BC_Common_Trans_PUB,ESA_PS_CTS_CRS_IN_STG_STG_CURR,dbo,CTSAZSIMIBCAPPS2.INSO1A101C37461FA.DATABASE.WINDOWS.NET,CentralRepository,dbo
ctsazsimicrsmas.inso1a101c37461fa.database.windows.net,EDS_BC_Common_Trans_PUB,ESA_PS_CTS_CRS_IN_STG_STG_CURR,dbo,CTSAZMIBCAPPS3.293366D454BB.DATABASE.WINDOWS.NET,CentralRepository,dbo
ctsazsimicrsmas.inso1a101c37461fa.database.windows.net,EDS_BC_Common_Trans_PUB,ESA_PS_CTS_CRS_RTTR_STG_CURR,dbo,CTSAZSIMIPGN.INSO1A101C37461FA.DATABASE.WINDOWS.NET,CentralRepository,dbo
ctsazsimicrsmas.inso1a101c37461fa.database.windows.net,EDS_BC_Common_Trans_PUB,ESA_PS_CTS_CRS_RTTR_STG_CURR,dbo,CTSAZSIMIPST.INSO1A101C37461FA.DATABASE.WINDOWS.NET,CentralRepository,dbo
ctsazsimicrsmas.inso1a101c37461fa.database.windows.net,EDS_BC_Common_Trans_PUB,ESA_PS_CTS_CRS_RTTR_STG_CURR,dbo,CTSAZSIMIPTM.INSO1A101C37461FA.DATABASE.WINDOWS.NET,CentralRepository,dbo
ctsazsimicrsmas.inso1a101c37461fa.database.windows.net,EDS_BC_Common_Trans_PUB,ESA_PS_CTS_CRS_RTTR_STG_CURR,dbo,CTSAZSIMIBCAPPS1.INSO1A101C37461FA.DATABASE.WINDOWS.NET,CentralRepository,dbo
ctsazsimicrsmas.inso1a101c37461fa.database.windows.net,EDS_BC_Common_Trans_PUB,ESA_PS_CTS_CRS_RTTR_STG_CURR,dbo,CTSAZSIMIBCAPPS2.INSO1A101C37461FA.DATABASE.WINDOWS.NET,CentralRepository,dbo
ctsazsimicrsmas.inso1a101c37461fa.database.windows.net,EDS_BC_Common_Trans_PUB,ESA_PS_CTS_CRS_RTTR_STG_CURR,dbo,CTSAZMIBCAPPS3.293366D454BB.DATABASE.WINDOWS.NET,CentralRepository,dbo
ctsazsimicrsmas.inso1a101c37461fa.database.windows.net,EDS_BC_Common_Trans_PUB,ESA_PS_CTS_CRS_TM_CONT_STG_CURR,dbo,CTSAZSIMIPGN.INSO1A101C37461FA.DATABASE.WINDOWS.NET,CentralRepository,dbo
ctsazsimicrsmas.inso1a101c37461fa.database.windows.net,EDS_BC_Common_Trans_PUB,ESA_PS_CTS_CRS_TM_CONT_STG_CURR,dbo,CTSAZSIMIPST.INSO1A101C37461FA.DATABASE.WINDOWS.NET,CentralRepository,dbo
ctsazsimicrsmas.inso1a101c37461fa.database.windows.net,EDS_BC_Common_Trans_PUB,ESA_PS_CTS_CRS_TM_CONT_STG_CURR,dbo,CTSAZSIMIPTM.INSO1A101C37461FA.DATABASE.WINDOWS.NET,CentralRepository,dbo
ctsazsimicrsmas.inso1a101c37461fa.database.windows.net,EDS_BC_Common_Trans_PUB,ESA_PS_CTS_CRS_TM_CONT_STG_CURR,dbo,CTSAZSIMIBCAPPS1.INSO1A101C37461FA.DATABASE.WINDOWS.NET,CentralRepository,dbo
ctsazsimicrsmas.inso1a101c37461fa.database.windows.net,EDS_BC_Common_Trans_PUB,ESA_PS_CTS_CRS_TM_CONT_STG_CURR,dbo,CTSAZSIMIBCAPPS2.INSO1A101C37461FA.DATABASE.WINDOWS.NET,CentralRepository,dbo
ctsazsimicrsmas.inso1a101c37461fa.database.windows.net,EDS_BC_Common_Trans_PUB,ESA_PS_CTS_CRS_TM_CONT_STG_CURR,dbo,CTSAZMIBCAPPS3.293366D454BB.DATABASE.WINDOWS.NET,CentralRepository,dbo
ctsazsimicrsmas.inso1a101c37461fa.database.windows.net,EDS_BC_Common_Trans_PUB,ESA_PS_CTS_CRS_TMINV_STG_CURR,dbo,CTSAZSIMIPGN.INSO1A101C37461FA.DATABASE.WINDOWS.NET,CentralRepository,dbo
ctsazsimicrsmas.inso1a101c37461fa.database.windows.net,EDS_BC_Common_Trans_PUB,ESA_PS_CTS_CRS_TMINV_STG_CURR,dbo,CTSAZSIMIPST.INSO1A101C37461FA.DATABASE.WINDOWS.NET,CentralRepository,dbo
ctsazsimicrsmas.inso1a101c37461fa.database.windows.net,EDS_BC_Common_Trans_PUB,ESA_PS_CTS_CRS_TMINV_STG_CURR,dbo,CTSAZSIMIPTM.INSO1A101C37461FA.DATABASE.WINDOWS.NET,CentralRepository,dbo
ctsazsimicrsmas.inso1a101c37461fa.database.windows.net,EDS_BC_Common_Trans_PUB,ESA_PS_CTS_CRS_TMINV_STG_CURR,dbo,CTSAZSIMIBCAPPS1.INSO1A101C37461FA.DATABASE.WINDOWS.NET,CentralRepository,dbo
ctsazsimicrsmas.inso1a101c37461fa.database.windows.net,EDS_BC_Common_Trans_PUB,ESA_PS_CTS_CRS_TMINV_STG_CURR,dbo,CTSAZSIMIBCAPPS2.INSO1A101C37461FA.DATABASE.WINDOWS.NET,CentralRepository,dbo
ctsazsimicrsmas.inso1a101c37461fa.database.windows.net,EDS_BC_Common_Trans_PUB,ESA_PS_CTS_CRS_TMINV_STG_CURR,dbo,CTSAZMIBCAPPS3.293366D454BB.DATABASE.WINDOWS.NET,CentralRepository,dbo
ctsazsimicrsmas.inso1a101c37461fa.database.windows.net,EDS_BC_Common_Trans_PUB,ESA_PS_CTS_ETAX_RTCFVW_STG_CURR,dbo,CTSAZSIMIPGN.INSO1A101C37461FA.DATABASE.WINDOWS.NET,CentralRepository,dbo
ctsazsimicrsmas.inso1a101c37461fa.database.windows.net,EDS_BC_Common_Trans_PUB,ESA_PS_CTS_ETAX_RTCFVW_STG_CURR,dbo,CTSAZSIMIPST.INSO1A101C37461FA.DATABASE.WINDOWS.NET,CentralRepository,dbo
ctsazsimicrsmas.inso1a101c37461fa.database.windows.net,EDS_BC_Common_Trans_PUB,ESA_PS_CTS_ETAX_RTCFVW_STG_CURR,dbo,CTSAZSIMIPTM.INSO1A101C37461FA.DATABASE.WINDOWS.NET,CentralRepository,dbo
ctsazsimicrsmas.inso1a101c37461fa.database.windows.net,EDS_BC_Common_Trans_PUB,ESA_PS_CTS_ETAX_RTCFVW_STG_CURR,dbo,CTSAZSIMIBCAPPS1.INSO1A101C37461FA.DATABASE.WINDOWS.NET,CentralRepository,dbo
ctsazsimicrsmas.inso1a101c37461fa.database.windows.net,EDS_BC_Common_Trans_PUB,ESA_PS_CTS_ETAX_RTCFVW_STG_CURR,dbo,CTSAZSIMIBCAPPS2.INSO1A101C37461FA.DATABASE.WINDOWS.NET,CentralRepository,dbo
ctsazsimicrsmas.inso1a101c37461fa.database.windows.net,EDS_BC_Common_Trans_PUB,ESA_PS_CTS_ETAX_RTCFVW_STG_CURR,dbo,CTSAZMIBCAPPS3.293366D454BB.DATABASE.WINDOWS.NET,CentralRepository,dbo
ctsazsimicrsmas.inso1a101c37461fa.database.windows.net,EDS_BC_Common_Trans_PUB,ESA_PS_CTS_PC_PAR_TBL_STG_CURR,dbo,CTSAZSIMIPGN.INSO1A101C37461FA.DATABASE.WINDOWS.NET,CentralRepository,dbo
ctsazsimicrsmas.inso1a101c37461fa.database.windows.net,EDS_BC_Common_Trans_PUB,ESA_PS_CTS_PC_PAR_TBL_STG_CURR,dbo,CTSAZSIMIPST.INSO1A101C37461FA.DATABASE.WINDOWS.NET,CentralRepository,dbo
ctsazsimicrsmas.inso1a101c37461fa.database.windows.net,EDS_BC_Common_Trans_PUB,ESA_PS_CTS_PC_PAR_TBL_STG_CURR,dbo,CTSAZSIMIPTM.INSO1A101C37461FA.DATABASE.WINDOWS.NET,CentralRepository,dbo
ctsazsimicrsmas.inso1a101c37461fa.database.windows.net,EDS_BC_Common_Trans_PUB,ESA_PS_CTS_PC_PAR_TBL_STG_CURR,dbo,CTSAZSIMIBCAPPS1.INSO1A101C37461FA.DATABASE.WINDOWS.NET,CentralRepository,dbo
ctsazsimicrsmas.inso1a101c37461fa.database.windows.net,EDS_BC_Common_Trans_PUB,ESA_PS_CTS_PC_PAR_TBL_STG_CURR,dbo,CTSAZSIMIBCAPPS2.INSO1A101C37461FA.DATABASE.WINDOWS.NET,CentralRepository,dbo
ctsazsimicrsmas.inso1a101c37461fa.database.windows.net,EDS_BC_Common_Trans_PUB,ESA_PS_CTS_PC_PAR_TBL_STG_CURR,dbo,CTSAZMIBCAPPS3.293366D454BB.DATABASE.WINDOWS.NET,CentralRepository,dbo
ctsazsimicrsmas.inso1a101c37461fa.database.windows.net,EDS_BC_Common_Trans_PUB,ESA_PS_CTS_PC_WZOPP_VW_STG_CURR,dbo,CTSAZSIMIPGN.INSO1A101C37461FA.DATABASE.WINDOWS.NET,CentralRepository,dbo
ctsazsimicrsmas.inso1a101c37461fa.database.windows.net,EDS_BC_Common_Trans_PUB,ESA_PS_CTS_PC_WZOPP_VW_STG_CURR,dbo,CTSAZSIMIPST.INSO1A101C37461FA.DATABASE.WINDOWS.NET,CentralRepository,dbo
ctsazsimicrsmas.inso1a101c37461fa.database.windows.net,EDS_BC_Common_Trans_PUB,ESA_PS_CTS_PC_WZOPP_VW_STG_CURR,dbo,CTSAZSIMIPTM.INSO1A101C37461FA.DATABASE.WINDOWS.NET,CentralRepository,dbo
ctsazsimicrsmas.inso1a101c37461fa.database.windows.net,EDS_BC_Common_Trans_PUB,ESA_PS_CTS_PC_WZOPP_VW_STG_CURR,dbo,CTSAZSIMIBCAPPS1.INSO1A101C37461FA.DATABASE.WINDOWS.NET,CentralRepository,dbo
ctsazsimicrsmas.inso1a101c37461fa.database.windows.net,EDS_BC_Common_Trans_PUB,ESA_PS_CTS_PC_WZOPP_VW_STG_CURR,dbo,CTSAZSIMIBCAPPS2.INSO1A101C37461FA.DATABASE.WINDOWS.NET,CentralRepository,dbo
ctsazsimicrsmas.inso1a101c37461fa.database.windows.net,EDS_BC_Common_Trans_PUB,ESA_PS_CTS_PC_WZOPP_VW_STG_CURR,dbo,CTSAZMIBCAPPS3.293366D454BB.DATABASE.WINDOWS.NET,CentralRepository,dbo
ctsazsimicrsmas.inso1a101c37461fa.database.windows.net,EDS_BC_Common_Trans_PUB,ESA_PS_CTS_REGNCD_VW_STG_CURR,dbo,CTSAZSIMIPGN.INSO1A101C37461FA.DATABASE.WINDOWS.NET,CentralRepository,dbo
ctsazsimicrsmas.inso1a101c37461fa.database.windows.net,EDS_BC_Common_Trans_PUB,ESA_PS_CTS_REGNCD_VW_STG_CURR,dbo,CTSAZSIMIPST.INSO1A101C37461FA.DATABASE.WINDOWS.NET,CentralRepository,dbo
ctsazsimicrsmas.inso1a101c37461fa.database.windows.net,EDS_BC_Common_Trans_PUB,ESA_PS_CTS_REGNCD_VW_STG_CURR,dbo,CTSAZSIMIPTM.INSO1A101C37461FA.DATABASE.WINDOWS.NET,CentralRepository,dbo
ctsazsimicrsmas.inso1a101c37461fa.database.windows.net,EDS_BC_Common_Trans_PUB,ESA_PS_CTS_REGNCD_VW_STG_CURR,dbo,CTSAZSIMIBCAPPS1.INSO1A101C37461FA.DATABASE.WINDOWS.NET,CentralRepository,dbo
ctsazsimicrsmas.inso1a101c37461fa.database.windows.net,EDS_BC_Common_Trans_PUB,ESA_PS_CTS_REGNCD_VW_STG_CURR,dbo,CTSAZSIMIBCAPPS2.INSO1A101C37461FA.DATABASE.WINDOWS.NET,CentralRepository,dbo
ctsazsimicrsmas.inso1a101c37461fa.database.windows.net,EDS_BC_Common_Trans_PUB,ESA_PS_CTS_REGNCD_VW_STG_CURR,dbo,CTSAZMIBCAPPS3.293366D454BB.DATABASE.WINDOWS.NET,CentralRepository,dbo
ctsazsimicrsmas.inso1a101c37461fa.database.windows.net,EDS_BC_Common_Trans_PUB,ESA_PS_CTS_RTSET_DTL_STG_CURR,dbo,CTSAZSIMIPGN.INSO1A101C37461FA.DATABASE.WINDOWS.NET,CentralRepository,dbo
ctsazsimicrsmas.inso1a101c37461fa.database.windows.net,EDS_BC_Common_Trans_PUB,ESA_PS_CTS_RTSET_DTL_STG_CURR,dbo,CTSAZSIMIPST.INSO1A101C37461FA.DATABASE.WINDOWS.NET,CentralRepository,dbo
ctsazsimicrsmas.inso1a101c37461fa.database.windows.net,EDS_BC_Common_Trans_PUB,ESA_PS_CTS_RTSET_DTL_STG_CURR,dbo,CTSAZSIMIPTM.INSO1A101C37461FA.DATABASE.WINDOWS.NET,CentralRepository,dbo
ctsazsimicrsmas.inso1a101c37461fa.database.windows.net,EDS_BC_Common_Trans_PUB,ESA_PS_CTS_RTSET_DTL_STG_CURR,dbo,CTSAZSIMIBCAPPS1.INSO1A101C37461FA.DATABASE.WINDOWS.NET,CentralRepository,dbo
ctsazsimicrsmas.inso1a101c37461fa.database.windows.net,EDS_BC_Common_Trans_PUB,ESA_PS_CTS_RTSET_DTL_STG_CURR,dbo,CTSAZSIMIBCAPPS2.INSO1A101C37461FA.DATABASE.WINDOWS.NET,CentralRepository,dbo
ctsazsimicrsmas.inso1a101c37461fa.database.windows.net,EDS_BC_Common_Trans_PUB,ESA_PS_CTS_RTSET_DTL_STG_CURR,dbo,CTSAZMIBCAPPS3.293366D454BB.DATABASE.WINDOWS.NET,CentralRepository,dbo
ctsazsimicrsmas.inso1a101c37461fa.database.windows.net,EDS_BC_Common_Trans_PUB,ESA_PS_CTS_VDR_GST_VW_STG_CURR,dbo,CTSAZSIMIPGN.INSO1A101C37461FA.DATABASE.WINDOWS.NET,CentralRepository,dbo
ctsazsimicrsmas.inso1a101c37461fa.database.windows.net,EDS_BC_Common_Trans_PUB,ESA_PS_CTS_VDR_GST_VW_STG_CURR,dbo,CTSAZSIMIPST.INSO1A101C37461FA.DATABASE.WINDOWS.NET,CentralRepository,dbo
ctsazsimicrsmas.inso1a101c37461fa.database.windows.net,EDS_BC_Common_Trans_PUB,ESA_PS_CTS_VDR_GST_VW_STG_CURR,dbo,CTSAZSIMIPTM.INSO1A101C37461FA.DATABASE.WINDOWS.NET,CentralRepository,dbo
ctsazsimicrsmas.inso1a101c37461fa.database.windows.net,EDS_BC_Common_Trans_PUB,ESA_PS_CTS_VDR_GST_VW_STG_CURR,dbo,CTSAZSIMIBCAPPS1.INSO1A101C37461FA.DATABASE.WINDOWS.NET,CentralRepository,dbo
ctsazsimicrsmas.inso1a101c37461fa.database.windows.net,EDS_BC_Common_Trans_PUB,ESA_PS_CTS_VDR_GST_VW_STG_CURR,dbo,CTSAZSIMIBCAPPS2.INSO1A101C37461FA.DATABASE.WINDOWS.NET,CentralRepository,dbo
ctsazsimicrsmas.inso1a101c37461fa.database.windows.net,EDS_BC_Common_Trans_PUB,ESA_PS_CTS_VDR_GST_VW_STG_CURR,dbo,CTSAZMIBCAPPS3.293366D454BB.DATABASE.WINDOWS.NET,CentralRepository,dbo
ctsazsimicrsmas.inso1a101c37461fa.database.windows.net,EDS_BC_Common_Trans_PUB,ESA_PS_PROJ_CATG_TBL_STG_CURR,dbo,CTSAZSIMIPGN.INSO1A101C37461FA.DATABASE.WINDOWS.NET,CentralRepository,dbo
ctsazsimicrsmas.inso1a101c37461fa.database.windows.net,EDS_BC_Common_Trans_PUB,ESA_PS_PROJ_CATG_TBL_STG_CURR,dbo,CTSAZSIMIPST.INSO1A101C37461FA.DATABASE.WINDOWS.NET,CentralRepository,dbo
ctsazsimicrsmas.inso1a101c37461fa.database.windows.net,EDS_BC_Common_Trans_PUB,ESA_PS_PROJ_CATG_TBL_STG_CURR,dbo,CTSAZSIMIPTM.INSO1A101C37461FA.DATABASE.WINDOWS.NET,CentralRepository,dbo
ctsazsimicrsmas.inso1a101c37461fa.database.windows.net,EDS_BC_Common_Trans_PUB,ESA_PS_PROJ_CATG_TBL_STG_CURR,dbo,CTSAZSIMIBCAPPS1.INSO1A101C37461FA.DATABASE.WINDOWS.NET,CentralRepository,dbo
ctsazsimicrsmas.inso1a101c37461fa.database.windows.net,EDS_BC_Common_Trans_PUB,ESA_PS_PROJ_CATG_TBL_STG_CURR,dbo,CTSAZSIMIBCAPPS2.INSO1A101C37461FA.DATABASE.WINDOWS.NET,CentralRepository,dbo
ctsazsimicrsmas.inso1a101c37461fa.database.windows.net,EDS_BC_Common_Trans_PUB,ESA_PS_PROJ_CATG_TBL_STG_CURR,dbo,CTSAZMIBCAPPS3.293366D454BB.DATABASE.WINDOWS.NET,CentralRepository,dbo
ctsazsimicrsmas.inso1a101c37461fa.database.windows.net,EDS_BC_Common_Trans_PUB,FMS_PS_CTS_ARB_RCYL_VW_STG_CURR,dbo,CTSAZSIMIPGN.INSO1A101C37461FA.DATABASE.WINDOWS.NET,CentralRepository,dbo
ctsazsimicrsmas.inso1a101c37461fa.database.windows.net,EDS_BC_Common_Trans_PUB,FMS_PS_CTS_ARB_RCYL_VW_STG_CURR,dbo,CTSAZSIMIPST.INSO1A101C37461FA.DATABASE.WINDOWS.NET,CentralRepository,dbo
ctsazsimicrsmas.inso1a101c37461fa.database.windows.net,EDS_BC_Common_Trans_PUB,FMS_PS_CTS_ARB_RCYL_VW_STG_CURR,dbo,CTSAZSIMIPTM.INSO1A101C37461FA.DATABASE.WINDOWS.NET,CentralRepository,dbo
ctsazsimicrsmas.inso1a101c37461fa.database.windows.net,EDS_BC_Common_Trans_PUB,FMS_PS_CTS_ARB_RCYL_VW_STG_CURR,dbo,CTSAZSIMIBCAPPS1.INSO1A101C37461FA.DATABASE.WINDOWS.NET,CentralRepository,dbo
ctsazsimicrsmas.inso1a101c37461fa.database.windows.net,EDS_BC_Common_Trans_PUB,FMS_PS_CTS_ARB_RCYL_VW_STG_CURR,dbo,CTSAZSIMIBCAPPS2.INSO1A101C37461FA.DATABASE.WINDOWS.NET,CentralRepository,dbo
ctsazsimicrsmas.inso1a101c37461fa.database.windows.net,EDS_BC_Common_Trans_PUB,FMS_PS_CTS_ARB_RCYL_VW_STG_CURR,dbo,CTSAZMIBCAPPS3.293366D454BB.DATABASE.WINDOWS.NET,CentralRepository,dbo
ctsazsimicrsmas.inso1a101c37461fa.database.windows.net,EDS_BC_Common_Trans_PUB,FMS_PS_CTS_ARB_VCHR_VW_STG_CURR,dbo,CTSAZSIMIPGN.INSO1A101C37461FA.DATABASE.WINDOWS.NET,CentralRepository,dbo
ctsazsimicrsmas.inso1a101c37461fa.database.windows.net,EDS_BC_Common_Trans_PUB,FMS_PS_CTS_ARB_VCHR_VW_STG_CURR,dbo,CTSAZSIMIPST.INSO1A101C37461FA.DATABASE.WINDOWS.NET,CentralRepository,dbo
ctsazsimicrsmas.inso1a101c37461fa.database.windows.net,EDS_BC_Common_Trans_PUB,FMS_PS_CTS_ARB_VCHR_VW_STG_CURR,dbo,CTSAZSIMIPTM.INSO1A101C37461FA.DATABASE.WINDOWS.NET,CentralRepository,dbo
ctsazsimicrsmas.inso1a101c37461fa.database.windows.net,EDS_BC_Common_Trans_PUB,FMS_PS_CTS_ARB_VCHR_VW_STG_CURR,dbo,CTSAZSIMIBCAPPS1.INSO1A101C37461FA.DATABASE.WINDOWS.NET,CentralRepository,dbo
ctsazsimicrsmas.inso1a101c37461fa.database.windows.net,EDS_BC_Common_Trans_PUB,FMS_PS_CTS_ARB_VCHR_VW_STG_CURR,dbo,CTSAZSIMIBCAPPS2.INSO1A101C37461FA.DATABASE.WINDOWS.NET,CentralRepository,dbo
ctsazsimicrsmas.inso1a101c37461fa.database.windows.net,EDS_BC_Common_Trans_PUB,FMS_PS_CTS_ARB_VCHR_VW_STG_CURR,dbo,CTSAZMIBCAPPS3.293366D454BB.DATABASE.WINDOWS.NET,CentralRepository,dbo
ctsazsimicrsmas.inso1a101c37461fa.database.windows.net,EDS_BC_Common_Trans_PUB,FMS_PS_CTS_COMBDATA_VW_STG_CURR,dbo,CTSAZSIMIPGN.INSO1A101C37461FA.DATABASE.WINDOWS.NET,CentralRepository,dbo
ctsazsimicrsmas.inso1a101c37461fa.database.windows.net,EDS_BC_Common_Trans_PUB,FMS_PS_CTS_COMBDATA_VW_STG_CURR,dbo,CTSAZSIMIPST.INSO1A101C37461FA.DATABASE.WINDOWS.NET,CentralRepository,dbo
ctsazsimicrsmas.inso1a101c37461fa.database.windows.net,EDS_BC_Common_Trans_PUB,FMS_PS_CTS_COMBDATA_VW_STG_CURR,dbo,CTSAZSIMIPTM.INSO1A101C37461FA.DATABASE.WINDOWS.NET,CentralRepository,dbo
ctsazsimicrsmas.inso1a101c37461fa.database.windows.net,EDS_BC_Common_Trans_PUB,FMS_PS_CTS_COMBDATA_VW_STG_CURR,dbo,CTSAZSIMIBCAPPS1.INSO1A101C37461FA.DATABASE.WINDOWS.NET,CentralRepository,dbo
ctsazsimicrsmas.inso1a101c37461fa.database.windows.net,EDS_BC_Common_Trans_PUB,FMS_PS_CTS_COMBDATA_VW_STG_CURR,dbo,CTSAZSIMIBCAPPS2.INSO1A101C37461FA.DATABASE.WINDOWS.NET,CentralRepository,dbo
ctsazsimicrsmas.inso1a101c37461fa.database.windows.net,EDS_BC_Common_Trans_PUB,FMS_PS_CTS_COMBDATA_VW_STG_CURR,dbo,CTSAZMIBCAPPS3.293366D454BB.DATABASE.WINDOWS.NET,CentralRepository,dbo
ctsazsimicrsmas.inso1a101c37461fa.database.windows.net,EDS_BC_Common_Trans_PUB,FMS_PS_CTS_ETAX_RTDLVW_STG_CURR,dbo,CTSAZSIMIPGN.INSO1A101C37461FA.DATABASE.WINDOWS.NET,CentralRepository,dbo
ctsazsimicrsmas.inso1a101c37461fa.database.windows.net,EDS_BC_Common_Trans_PUB,FMS_PS_CTS_ETAX_RTDLVW_STG_CURR,dbo,CTSAZSIMIPST.INSO1A101C37461FA.DATABASE.WINDOWS.NET,CentralRepository,dbo
ctsazsimicrsmas.inso1a101c37461fa.database.windows.net,EDS_BC_Common_Trans_PUB,FMS_PS_CTS_ETAX_RTDLVW_STG_CURR,dbo,CTSAZSIMIPTM.INSO1A101C37461FA.DATABASE.WINDOWS.NET,CentralRepository,dbo
ctsazsimicrsmas.inso1a101c37461fa.database.windows.net,EDS_BC_Common_Trans_PUB,FMS_PS_CTS_ETAX_RTDLVW_STG_CURR,dbo,CTSAZSIMIBCAPPS1.INSO1A101C37461FA.DATABASE.WINDOWS.NET,CentralRepository,dbo
ctsazsimicrsmas.inso1a101c37461fa.database.windows.net,EDS_BC_Common_Trans_PUB,FMS_PS_CTS_ETAX_RTDLVW_STG_CURR,dbo,CTSAZSIMIBCAPPS2.INSO1A101C37461FA.DATABASE.WINDOWS.NET,CentralRepository,dbo
ctsazsimicrsmas.inso1a101c37461fa.database.windows.net,EDS_BC_Common_Trans_PUB,FMS_PS_CTS_ETAX_RTDLVW_STG_CURR,dbo,CTSAZMIBCAPPS3.293366D454BB.DATABASE.WINDOWS.NET,CentralRepository,dbo
ctsazsimicrsmas.inso1a101c37461fa.database.windows.net,EDS_BC_Common_Trans_PUB,FMS_PS_CTS_GL_ACCT_STG_STG_CURR,dbo,CTSAZSIMIPGN.INSO1A101C37461FA.DATABASE.WINDOWS.NET,CentralRepository,dbo
ctsazsimicrsmas.inso1a101c37461fa.database.windows.net,EDS_BC_Common_Trans_PUB,FMS_PS_CTS_GL_ACCT_STG_STG_CURR,dbo,CTSAZSIMIPST.INSO1A101C37461FA.DATABASE.WINDOWS.NET,CentralRepository,dbo
ctsazsimicrsmas.inso1a101c37461fa.database.windows.net,EDS_BC_Common_Trans_PUB,FMS_PS_CTS_GL_ACCT_STG_STG_CURR,dbo,CTSAZSIMIPTM.INSO1A101C37461FA.DATABASE.WINDOWS.NET,CentralRepository,dbo
ctsazsimicrsmas.inso1a101c37461fa.database.windows.net,EDS_BC_Common_Trans_PUB,FMS_PS_CTS_GL_ACCT_STG_STG_CURR,dbo,CTSAZSIMIBCAPPS1.INSO1A101C37461FA.DATABASE.WINDOWS.NET,CentralRepository,dbo
ctsazsimicrsmas.inso1a101c37461fa.database.windows.net,EDS_BC_Common_Trans_PUB,FMS_PS_CTS_GL_ACCT_STG_STG_CURR,dbo,CTSAZSIMIBCAPPS2.INSO1A101C37461FA.DATABASE.WINDOWS.NET,CentralRepository,dbo
ctsazsimicrsmas.inso1a101c37461fa.database.windows.net,EDS_BC_Common_Trans_PUB,FMS_PS_CTS_GL_ACCT_STG_STG_CURR,dbo,CTSAZMIBCAPPS3.293366D454BB.DATABASE.WINDOWS.NET,CentralRepository,dbo
ctsazsimicrsmas.inso1a101c37461fa.database.windows.net,EDS_BC_Common_Trans_PUB,FMS_PS_CTS_GLBUSUNT_VW_STG_CURR,dbo,CTSAZSIMIPGN.INSO1A101C37461FA.DATABASE.WINDOWS.NET,CentralRepository,dbo
ctsazsimicrsmas.inso1a101c37461fa.database.windows.net,EDS_BC_Common_Trans_PUB,FMS_PS_CTS_GLBUSUNT_VW_STG_CURR,dbo,CTSAZSIMIPST.INSO1A101C37461FA.DATABASE.WINDOWS.NET,CentralRepository,dbo
ctsazsimicrsmas.inso1a101c37461fa.database.windows.net,EDS_BC_Common_Trans_PUB,FMS_PS_CTS_GLBUSUNT_VW_STG_CURR,dbo,CTSAZSIMIPTM.INSO1A101C37461FA.DATABASE.WINDOWS.NET,CentralRepository,dbo
ctsazsimicrsmas.inso1a101c37461fa.database.windows.net,EDS_BC_Common_Trans_PUB,FMS_PS_CTS_GLBUSUNT_VW_STG_CURR,dbo,CTSAZSIMIBCAPPS1.INSO1A101C37461FA.DATABASE.WINDOWS.NET,CentralRepository,dbo
ctsazsimicrsmas.inso1a101c37461fa.database.windows.net,EDS_BC_Common_Trans_PUB,FMS_PS_CTS_GLBUSUNT_VW_STG_CURR,dbo,CTSAZSIMIBCAPPS2.INSO1A101C37461FA.DATABASE.WINDOWS.NET,CentralRepository,dbo
ctsazsimicrsmas.inso1a101c37461fa.database.windows.net,EDS_BC_Common_Trans_PUB,FMS_PS_CTS_GLBUSUNT_VW_STG_CURR,dbo,CTSAZMIBCAPPS3.293366D454BB.DATABASE.WINDOWS.NET,CentralRepository,dbo
ctsazsimicrsmas.inso1a101c37461fa.database.windows.net,EDS_BC_Common_Trans_PUB,FMS_PS_CTS_PMT_STEP_VW_STG_CURR,dbo,CTSAZSIMIPGN.INSO1A101C37461FA.DATABASE.WINDOWS.NET,CentralRepository,dbo
ctsazsimicrsmas.inso1a101c37461fa.database.windows.net,EDS_BC_Common_Trans_PUB,FMS_PS_CTS_PMT_STEP_VW_STG_CURR,dbo,CTSAZSIMIPST.INSO1A101C37461FA.DATABASE.WINDOWS.NET,CentralRepository,dbo
ctsazsimicrsmas.inso1a101c37461fa.database.windows.net,EDS_BC_Common_Trans_PUB,FMS_PS_CTS_PMT_STEP_VW_STG_CURR,dbo,CTSAZSIMIPTM.INSO1A101C37461FA.DATABASE.WINDOWS.NET,CentralRepository,dbo
ctsazsimicrsmas.inso1a101c37461fa.database.windows.net,EDS_BC_Common_Trans_PUB,FMS_PS_CTS_PMT_STEP_VW_STG_CURR,dbo,CTSAZSIMIBCAPPS1.INSO1A101C37461FA.DATABASE.WINDOWS.NET,CentralRepository,dbo
ctsazsimicrsmas.inso1a101c37461fa.database.windows.net,EDS_BC_Common_Trans_PUB,FMS_PS_CTS_PMT_STEP_VW_STG_CURR,dbo,CTSAZSIMIBCAPPS2.INSO1A101C37461FA.DATABASE.WINDOWS.NET,CentralRepository,dbo
ctsazsimicrsmas.inso1a101c37461fa.database.windows.net,EDS_BC_Common_Trans_PUB,FMS_PS_CTS_PMT_STEP_VW_STG_CURR,dbo,CTSAZMIBCAPPS3.293366D454BB.DATABASE.WINDOWS.NET,CentralRepository,dbo
ctsazsimicrsmas.inso1a101c37461fa.database.windows.net,EDS_BC_Common_Trans_PUB,FMS_PS_CTS_PMT_TRMS_VW_STG_CURR,dbo,CTSAZSIMIPGN.INSO1A101C37461FA.DATABASE.WINDOWS.NET,CentralRepository,dbo
ctsazsimicrsmas.inso1a101c37461fa.database.windows.net,EDS_BC_Common_Trans_PUB,FMS_PS_CTS_PMT_TRMS_VW_STG_CURR,dbo,CTSAZSIMIPST.INSO1A101C37461FA.DATABASE.WINDOWS.NET,CentralRepository,dbo
ctsazsimicrsmas.inso1a101c37461fa.database.windows.net,EDS_BC_Common_Trans_PUB,FMS_PS_CTS_PMT_TRMS_VW_STG_CURR,dbo,CTSAZSIMIPTM.INSO1A101C37461FA.DATABASE.WINDOWS.NET,CentralRepository,dbo
ctsazsimicrsmas.inso1a101c37461fa.database.windows.net,EDS_BC_Common_Trans_PUB,FMS_PS_CTS_PMT_TRMS_VW_STG_CURR,dbo,CTSAZSIMIBCAPPS1.INSO1A101C37461FA.DATABASE.WINDOWS.NET,CentralRepository,dbo
ctsazsimicrsmas.inso1a101c37461fa.database.windows.net,EDS_BC_Common_Trans_PUB,FMS_PS_CTS_PMT_TRMS_VW_STG_CURR,dbo,CTSAZSIMIBCAPPS2.INSO1A101C37461FA.DATABASE.WINDOWS.NET,CentralRepository,dbo
ctsazsimicrsmas.inso1a101c37461fa.database.windows.net,EDS_BC_Common_Trans_PUB,FMS_PS_CTS_PMT_TRMS_VW_STG_CURR,dbo,CTSAZMIBCAPPS3.293366D454BB.DATABASE.WINDOWS.NET,CentralRepository,dbo
ctsazsimicrsmas.inso1a101c37461fa.database.windows.net,EDS_BC_Common_Trans_PUB,FMS_PS_CTS_PROFILE_VW_STG_CURR,dbo,CTSAZSIMIPGN.INSO1A101C37461FA.DATABASE.WINDOWS.NET,CentralRepository,dbo
ctsazsimicrsmas.inso1a101c37461fa.database.windows.net,EDS_BC_Common_Trans_PUB,FMS_PS_CTS_PROFILE_VW_STG_CURR,dbo,CTSAZSIMIPST.INSO1A101C37461FA.DATABASE.WINDOWS.NET,CentralRepository,dbo
ctsazsimicrsmas.inso1a101c37461fa.database.windows.net,EDS_BC_Common_Trans_PUB,FMS_PS_CTS_PROFILE_VW_STG_CURR,dbo,CTSAZSIMIPTM.INSO1A101C37461FA.DATABASE.WINDOWS.NET,CentralRepository,dbo
ctsazsimicrsmas.inso1a101c37461fa.database.windows.net,EDS_BC_Common_Trans_PUB,FMS_PS_CTS_PROFILE_VW_STG_CURR,dbo,CTSAZSIMIBCAPPS1.INSO1A101C37461FA.DATABASE.WINDOWS.NET,CentralRepository,dbo
ctsazsimicrsmas.inso1a101c37461fa.database.windows.net,EDS_BC_Common_Trans_PUB,FMS_PS_CTS_PROFILE_VW_STG_CURR,dbo,CTSAZSIMIBCAPPS2.INSO1A101C37461FA.DATABASE.WINDOWS.NET,CentralRepository,dbo
ctsazsimicrsmas.inso1a101c37461fa.database.windows.net,EDS_BC_Common_Trans_PUB,FMS_PS_CTS_PROFILE_VW_STG_CURR,dbo,CTSAZMIBCAPPS3.293366D454BB.DATABASE.WINDOWS.NET,CentralRepository,dbo
ctsazsimicrsmas.inso1a101c37461fa.database.windows.net,EDS_BC_Common_Trans_PUB,FMS_PS_CTS_PYMT_DET_VW_STG_CURR,dbo,CTSAZSIMIPGN.INSO1A101C37461FA.DATABASE.WINDOWS.NET,CentralRepository,dbo
ctsazsimicrsmas.inso1a101c37461fa.database.windows.net,EDS_BC_Common_Trans_PUB,FMS_PS_CTS_PYMT_DET_VW_STG_CURR,dbo,CTSAZSIMIPST.INSO1A101C37461FA.DATABASE.WINDOWS.NET,CentralRepository,dbo
ctsazsimicrsmas.inso1a101c37461fa.database.windows.net,EDS_BC_Common_Trans_PUB,FMS_PS_CTS_PYMT_DET_VW_STG_CURR,dbo,CTSAZSIMIPTM.INSO1A101C37461FA.DATABASE.WINDOWS.NET,CentralRepository,dbo
ctsazsimicrsmas.inso1a101c37461fa.database.windows.net,EDS_BC_Common_Trans_PUB,FMS_PS_CTS_PYMT_DET_VW_STG_CURR,dbo,CTSAZSIMIBCAPPS1.INSO1A101C37461FA.DATABASE.WINDOWS.NET,CentralRepository,dbo
ctsazsimicrsmas.inso1a101c37461fa.database.windows.net,EDS_BC_Common_Trans_PUB,FMS_PS_CTS_PYMT_DET_VW_STG_CURR,dbo,CTSAZSIMIBCAPPS2.INSO1A101C37461FA.DATABASE.WINDOWS.NET,CentralRepository,dbo
ctsazsimicrsmas.inso1a101c37461fa.database.windows.net,EDS_BC_Common_Trans_PUB,FMS_PS_CTS_PYMT_DET_VW_STG_CURR,dbo,CTSAZMIBCAPPS3.293366D454BB.DATABASE.WINDOWS.NET,CentralRepository,dbo
ctsazsimicrsmas.inso1a101c37461fa.database.windows.net,EDS_BC_Common_Trans_PUB,FMS_PS_CTS_SET_ID_VW_STG_CURR,dbo,CTSAZSIMIPGN.INSO1A101C37461FA.DATABASE.WINDOWS.NET,CentralRepository,dbo
ctsazsimicrsmas.inso1a101c37461fa.database.windows.net,EDS_BC_Common_Trans_PUB,FMS_PS_CTS_SET_ID_VW_STG_CURR,dbo,CTSAZSIMIPST.INSO1A101C37461FA.DATABASE.WINDOWS.NET,CentralRepository,dbo
ctsazsimicrsmas.inso1a101c37461fa.database.windows.net,EDS_BC_Common_Trans_PUB,FMS_PS_CTS_SET_ID_VW_STG_CURR,dbo,CTSAZSIMIPTM.INSO1A101C37461FA.DATABASE.WINDOWS.NET,CentralRepository,dbo
ctsazsimicrsmas.inso1a101c37461fa.database.windows.net,EDS_BC_Common_Trans_PUB,FMS_PS_CTS_SET_ID_VW_STG_CURR,dbo,CTSAZSIMIBCAPPS1.INSO1A101C37461FA.DATABASE.WINDOWS.NET,CentralRepository,dbo
ctsazsimicrsmas.inso1a101c37461fa.database.windows.net,EDS_BC_Common_Trans_PUB,FMS_PS_CTS_SET_ID_VW_STG_CURR,dbo,CTSAZSIMIBCAPPS2.INSO1A101C37461FA.DATABASE.WINDOWS.NET,CentralRepository,dbo
ctsazsimicrsmas.inso1a101c37461fa.database.windows.net,EDS_BC_Common_Trans_PUB,FMS_PS_CTS_SET_ID_VW_STG_CURR,dbo,CTSAZMIBCAPPS3.293366D454BB.DATABASE.WINDOWS.NET,CentralRepository,dbo
ctsazsimicrsmas.inso1a101c37461fa.database.windows.net,EDS_BC_Common_Trans_PUB,FMS_PS_CTS_TAX_HDR_VW_STG_CURR,dbo,CTSAZSIMIPGN.INSO1A101C37461FA.DATABASE.WINDOWS.NET,CentralRepository,dbo
ctsazsimicrsmas.inso1a101c37461fa.database.windows.net,EDS_BC_Common_Trans_PUB,FMS_PS_CTS_TAX_HDR_VW_STG_CURR,dbo,CTSAZSIMIPST.INSO1A101C37461FA.DATABASE.WINDOWS.NET,CentralRepository,dbo
ctsazsimicrsmas.inso1a101c37461fa.database.windows.net,EDS_BC_Common_Trans_PUB,FMS_PS_CTS_TAX_HDR_VW_STG_CURR,dbo,CTSAZSIMIPTM.INSO1A101C37461FA.DATABASE.WINDOWS.NET,CentralRepository,dbo
ctsazsimicrsmas.inso1a101c37461fa.database.windows.net,EDS_BC_Common_Trans_PUB,FMS_PS_CTS_TAX_HDR_VW_STG_CURR,dbo,CTSAZSIMIBCAPPS1.INSO1A101C37461FA.DATABASE.WINDOWS.NET,CentralRepository,dbo
ctsazsimicrsmas.inso1a101c37461fa.database.windows.net,EDS_BC_Common_Trans_PUB,FMS_PS_CTS_TAX_HDR_VW_STG_CURR,dbo,CTSAZSIMIBCAPPS2.INSO1A101C37461FA.DATABASE.WINDOWS.NET,CentralRepository,dbo
ctsazsimicrsmas.inso1a101c37461fa.database.windows.net,EDS_BC_Common_Trans_PUB,FMS_PS_CTS_TAX_HDR_VW_STG_CURR,dbo,CTSAZMIBCAPPS3.293366D454BB.DATABASE.WINDOWS.NET,CentralRepository,dbo
ctsazsimicrsmas.inso1a101c37461fa.database.windows.net,EDS_BC_Common_Trans_PUB,FMS_PS_CTS_VDR_LOC_STG_STG_CURR,dbo,CTSAZSIMIPGN.INSO1A101C37461FA.DATABASE.WINDOWS.NET,CentralRepository,dbo
ctsazsimicrsmas.inso1a101c37461fa.database.windows.net,EDS_BC_Common_Trans_PUB,FMS_PS_CTS_VDR_LOC_STG_STG_CURR,dbo,CTSAZSIMIPST.INSO1A101C37461FA.DATABASE.WINDOWS.NET,CentralRepository,dbo
ctsazsimicrsmas.inso1a101c37461fa.database.windows.net,EDS_BC_Common_Trans_PUB,FMS_PS_CTS_VDR_LOC_STG_STG_CURR,dbo,CTSAZSIMIPTM.INSO1A101C37461FA.DATABASE.WINDOWS.NET,CentralRepository,dbo
ctsazsimicrsmas.inso1a101c37461fa.database.windows.net,EDS_BC_Common_Trans_PUB,FMS_PS_CTS_VDR_LOC_STG_STG_CURR,dbo,CTSAZSIMIBCAPPS1.INSO1A101C37461FA.DATABASE.WINDOWS.NET,CentralRepository,dbo
ctsazsimicrsmas.inso1a101c37461fa.database.windows.net,EDS_BC_Common_Trans_PUB,FMS_PS_CTS_VDR_LOC_STG_STG_CURR,dbo,CTSAZSIMIBCAPPS2.INSO1A101C37461FA.DATABASE.WINDOWS.NET,CentralRepository,dbo
ctsazsimicrsmas.inso1a101c37461fa.database.windows.net,EDS_BC_Common_Trans_PUB,FMS_PS_CTS_VDR_LOC_STG_STG_CURR,dbo,CTSAZMIBCAPPS3.293366D454BB.DATABASE.WINDOWS.NET,CentralRepository,dbo
ctsazsimicrsmas.inso1a101c37461fa.database.windows.net,EDS_BC_Common_Trans_PUB,FMS_PS_CTS_VDR_ORG_STG_STG_CURR,dbo,CTSAZSIMIPGN.INSO1A101C37461FA.DATABASE.WINDOWS.NET,CentralRepository,dbo
ctsazsimicrsmas.inso1a101c37461fa.database.windows.net,EDS_BC_Common_Trans_PUB,FMS_PS_CTS_VDR_ORG_STG_STG_CURR,dbo,CTSAZSIMIPST.INSO1A101C37461FA.DATABASE.WINDOWS.NET,CentralRepository,dbo
ctsazsimicrsmas.inso1a101c37461fa.database.windows.net,EDS_BC_Common_Trans_PUB,FMS_PS_CTS_VDR_ORG_STG_STG_CURR,dbo,CTSAZSIMIPTM.INSO1A101C37461FA.DATABASE.WINDOWS.NET,CentralRepository,dbo
ctsazsimicrsmas.inso1a101c37461fa.database.windows.net,EDS_BC_Common_Trans_PUB,FMS_PS_CTS_VDR_ORG_STG_STG_CURR,dbo,CTSAZSIMIBCAPPS1.INSO1A101C37461FA.DATABASE.WINDOWS.NET,CentralRepository,dbo
ctsazsimicrsmas.inso1a101c37461fa.database.windows.net,EDS_BC_Common_Trans_PUB,FMS_PS_CTS_VDR_ORG_STG_STG_CURR,dbo,CTSAZSIMIBCAPPS2.INSO1A101C37461FA.DATABASE.WINDOWS.NET,CentralRepository,dbo
ctsazsimicrsmas.inso1a101c37461fa.database.windows.net,EDS_BC_Common_Trans_PUB,FMS_PS_CTS_VDR_ORG_STG_STG_CURR,dbo,CTSAZMIBCAPPS3.293366D454BB.DATABASE.WINDOWS.NET,CentralRepository,dbo
ctsazsimicrsmas.inso1a101c37461fa.database.windows.net,EDS_BC_Common_Trans_PUB,FMS_PS_CTS_VDR_SUP_STG_STG_CURR,dbo,CTSAZSIMIPGN.INSO1A101C37461FA.DATABASE.WINDOWS.NET,CentralRepository,dbo
ctsazsimicrsmas.inso1a101c37461fa.database.windows.net,EDS_BC_Common_Trans_PUB,FMS_PS_CTS_VDR_SUP_STG_STG_CURR,dbo,CTSAZSIMIPST.INSO1A101C37461FA.DATABASE.WINDOWS.NET,CentralRepository,dbo
ctsazsimicrsmas.inso1a101c37461fa.database.windows.net,EDS_BC_Common_Trans_PUB,FMS_PS_CTS_VDR_SUP_STG_STG_CURR,dbo,CTSAZSIMIPTM.INSO1A101C37461FA.DATABASE.WINDOWS.NET,CentralRepository,dbo
ctsazsimicrsmas.inso1a101c37461fa.database.windows.net,EDS_BC_Common_Trans_PUB,FMS_PS_CTS_VDR_SUP_STG_STG_CURR,dbo,CTSAZSIMIBCAPPS1.INSO1A101C37461FA.DATABASE.WINDOWS.NET,CentralRepository,dbo
ctsazsimicrsmas.inso1a101c37461fa.database.windows.net,EDS_BC_Common_Trans_PUB,FMS_PS_CTS_VDR_SUP_STG_STG_CURR,dbo,CTSAZSIMIBCAPPS2.INSO1A101C37461FA.DATABASE.WINDOWS.NET,CentralRepository,dbo
ctsazsimicrsmas.inso1a101c37461fa.database.windows.net,EDS_BC_Common_Trans_PUB,FMS_PS_CTS_VDR_SUP_STG_STG_CURR,dbo,CTSAZMIBCAPPS3.293366D454BB.DATABASE.WINDOWS.NET,CentralRepository,dbo
ctsazsimicrsmas.inso1a101c37461fa.database.windows.net,EDS_BC_Common_Trans_PUB,FMS_PS_CTS_VNDR_ADDRVW_STG_CURR,dbo,CTSAZSIMIPGN.INSO1A101C37461FA.DATABASE.WINDOWS.NET,CentralRepository,dbo
ctsazsimicrsmas.inso1a101c37461fa.database.windows.net,EDS_BC_Common_Trans_PUB,FMS_PS_CTS_VNDR_ADDRVW_STG_CURR,dbo,CTSAZSIMIPST.INSO1A101C37461FA.DATABASE.WINDOWS.NET,CentralRepository,dbo
ctsazsimicrsmas.inso1a101c37461fa.database.windows.net,EDS_BC_Common_Trans_PUB,FMS_PS_CTS_VNDR_ADDRVW_STG_CURR,dbo,CTSAZSIMIPTM.INSO1A101C37461FA.DATABASE.WINDOWS.NET,CentralRepository,dbo
ctsazsimicrsmas.inso1a101c37461fa.database.windows.net,EDS_BC_Common_Trans_PUB,FMS_PS_CTS_VNDR_ADDRVW_STG_CURR,dbo,CTSAZSIMIBCAPPS1.INSO1A101C37461FA.DATABASE.WINDOWS.NET,CentralRepository,dbo
ctsazsimicrsmas.inso1a101c37461fa.database.windows.net,EDS_BC_Common_Trans_PUB,FMS_PS_CTS_VNDR_ADDRVW_STG_CURR,dbo,CTSAZSIMIBCAPPS2.INSO1A101C37461FA.DATABASE.WINDOWS.NET,CentralRepository,dbo
ctsazsimicrsmas.inso1a101c37461fa.database.windows.net,EDS_BC_Common_Trans_PUB,FMS_PS_CTS_VNDR_ADDRVW_STG_CURR,dbo,CTSAZMIBCAPPS3.293366D454BB.DATABASE.WINDOWS.NET,CentralRepository,dbo
ctsazsimicrsmas.inso1a101c37461fa.database.windows.net,EDS_BC_Common_Trans_PUB,FMS_PS_CTS_VNDR_CNTCVW_STG_CURR,dbo,CTSAZSIMIPGN.INSO1A101C37461FA.DATABASE.WINDOWS.NET,CentralRepository,dbo
ctsazsimicrsmas.inso1a101c37461fa.database.windows.net,EDS_BC_Common_Trans_PUB,FMS_PS_CTS_VNDR_CNTCVW_STG_CURR,dbo,CTSAZSIMIPST.INSO1A101C37461FA.DATABASE.WINDOWS.NET,CentralRepository,dbo
ctsazsimicrsmas.inso1a101c37461fa.database.windows.net,EDS_BC_Common_Trans_PUB,FMS_PS_CTS_VNDR_CNTCVW_STG_CURR,dbo,CTSAZSIMIPTM.INSO1A101C37461FA.DATABASE.WINDOWS.NET,CentralRepository,dbo
ctsazsimicrsmas.inso1a101c37461fa.database.windows.net,EDS_BC_Common_Trans_PUB,FMS_PS_CTS_VNDR_CNTCVW_STG_CURR,dbo,CTSAZSIMIBCAPPS1.INSO1A101C37461FA.DATABASE.WINDOWS.NET,CentralRepository,dbo
ctsazsimicrsmas.inso1a101c37461fa.database.windows.net,EDS_BC_Common_Trans_PUB,FMS_PS_CTS_VNDR_CNTCVW_STG_CURR,dbo,CTSAZSIMIBCAPPS2.INSO1A101C37461FA.DATABASE.WINDOWS.NET,CentralRepository,dbo
ctsazsimicrsmas.inso1a101c37461fa.database.windows.net,EDS_BC_Common_Trans_PUB,FMS_PS_CTS_VNDR_CNTCVW_STG_CURR,dbo,CTSAZMIBCAPPS3.293366D454BB.DATABASE.WINDOWS.NET,CentralRepository,dbo
ctsazsimicrsmas.inso1a101c37461fa.database.windows.net,EDS_BC_Common_Trans_PUB,FMS_PS_CTS_VNDR_ID_STG_STG_CURR,dbo,CTSAZSIMIPGN.INSO1A101C37461FA.DATABASE.WINDOWS.NET,CentralRepository,dbo
ctsazsimicrsmas.inso1a101c37461fa.database.windows.net,EDS_BC_Common_Trans_PUB,FMS_PS_CTS_VNDR_ID_STG_STG_CURR,dbo,CTSAZSIMIPST.INSO1A101C37461FA.DATABASE.WINDOWS.NET,CentralRepository,dbo
ctsazsimicrsmas.inso1a101c37461fa.database.windows.net,EDS_BC_Common_Trans_PUB,FMS_PS_CTS_VNDR_ID_STG_STG_CURR,dbo,CTSAZSIMIPTM.INSO1A101C37461FA.DATABASE.WINDOWS.NET,CentralRepository,dbo
ctsazsimicrsmas.inso1a101c37461fa.database.windows.net,EDS_BC_Common_Trans_PUB,FMS_PS_CTS_VNDR_ID_STG_STG_CURR,dbo,CTSAZSIMIBCAPPS1.INSO1A101C37461FA.DATABASE.WINDOWS.NET,CentralRepository,dbo
ctsazsimicrsmas.inso1a101c37461fa.database.windows.net,EDS_BC_Common_Trans_PUB,FMS_PS_CTS_VNDR_ID_STG_STG_CURR,dbo,CTSAZSIMIBCAPPS2.INSO1A101C37461FA.DATABASE.WINDOWS.NET,CentralRepository,dbo
ctsazsimicrsmas.inso1a101c37461fa.database.windows.net,EDS_BC_Common_Trans_PUB,FMS_PS_CTS_VNDR_ID_STG_STG_CURR,dbo,CTSAZMIBCAPPS3.293366D454BB.DATABASE.WINDOWS.NET,CentralRepository,dbo
ctsazsimicrsmas.inso1a101c37461fa.database.windows.net,EDS_BC_Common_Trans_PUB,FMS_PS_CTS_VNDR_IDN_VW_STG_CURR,dbo,CTSAZSIMIPGN.INSO1A101C37461FA.DATABASE.WINDOWS.NET,CentralRepository,dbo
ctsazsimicrsmas.inso1a101c37461fa.database.windows.net,EDS_BC_Common_Trans_PUB,FMS_PS_CTS_VNDR_IDN_VW_STG_CURR,dbo,CTSAZSIMIPST.INSO1A101C37461FA.DATABASE.WINDOWS.NET,CentralRepository,dbo
ctsazsimicrsmas.inso1a101c37461fa.database.windows.net,EDS_BC_Common_Trans_PUB,FMS_PS_CTS_VNDR_IDN_VW_STG_CURR,dbo,CTSAZSIMIPTM.INSO1A101C37461FA.DATABASE.WINDOWS.NET,CentralRepository,dbo
ctsazsimicrsmas.inso1a101c37461fa.database.windows.net,EDS_BC_Common_Trans_PUB,FMS_PS_CTS_VNDR_IDN_VW_STG_CURR,dbo,CTSAZSIMIBCAPPS1.INSO1A101C37461FA.DATABASE.WINDOWS.NET,CentralRepository,dbo
ctsazsimicrsmas.inso1a101c37461fa.database.windows.net,EDS_BC_Common_Trans_PUB,FMS_PS_CTS_VNDR_IDN_VW_STG_CURR,dbo,CTSAZSIMIBCAPPS2.INSO1A101C37461FA.DATABASE.WINDOWS.NET,CentralRepository,dbo
ctsazsimicrsmas.inso1a101c37461fa.database.windows.net,EDS_BC_Common_Trans_PUB,FMS_PS_CTS_VNDR_IDN_VW_STG_CURR,dbo,CTSAZMIBCAPPS3.293366D454BB.DATABASE.WINDOWS.NET,CentralRepository,dbo
ctsazsimicrsmas.inso1a101c37461fa.database.windows.net,EDS_BC_Common_Trans_PUB,FMS_PS_CTS_VNDR_LOC_VW_STG_CURR,dbo,CTSAZSIMIPGN.INSO1A101C37461FA.DATABASE.WINDOWS.NET,CentralRepository,dbo
ctsazsimicrsmas.inso1a101c37461fa.database.windows.net,EDS_BC_Common_Trans_PUB,FMS_PS_CTS_VNDR_LOC_VW_STG_CURR,dbo,CTSAZSIMIPST.INSO1A101C37461FA.DATABASE.WINDOWS.NET,CentralRepository,dbo
ctsazsimicrsmas.inso1a101c37461fa.database.windows.net,EDS_BC_Common_Trans_PUB,FMS_PS_CTS_VNDR_LOC_VW_STG_CURR,dbo,CTSAZSIMIPTM.INSO1A101C37461FA.DATABASE.WINDOWS.NET,CentralRepository,dbo
ctsazsimicrsmas.inso1a101c37461fa.database.windows.net,EDS_BC_Common_Trans_PUB,FMS_PS_CTS_VNDR_LOC_VW_STG_CURR,dbo,CTSAZSIMIBCAPPS1.INSO1A101C37461FA.DATABASE.WINDOWS.NET,CentralRepository,dbo
ctsazsimicrsmas.inso1a101c37461fa.database.windows.net,EDS_BC_Common_Trans_PUB,FMS_PS_CTS_VNDR_LOC_VW_STG_CURR,dbo,CTSAZSIMIBCAPPS2.INSO1A101C37461FA.DATABASE.WINDOWS.NET,CentralRepository,dbo
ctsazsimicrsmas.inso1a101c37461fa.database.windows.net,EDS_BC_Common_Trans_PUB,FMS_PS_CTS_VNDR_LOC_VW_STG_CURR,dbo,CTSAZMIBCAPPS3.293366D454BB.DATABASE.WINDOWS.NET,CentralRepository,dbo
ctsazsimicrsmas.inso1a101c37461fa.database.windows.net,EDS_BC_Common_Trans_PUB,FMS_PS_CTS_VNDR_STG_STG_CURR,dbo,CTSAZSIMIPGN.INSO1A101C37461FA.DATABASE.WINDOWS.NET,CentralRepository,dbo
ctsazsimicrsmas.inso1a101c37461fa.database.windows.net,EDS_BC_Common_Trans_PUB,FMS_PS_CTS_VNDR_STG_STG_CURR,dbo,CTSAZSIMIPST.INSO1A101C37461FA.DATABASE.WINDOWS.NET,CentralRepository,dbo
ctsazsimicrsmas.inso1a101c37461fa.database.windows.net,EDS_BC_Common_Trans_PUB,FMS_PS_CTS_VNDR_STG_STG_CURR,dbo,CTSAZSIMIPTM.INSO1A101C37461FA.DATABASE.WINDOWS.NET,CentralRepository,dbo
ctsazsimicrsmas.inso1a101c37461fa.database.windows.net,EDS_BC_Common_Trans_PUB,FMS_PS_CTS_VNDR_STG_STG_CURR,dbo,CTSAZSIMIBCAPPS1.INSO1A101C37461FA.DATABASE.WINDOWS.NET,CentralRepository,dbo
ctsazsimicrsmas.inso1a101c37461fa.database.windows.net,EDS_BC_Common_Trans_PUB,FMS_PS_CTS_VNDR_STG_STG_CURR,dbo,CTSAZSIMIBCAPPS2.INSO1A101C37461FA.DATABASE.WINDOWS.NET,CentralRepository,dbo
ctsazsimicrsmas.inso1a101c37461fa.database.windows.net,EDS_BC_Common_Trans_PUB,FMS_PS_CTS_VNDR_STG_STG_CURR,dbo,CTSAZMIBCAPPS3.293366D454BB.DATABASE.WINDOWS.NET,CentralRepository,dbo
ctsazsimicrsmas.inso1a101c37461fa.database.windows.net,EDS_BC_Common_Trans_PUB,FMS_PS_CTS_VNDR_WJURVW_STG_CURR,dbo,CTSAZSIMIPGN.INSO1A101C37461FA.DATABASE.WINDOWS.NET,CentralRepository,dbo
ctsazsimicrsmas.inso1a101c37461fa.database.windows.net,EDS_BC_Common_Trans_PUB,FMS_PS_CTS_VNDR_WJURVW_STG_CURR,dbo,CTSAZSIMIPST.INSO1A101C37461FA.DATABASE.WINDOWS.NET,CentralRepository,dbo
ctsazsimicrsmas.inso1a101c37461fa.database.windows.net,EDS_BC_Common_Trans_PUB,FMS_PS_CTS_VNDR_WJURVW_STG_CURR,dbo,CTSAZSIMIPTM.INSO1A101C37461FA.DATABASE.WINDOWS.NET,CentralRepository,dbo
ctsazsimicrsmas.inso1a101c37461fa.database.windows.net,EDS_BC_Common_Trans_PUB,FMS_PS_CTS_VNDR_WJURVW_STG_CURR,dbo,CTSAZSIMIBCAPPS1.INSO1A101C37461FA.DATABASE.WINDOWS.NET,CentralRepository,dbo
ctsazsimicrsmas.inso1a101c37461fa.database.windows.net,EDS_BC_Common_Trans_PUB,FMS_PS_CTS_VNDR_WJURVW_STG_CURR,dbo,CTSAZSIMIBCAPPS2.INSO1A101C37461FA.DATABASE.WINDOWS.NET,CentralRepository,dbo
ctsazsimicrsmas.inso1a101c37461fa.database.windows.net,EDS_BC_Common_Trans_PUB,FMS_PS_CTS_VNDR_WJURVW_STG_CURR,dbo,CTSAZMIBCAPPS3.293366D454BB.DATABASE.WINDOWS.NET,CentralRepository,dbo
ctsazsimicrsmas.inso1a101c37461fa.database.windows.net,EDS_BC_Common_Trans_PUB,FMS_PS_CTS_VNDR_WTHDVW_STG_CURR,dbo,CTSAZSIMIPGN.INSO1A101C37461FA.DATABASE.WINDOWS.NET,CentralRepository,dbo
ctsazsimicrsmas.inso1a101c37461fa.database.windows.net,EDS_BC_Common_Trans_PUB,FMS_PS_CTS_VNDR_WTHDVW_STG_CURR,dbo,CTSAZSIMIPST.INSO1A101C37461FA.DATABASE.WINDOWS.NET,CentralRepository,dbo
ctsazsimicrsmas.inso1a101c37461fa.database.windows.net,EDS_BC_Common_Trans_PUB,FMS_PS_CTS_VNDR_WTHDVW_STG_CURR,dbo,CTSAZSIMIPTM.INSO1A101C37461FA.DATABASE.WINDOWS.NET,CentralRepository,dbo
ctsazsimicrsmas.inso1a101c37461fa.database.windows.net,EDS_BC_Common_Trans_PUB,FMS_PS_CTS_VNDR_WTHDVW_STG_CURR,dbo,CTSAZSIMIBCAPPS1.INSO1A101C37461FA.DATABASE.WINDOWS.NET,CentralRepository,dbo
ctsazsimicrsmas.inso1a101c37461fa.database.windows.net,EDS_BC_Common_Trans_PUB,FMS_PS_CTS_VNDR_WTHDVW_STG_CURR,dbo,CTSAZSIMIBCAPPS2.INSO1A101C37461FA.DATABASE.WINDOWS.NET,CentralRepository,dbo
ctsazsimicrsmas.inso1a101c37461fa.database.windows.net,EDS_BC_Common_Trans_PUB,FMS_PS_CTS_VNDR_WTHDVW_STG_CURR,dbo,CTSAZMIBCAPPS3.293366D454BB.DATABASE.WINDOWS.NET,CentralRepository,dbo
ctsazsimicrsmas.inso1a101c37461fa.database.windows.net,EDS_BC_Common_Trans_PUB,FMS_PS_CTS_WTHDCD_D_VW_STG_CURR,dbo,CTSAZSIMIPGN.INSO1A101C37461FA.DATABASE.WINDOWS.NET,CentralRepository,dbo
ctsazsimicrsmas.inso1a101c37461fa.database.windows.net,EDS_BC_Common_Trans_PUB,FMS_PS_CTS_WTHDCD_D_VW_STG_CURR,dbo,CTSAZSIMIPST.INSO1A101C37461FA.DATABASE.WINDOWS.NET,CentralRepository,dbo
ctsazsimicrsmas.inso1a101c37461fa.database.windows.net,EDS_BC_Common_Trans_PUB,FMS_PS_CTS_WTHDCD_D_VW_STG_CURR,dbo,CTSAZSIMIPTM.INSO1A101C37461FA.DATABASE.WINDOWS.NET,CentralRepository,dbo
ctsazsimicrsmas.inso1a101c37461fa.database.windows.net,EDS_BC_Common_Trans_PUB,FMS_PS_CTS_WTHDCD_D_VW_STG_CURR,dbo,CTSAZSIMIBCAPPS1.INSO1A101C37461FA.DATABASE.WINDOWS.NET,CentralRepository,dbo
ctsazsimicrsmas.inso1a101c37461fa.database.windows.net,EDS_BC_Common_Trans_PUB,FMS_PS_CTS_WTHDCD_D_VW_STG_CURR,dbo,CTSAZSIMIBCAPPS2.INSO1A101C37461FA.DATABASE.WINDOWS.NET,CentralRepository,dbo
ctsazsimicrsmas.inso1a101c37461fa.database.windows.net,EDS_BC_Common_Trans_PUB,FMS_PS_CTS_WTHDCD_D_VW_STG_CURR,dbo,CTSAZMIBCAPPS3.293366D454BB.DATABASE.WINDOWS.NET,CentralRepository,dbo
ctsazsimicrsmas.inso1a101c37461fa.database.windows.net,EDS_BC_Common_Trans_PUB,FMS_PS_CTS_WTHDCD_H_VW_STG_CURR,dbo,CTSAZSIMIPGN.INSO1A101C37461FA.DATABASE.WINDOWS.NET,CentralRepository,dbo
ctsazsimicrsmas.inso1a101c37461fa.database.windows.net,EDS_BC_Common_Trans_PUB,FMS_PS_CTS_WTHDCD_H_VW_STG_CURR,dbo,CTSAZSIMIPST.INSO1A101C37461FA.DATABASE.WINDOWS.NET,CentralRepository,dbo
ctsazsimicrsmas.inso1a101c37461fa.database.windows.net,EDS_BC_Common_Trans_PUB,FMS_PS_CTS_WTHDCD_H_VW_STG_CURR,dbo,CTSAZSIMIPTM.INSO1A101C37461FA.DATABASE.WINDOWS.NET,CentralRepository,dbo
ctsazsimicrsmas.inso1a101c37461fa.database.windows.net,EDS_BC_Common_Trans_PUB,FMS_PS_CTS_WTHDCD_H_VW_STG_CURR,dbo,CTSAZSIMIBCAPPS1.INSO1A101C37461FA.DATABASE.WINDOWS.NET,CentralRepository,dbo
ctsazsimicrsmas.inso1a101c37461fa.database.windows.net,EDS_BC_Common_Trans_PUB,FMS_PS_CTS_WTHDCD_H_VW_STG_CURR,dbo,CTSAZSIMIBCAPPS2.INSO1A101C37461FA.DATABASE.WINDOWS.NET,CentralRepository,dbo
ctsazsimicrsmas.inso1a101c37461fa.database.windows.net,EDS_BC_Common_Trans_PUB,FMS_PS_CTS_WTHDCD_H_VW_STG_CURR,dbo,CTSAZMIBCAPPS3.293366D454BB.DATABASE.WINDOWS.NET,CentralRepository,dbo
ctsazsimicrsmas.inso1a101c37461fa.database.windows.net,EDS_BC_Common_Trans_PUB,FMS_PS_VENDOR_STG_CURR,dbo,CTSAZSIMIPGN.INSO1A101C37461FA.DATABASE.WINDOWS.NET,CentralRepository,dbo
ctsazsimicrsmas.inso1a101c37461fa.database.windows.net,EDS_BC_Common_Trans_PUB,FMS_PS_VENDOR_STG_CURR,dbo,CTSAZSIMIPST.INSO1A101C37461FA.DATABASE.WINDOWS.NET,CentralRepository,dbo
ctsazsimicrsmas.inso1a101c37461fa.database.windows.net,EDS_BC_Common_Trans_PUB,FMS_PS_VENDOR_STG_CURR,dbo,CTSAZSIMIPTM.INSO1A101C37461FA.DATABASE.WINDOWS.NET,CentralRepository,dbo
ctsazsimicrsmas.inso1a101c37461fa.database.windows.net,EDS_BC_Common_Trans_PUB,FMS_PS_VENDOR_STG_CURR,dbo,CTSAZSIMIBCAPPS1.INSO1A101C37461FA.DATABASE.WINDOWS.NET,CentralRepository,dbo
ctsazsimicrsmas.inso1a101c37461fa.database.windows.net,EDS_BC_Common_Trans_PUB,FMS_PS_VENDOR_STG_CURR,dbo,CTSAZSIMIBCAPPS2.INSO1A101C37461FA.DATABASE.WINDOWS.NET,CentralRepository,dbo
ctsazsimicrsmas.inso1a101c37461fa.database.windows.net,EDS_BC_Common_Trans_PUB,FMS_PS_VENDOR_STG_CURR,dbo,CTSAZMIBCAPPS3.293366D454BB.DATABASE.WINDOWS.NET,CentralRepository,dbo
ctsazsimicrsmas.inso1a101c37461fa.database.windows.net,EDS_BC_Common_Trans_PUB,HCM_PS_BUS_UNIT_OPT_HR_STG_CURR,dbo,CTSAZSIMIPGN.INSO1A101C37461FA.DATABASE.WINDOWS.NET,CentralRepository,dbo
ctsazsimicrsmas.inso1a101c37461fa.database.windows.net,EDS_BC_Common_Trans_PUB,HCM_PS_BUS_UNIT_OPT_HR_STG_CURR,dbo,CTSAZSIMIPST.INSO1A101C37461FA.DATABASE.WINDOWS.NET,CentralRepository,dbo
ctsazsimicrsmas.inso1a101c37461fa.database.windows.net,EDS_BC_Common_Trans_PUB,HCM_PS_BUS_UNIT_OPT_HR_STG_CURR,dbo,CTSAZSIMIPTM.INSO1A101C37461FA.DATABASE.WINDOWS.NET,CentralRepository,dbo
ctsazsimicrsmas.inso1a101c37461fa.database.windows.net,EDS_BC_Common_Trans_PUB,HCM_PS_BUS_UNIT_OPT_HR_STG_CURR,dbo,CTSAZSIMIBCAPPS1.INSO1A101C37461FA.DATABASE.WINDOWS.NET,CentralRepository,dbo
ctsazsimicrsmas.inso1a101c37461fa.database.windows.net,EDS_BC_Common_Trans_PUB,HCM_PS_BUS_UNIT_OPT_HR_STG_CURR,dbo,CTSAZSIMIBCAPPS2.INSO1A101C37461FA.DATABASE.WINDOWS.NET,CentralRepository,dbo
ctsazsimicrsmas.inso1a101c37461fa.database.windows.net,EDS_BC_Common_Trans_PUB,HCM_PS_BUS_UNIT_OPT_HR_STG_CURR,dbo,CTSAZMIBCAPPS3.293366D454BB.DATABASE.WINDOWS.NET,CentralRepository,dbo
ctsazsimicrsmas.inso1a101c37461fa.database.windows.net,EDS_BC_Common_Trans_PUB,HCM_PS_CT_7D_CWR_EMP_STG_CURR,dbo,CTSAZSIMIPGN.INSO1A101C37461FA.DATABASE.WINDOWS.NET,CentralRepository,dbo
ctsazsimicrsmas.inso1a101c37461fa.database.windows.net,EDS_BC_Common_Trans_PUB,HCM_PS_CT_7D_CWR_EMP_STG_CURR,dbo,CTSAZSIMIPST.INSO1A101C37461FA.DATABASE.WINDOWS.NET,CentralRepository,dbo
ctsazsimicrsmas.inso1a101c37461fa.database.windows.net,EDS_BC_Common_Trans_PUB,HCM_PS_CT_7D_CWR_EMP_STG_CURR,dbo,CTSAZSIMIPTM.INSO1A101C37461FA.DATABASE.WINDOWS.NET,CentralRepository,dbo
ctsazsimicrsmas.inso1a101c37461fa.database.windows.net,EDS_BC_Common_Trans_PUB,HCM_PS_CT_7D_CWR_EMP_STG_CURR,dbo,CTSAZSIMIBCAPPS1.INSO1A101C37461FA.DATABASE.WINDOWS.NET,CentralRepository,dbo
ctsazsimicrsmas.inso1a101c37461fa.database.windows.net,EDS_BC_Common_Trans_PUB,HCM_PS_CT_7D_CWR_EMP_STG_CURR,dbo,CTSAZSIMIBCAPPS2.INSO1A101C37461FA.DATABASE.WINDOWS.NET,CentralRepository,dbo
ctsazsimicrsmas.inso1a101c37461fa.database.windows.net,EDS_BC_Common_Trans_PUB,HCM_PS_CT_7D_CWR_EMP_STG_CURR,dbo,CTSAZMIBCAPPS3.293366D454BB.DATABASE.WINDOWS.NET,CentralRepository,dbo
ctsazsimicrsmas.inso1a101c37461fa.database.windows.net,EDS_BC_Common_Trans_PUB,HCM_PS_CT_ACA_TR_LEV0_STG_CURR,dbo,CTSAZSIMIPGN.INSO1A101C37461FA.DATABASE.WINDOWS.NET,CentralRepository,dbo
ctsazsimicrsmas.inso1a101c37461fa.database.windows.net,EDS_BC_Common_Trans_PUB,HCM_PS_CT_ACA_TR_LEV0_STG_CURR,dbo,CTSAZSIMIPST.INSO1A101C37461FA.DATABASE.WINDOWS.NET,CentralRepository,dbo
ctsazsimicrsmas.inso1a101c37461fa.database.windows.net,EDS_BC_Common_Trans_PUB,HCM_PS_CT_ACA_TR_LEV0_STG_CURR,dbo,CTSAZSIMIPTM.INSO1A101C37461FA.DATABASE.WINDOWS.NET,CentralRepository,dbo
ctsazsimicrsmas.inso1a101c37461fa.database.windows.net,EDS_BC_Common_Trans_PUB,HCM_PS_CT_ACA_TR_LEV0_STG_CURR,dbo,CTSAZSIMIBCAPPS1.INSO1A101C37461FA.DATABASE.WINDOWS.NET,CentralRepository,dbo
ctsazsimicrsmas.inso1a101c37461fa.database.windows.net,EDS_BC_Common_Trans_PUB,HCM_PS_CT_ACA_TR_LEV0_STG_CURR,dbo,CTSAZSIMIBCAPPS2.INSO1A101C37461FA.DATABASE.WINDOWS.NET,CentralRepository,dbo
ctsazsimicrsmas.inso1a101c37461fa.database.windows.net,EDS_BC_Common_Trans_PUB,HCM_PS_CT_ACA_TR_LEV0_STG_CURR,dbo,CTSAZMIBCAPPS3.293366D454BB.DATABASE.WINDOWS.NET,CentralRepository,dbo
ctsazsimicrsmas.inso1a101c37461fa.database.windows.net,EDS_BC_Common_Trans_PUB,HCM_PS_CT_CIS_SL_PL_STG_CURR,dbo,CTSAZSIMIPGN.INSO1A101C37461FA.DATABASE.WINDOWS.NET,CentralRepository,dbo
ctsazsimicrsmas.inso1a101c37461fa.database.windows.net,EDS_BC_Common_Trans_PUB,HCM_PS_CT_CIS_SL_PL_STG_CURR,dbo,CTSAZSIMIPST.INSO1A101C37461FA.DATABASE.WINDOWS.NET,CentralRepository,dbo
ctsazsimicrsmas.inso1a101c37461fa.database.windows.net,EDS_BC_Common_Trans_PUB,HCM_PS_CT_CIS_SL_PL_STG_CURR,dbo,CTSAZSIMIPTM.INSO1A101C37461FA.DATABASE.WINDOWS.NET,CentralRepository,dbo
ctsazsimicrsmas.inso1a101c37461fa.database.windows.net,EDS_BC_Common_Trans_PUB,HCM_PS_CT_CIS_SL_PL_STG_CURR,dbo,CTSAZSIMIBCAPPS1.INSO1A101C37461FA.DATABASE.WINDOWS.NET,CentralRepository,dbo
ctsazsimicrsmas.inso1a101c37461fa.database.windows.net,EDS_BC_Common_Trans_PUB,HCM_PS_CT_CIS_SL_PL_STG_CURR,dbo,CTSAZSIMIBCAPPS2.INSO1A101C37461FA.DATABASE.WINDOWS.NET,CentralRepository,dbo
ctsazsimicrsmas.inso1a101c37461fa.database.windows.net,EDS_BC_Common_Trans_PUB,HCM_PS_CT_CIS_SL_PL_STG_CURR,dbo,CTSAZMIBCAPPS3.293366D454BB.DATABASE.WINDOWS.NET,CentralRepository,dbo
ctsazsimicrsmas.inso1a101c37461fa.database.windows.net,EDS_BC_Common_Trans_PUB,HCM_PS_CT_EAM_CUST_REC_STG_CURR,dbo,CTSAZSIMIPGN.INSO1A101C37461FA.DATABASE.WINDOWS.NET,CentralRepository,dbo
ctsazsimicrsmas.inso1a101c37461fa.database.windows.net,EDS_BC_Common_Trans_PUB,HCM_PS_CT_EAM_CUST_REC_STG_CURR,dbo,CTSAZSIMIPST.INSO1A101C37461FA.DATABASE.WINDOWS.NET,CentralRepository,dbo
ctsazsimicrsmas.inso1a101c37461fa.database.windows.net,EDS_BC_Common_Trans_PUB,HCM_PS_CT_EAM_CUST_REC_STG_CURR,dbo,CTSAZSIMIPTM.INSO1A101C37461FA.DATABASE.WINDOWS.NET,CentralRepository,dbo
ctsazsimicrsmas.inso1a101c37461fa.database.windows.net,EDS_BC_Common_Trans_PUB,HCM_PS_CT_EAM_CUST_REC_STG_CURR,dbo,CTSAZSIMIBCAPPS1.INSO1A101C37461FA.DATABASE.WINDOWS.NET,CentralRepository,dbo
ctsazsimicrsmas.inso1a101c37461fa.database.windows.net,EDS_BC_Common_Trans_PUB,HCM_PS_CT_EAM_CUST_REC_STG_CURR,dbo,CTSAZSIMIBCAPPS2.INSO1A101C37461FA.DATABASE.WINDOWS.NET,CentralRepository,dbo
ctsazsimicrsmas.inso1a101c37461fa.database.windows.net,EDS_BC_Common_Trans_PUB,HCM_PS_CT_EAM_CUST_REC_STG_CURR,dbo,CTSAZMIBCAPPS3.293366D454BB.DATABASE.WINDOWS.NET,CentralRepository,dbo
ctsazsimicrsmas.inso1a101c37461fa.database.windows.net,EDS_BC_Common_Trans_PUB,HCM_PS_CT_ODC_TM_TBL_STG_CURR,dbo,CTSAZSIMIPGN.INSO1A101C37461FA.DATABASE.WINDOWS.NET,CentralRepository,dbo
ctsazsimicrsmas.inso1a101c37461fa.database.windows.net,EDS_BC_Common_Trans_PUB,HCM_PS_CT_ODC_TM_TBL_STG_CURR,dbo,CTSAZSIMIPST.INSO1A101C37461FA.DATABASE.WINDOWS.NET,CentralRepository,dbo
ctsazsimicrsmas.inso1a101c37461fa.database.windows.net,EDS_BC_Common_Trans_PUB,HCM_PS_CT_ODC_TM_TBL_STG_CURR,dbo,CTSAZSIMIPTM.INSO1A101C37461FA.DATABASE.WINDOWS.NET,CentralRepository,dbo
ctsazsimicrsmas.inso1a101c37461fa.database.windows.net,EDS_BC_Common_Trans_PUB,HCM_PS_CT_ODC_TM_TBL_STG_CURR,dbo,CTSAZSIMIBCAPPS1.INSO1A101C37461FA.DATABASE.WINDOWS.NET,CentralRepository,dbo
ctsazsimicrsmas.inso1a101c37461fa.database.windows.net,EDS_BC_Common_Trans_PUB,HCM_PS_CT_ODC_TM_TBL_STG_CURR,dbo,CTSAZSIMIBCAPPS2.INSO1A101C37461FA.DATABASE.WINDOWS.NET,CentralRepository,dbo
ctsazsimicrsmas.inso1a101c37461fa.database.windows.net,EDS_BC_Common_Trans_PUB,HCM_PS_CT_ODC_TM_TBL_STG_CURR,dbo,CTSAZMIBCAPPS3.293366D454BB.DATABASE.WINDOWS.NET,CentralRepository,dbo
ctsazsimicrsmas.inso1a101c37461fa.database.windows.net,EDS_BC_Common_Trans_PUB,HCM_PS_CT_PF_NUMBER_STG_CURR,dbo,CTSAZSIMIPGN.INSO1A101C37461FA.DATABASE.WINDOWS.NET,CentralRepository,dbo
ctsazsimicrsmas.inso1a101c37461fa.database.windows.net,EDS_BC_Common_Trans_PUB,HCM_PS_CT_PF_NUMBER_STG_CURR,dbo,CTSAZSIMIPST.INSO1A101C37461FA.DATABASE.WINDOWS.NET,CentralRepository,dbo
ctsazsimicrsmas.inso1a101c37461fa.database.windows.net,EDS_BC_Common_Trans_PUB,HCM_PS_CT_PF_NUMBER_STG_CURR,dbo,CTSAZSIMIPTM.INSO1A101C37461FA.DATABASE.WINDOWS.NET,CentralRepository,dbo
ctsazsimicrsmas.inso1a101c37461fa.database.windows.net,EDS_BC_Common_Trans_PUB,HCM_PS_CT_PF_NUMBER_STG_CURR,dbo,CTSAZSIMIBCAPPS1.INSO1A101C37461FA.DATABASE.WINDOWS.NET,CentralRepository,dbo
ctsazsimicrsmas.inso1a101c37461fa.database.windows.net,EDS_BC_Common_Trans_PUB,HCM_PS_CT_PF_NUMBER_STG_CURR,dbo,CTSAZSIMIBCAPPS2.INSO1A101C37461FA.DATABASE.WINDOWS.NET,CentralRepository,dbo
ctsazsimicrsmas.inso1a101c37461fa.database.windows.net,EDS_BC_Common_Trans_PUB,HCM_PS_CT_PF_NUMBER_STG_CURR,dbo,CTSAZMIBCAPPS3.293366D454BB.DATABASE.WINDOWS.NET,CentralRepository,dbo
ctsazsimicrsmas.inso1a101c37461fa.database.windows.net,EDS_BC_Common_Trans_PUB,HCM_PS_CT_SL_PL_THR2_STG_CURR,dbo,CTSAZSIMIPGN.INSO1A101C37461FA.DATABASE.WINDOWS.NET,CentralRepository,dbo
ctsazsimicrsmas.inso1a101c37461fa.database.windows.net,EDS_BC_Common_Trans_PUB,HCM_PS_CT_SL_PL_THR2_STG_CURR,dbo,CTSAZSIMIPST.INSO1A101C37461FA.DATABASE.WINDOWS.NET,CentralRepository,dbo
ctsazsimicrsmas.inso1a101c37461fa.database.windows.net,EDS_BC_Common_Trans_PUB,HCM_PS_CT_SL_PL_THR2_STG_CURR,dbo,CTSAZSIMIPTM.INSO1A101C37461FA.DATABASE.WINDOWS.NET,CentralRepository,dbo
ctsazsimicrsmas.inso1a101c37461fa.database.windows.net,EDS_BC_Common_Trans_PUB,HCM_PS_CT_SL_PL_THR2_STG_CURR,dbo,CTSAZSIMIBCAPPS1.INSO1A101C37461FA.DATABASE.WINDOWS.NET,CentralRepository,dbo
ctsazsimicrsmas.inso1a101c37461fa.database.windows.net,EDS_BC_Common_Trans_PUB,HCM_PS_CT_SL_PL_THR2_STG_CURR,dbo,CTSAZSIMIBCAPPS2.INSO1A101C37461FA.DATABASE.WINDOWS.NET,CentralRepository,dbo
ctsazsimicrsmas.inso1a101c37461fa.database.windows.net,EDS_BC_Common_Trans_PUB,HCM_PS_CT_SL_PL_THR2_STG_CURR,dbo,CTSAZMIBCAPPS3.293366D454BB.DATABASE.WINDOWS.NET,CentralRepository,dbo
ctsazsimicrsmas.inso1a101c37461fa.database.windows.net,EDS_BC_Common_Trans_PUB,HCM_PS_CT_UAN_NBR_TBL_STG_CURR,dbo,CTSAZSIMIPGN.INSO1A101C37461FA.DATABASE.WINDOWS.NET,CentralRepository,dbo
ctsazsimicrsmas.inso1a101c37461fa.database.windows.net,EDS_BC_Common_Trans_PUB,HCM_PS_CT_UAN_NBR_TBL_STG_CURR,dbo,CTSAZSIMIPST.INSO1A101C37461FA.DATABASE.WINDOWS.NET,CentralRepository,dbo
ctsazsimicrsmas.inso1a101c37461fa.database.windows.net,EDS_BC_Common_Trans_PUB,HCM_PS_CT_UAN_NBR_TBL_STG_CURR,dbo,CTSAZSIMIPTM.INSO1A101C37461FA.DATABASE.WINDOWS.NET,CentralRepository,dbo
ctsazsimicrsmas.inso1a101c37461fa.database.windows.net,EDS_BC_Common_Trans_PUB,HCM_PS_CT_UAN_NBR_TBL_STG_CURR,dbo,CTSAZSIMIBCAPPS1.INSO1A101C37461FA.DATABASE.WINDOWS.NET,CentralRepository,dbo
ctsazsimicrsmas.inso1a101c37461fa.database.windows.net,EDS_BC_Common_Trans_PUB,HCM_PS_CT_UAN_NBR_TBL_STG_CURR,dbo,CTSAZSIMIBCAPPS2.INSO1A101C37461FA.DATABASE.WINDOWS.NET,CentralRepository,dbo
ctsazsimicrsmas.inso1a101c37461fa.database.windows.net,EDS_BC_Common_Trans_PUB,HCM_PS_CT_UAN_NBR_TBL_STG_CURR,dbo,CTSAZMIBCAPPS3.293366D454BB.DATABASE.WINDOWS.NET,CentralRepository,dbo
ctsazsimicrsmas.inso1a101c37461fa.database.windows.net,EDS_BC_Common_Trans_PUB,HCM_PS_HOLIDAY_TBL_STG_CURR,dbo,CTSAZSIMIPGN.INSO1A101C37461FA.DATABASE.WINDOWS.NET,CentralRepository,dbo
ctsazsimicrsmas.inso1a101c37461fa.database.windows.net,EDS_BC_Common_Trans_PUB,HCM_PS_HOLIDAY_TBL_STG_CURR,dbo,CTSAZSIMIPST.INSO1A101C37461FA.DATABASE.WINDOWS.NET,CentralRepository,dbo
ctsazsimicrsmas.inso1a101c37461fa.database.windows.net,EDS_BC_Common_Trans_PUB,HCM_PS_HOLIDAY_TBL_STG_CURR,dbo,CTSAZSIMIPTM.INSO1A101C37461FA.DATABASE.WINDOWS.NET,CentralRepository,dbo
ctsazsimicrsmas.inso1a101c37461fa.database.windows.net,EDS_BC_Common_Trans_PUB,HCM_PS_HOLIDAY_TBL_STG_CURR,dbo,CTSAZSIMIBCAPPS1.INSO1A101C37461FA.DATABASE.WINDOWS.NET,CentralRepository,dbo
ctsazsimicrsmas.inso1a101c37461fa.database.windows.net,EDS_BC_Common_Trans_PUB,HCM_PS_HOLIDAY_TBL_STG_CURR,dbo,CTSAZSIMIBCAPPS2.INSO1A101C37461FA.DATABASE.WINDOWS.NET,CentralRepository,dbo
ctsazsimicrsmas.inso1a101c37461fa.database.windows.net,EDS_BC_Common_Trans_PUB,HCM_PS_HOLIDAY_TBL_STG_CURR,dbo,CTSAZMIBCAPPS3.293366D454BB.DATABASE.WINDOWS.NET,CentralRepository,dbo
ctsazsimicrsmas.inso1a101c37461fa.database.windows.net,EDS_BC_Common_Trans_PUB,HCM_PS_LOCAL_TAX_TBL_STG_CURR,dbo,CTSAZSIMIPGN.INSO1A101C37461FA.DATABASE.WINDOWS.NET,CentralRepository,dbo
ctsazsimicrsmas.inso1a101c37461fa.database.windows.net,EDS_BC_Common_Trans_PUB,HCM_PS_LOCAL_TAX_TBL_STG_CURR,dbo,CTSAZSIMIPST.INSO1A101C37461FA.DATABASE.WINDOWS.NET,CentralRepository,dbo
ctsazsimicrsmas.inso1a101c37461fa.database.windows.net,EDS_BC_Common_Trans_PUB,HCM_PS_LOCAL_TAX_TBL_STG_CURR,dbo,CTSAZSIMIPTM.INSO1A101C37461FA.DATABASE.WINDOWS.NET,CentralRepository,dbo
ctsazsimicrsmas.inso1a101c37461fa.database.windows.net,EDS_BC_Common_Trans_PUB,HCM_PS_LOCAL_TAX_TBL_STG_CURR,dbo,CTSAZSIMIBCAPPS1.INSO1A101C37461FA.DATABASE.WINDOWS.NET,CentralRepository,dbo
ctsazsimicrsmas.inso1a101c37461fa.database.windows.net,EDS_BC_Common_Trans_PUB,HCM_PS_LOCAL_TAX_TBL_STG_CURR,dbo,CTSAZSIMIBCAPPS2.INSO1A101C37461FA.DATABASE.WINDOWS.NET,CentralRepository,dbo
ctsazsimicrsmas.inso1a101c37461fa.database.windows.net,EDS_BC_Common_Trans_PUB,HCM_PS_LOCAL_TAX_TBL_STG_CURR,dbo,CTSAZMIBCAPPS3.293366D454BB.DATABASE.WINDOWS.NET,CentralRepository,dbo
ctsazsimicrsmas.inso1a101c37461fa.database.windows.net,EDS_BC_Common_Trans_PUB,LM_NearshoreGGMMaster_STG_CURR,dbo,CTSAZSIMIPGN.INSO1A101C37461FA.DATABASE.WINDOWS.NET,CentralRepository,dbo
ctsazsimicrsmas.inso1a101c37461fa.database.windows.net,EDS_BC_Common_Trans_PUB,LM_NearshoreGGMMaster_STG_CURR,dbo,CTSAZSIMIPST.INSO1A101C37461FA.DATABASE.WINDOWS.NET,CentralRepository,dbo
ctsazsimicrsmas.inso1a101c37461fa.database.windows.net,EDS_BC_Common_Trans_PUB,LM_NearshoreGGMMaster_STG_CURR,dbo,CTSAZSIMIPTM.INSO1A101C37461FA.DATABASE.WINDOWS.NET,CentralRepository,dbo
ctsazsimicrsmas.inso1a101c37461fa.database.windows.net,EDS_BC_Common_Trans_PUB,LM_NearshoreGGMMaster_STG_CURR,dbo,CTSAZSIMIBCAPPS1.INSO1A101C37461FA.DATABASE.WINDOWS.NET,CentralRepository,dbo
ctsazsimicrsmas.inso1a101c37461fa.database.windows.net,EDS_BC_Common_Trans_PUB,LM_NearshoreGGMMaster_STG_CURR,dbo,CTSAZSIMIBCAPPS2.INSO1A101C37461FA.DATABASE.WINDOWS.NET,CentralRepository,dbo
ctsazsimicrsmas.inso1a101c37461fa.database.windows.net,EDS_BC_Common_Trans_PUB,LM_NearshoreGGMMaster_STG_CURR,dbo,CTSAZMIBCAPPS3.293366D454BB.DATABASE.WINDOWS.NET,CentralRepository,dbo
ctsazsimicrsmas.inso1a101c37461fa.database.windows.net,EDS_BC_Common_Trans_PUB,LMS_ACTIVITYVIRTUALLABDETAIL_STG_CURR,dbo,CTSAZSIMIPGN.INSO1A101C37461FA.DATABASE.WINDOWS.NET,CentralRepository,dbo
ctsazsimicrsmas.inso1a101c37461fa.database.windows.net,EDS_BC_Common_Trans_PUB,LMS_ACTIVITYVIRTUALLABDETAIL_STG_CURR,dbo,CTSAZSIMIPST.INSO1A101C37461FA.DATABASE.WINDOWS.NET,CentralRepository,dbo
ctsazsimicrsmas.inso1a101c37461fa.database.windows.net,EDS_BC_Common_Trans_PUB,LMS_ACTIVITYVIRTUALLABDETAIL_STG_CURR,dbo,CTSAZSIMIPTM.INSO1A101C37461FA.DATABASE.WINDOWS.NET,CentralRepository,dbo
ctsazsimicrsmas.inso1a101c37461fa.database.windows.net,EDS_BC_Common_Trans_PUB,LMS_ACTIVITYVIRTUALLABDETAIL_STG_CURR,dbo,CTSAZSIMIBCAPPS1.INSO1A101C37461FA.DATABASE.WINDOWS.NET,CentralRepository,dbo
ctsazsimicrsmas.inso1a101c37461fa.database.windows.net,EDS_BC_Common_Trans_PUB,LMS_ACTIVITYVIRTUALLABDETAIL_STG_CURR,dbo,CTSAZSIMIBCAPPS2.INSO1A101C37461FA.DATABASE.WINDOWS.NET,CentralRepository,dbo
ctsazsimicrsmas.inso1a101c37461fa.database.windows.net,EDS_BC_Common_Trans_PUB,LMS_ACTIVITYVIRTUALLABDETAIL_STG_CURR,dbo,CTSAZMIBCAPPS3.293366D454BB.DATABASE.WINDOWS.NET,CentralRepository,dbo
ctsazsimicrsmas.inso1a101c37461fa.database.windows.net,EDS_BC_Common_Trans_PUB,LMS_ACTLABEL_STG_CURR,dbo,CTSAZSIMIPGN.INSO1A101C37461FA.DATABASE.WINDOWS.NET,CentralRepository,dbo
ctsazsimicrsmas.inso1a101c37461fa.database.windows.net,EDS_BC_Common_Trans_PUB,LMS_ACTLABEL_STG_CURR,dbo,CTSAZSIMIPST.INSO1A101C37461FA.DATABASE.WINDOWS.NET,CentralRepository,dbo
ctsazsimicrsmas.inso1a101c37461fa.database.windows.net,EDS_BC_Common_Trans_PUB,LMS_ACTLABEL_STG_CURR,dbo,CTSAZSIMIPTM.INSO1A101C37461FA.DATABASE.WINDOWS.NET,CentralRepository,dbo
ctsazsimicrsmas.inso1a101c37461fa.database.windows.net,EDS_BC_Common_Trans_PUB,LMS_ACTLABEL_STG_CURR,dbo,CTSAZSIMIBCAPPS1.INSO1A101C37461FA.DATABASE.WINDOWS.NET,CentralRepository,dbo
ctsazsimicrsmas.inso1a101c37461fa.database.windows.net,EDS_BC_Common_Trans_PUB,LMS_ACTLABEL_STG_CURR,dbo,CTSAZSIMIBCAPPS2.INSO1A101C37461FA.DATABASE.WINDOWS.NET,CentralRepository,dbo
ctsazsimicrsmas.inso1a101c37461fa.database.windows.net,EDS_BC_Common_Trans_PUB,LMS_ACTLABEL_STG_CURR,dbo,CTSAZMIBCAPPS3.293366D454BB.DATABASE.WINDOWS.NET,CentralRepository,dbo
ctsazsimicrsmas.inso1a101c37461fa.database.windows.net,EDS_BC_Common_Trans_PUB,LMS_LOC_STG_CURR,dbo,CTSAZSIMIPGN.INSO1A101C37461FA.DATABASE.WINDOWS.NET,CentralRepository,dbo
ctsazsimicrsmas.inso1a101c37461fa.database.windows.net,EDS_BC_Common_Trans_PUB,LMS_LOC_STG_CURR,dbo,CTSAZSIMIPST.INSO1A101C37461FA.DATABASE.WINDOWS.NET,CentralRepository,dbo
ctsazsimicrsmas.inso1a101c37461fa.database.windows.net,EDS_BC_Common_Trans_PUB,LMS_LOC_STG_CURR,dbo,CTSAZSIMIPTM.INSO1A101C37461FA.DATABASE.WINDOWS.NET,CentralRepository,dbo
ctsazsimicrsmas.inso1a101c37461fa.database.windows.net,EDS_BC_Common_Trans_PUB,LMS_LOC_STG_CURR,dbo,CTSAZSIMIBCAPPS1.INSO1A101C37461FA.DATABASE.WINDOWS.NET,CentralRepository,dbo
ctsazsimicrsmas.inso1a101c37461fa.database.windows.net,EDS_BC_Common_Trans_PUB,LMS_LOC_STG_CURR,dbo,CTSAZSIMIBCAPPS2.INSO1A101C37461FA.DATABASE.WINDOWS.NET,CentralRepository,dbo
ctsazsimicrsmas.inso1a101c37461fa.database.windows.net,EDS_BC_Common_Trans_PUB,LMS_LOC_STG_CURR,dbo,CTSAZMIBCAPPS3.293366D454BB.DATABASE.WINDOWS.NET,CentralRepository,dbo
ctsazsimicrsmas.inso1a101c37461fa.database.windows.net,EDS_BC_Common_Trans_PUB,LMS_REGISTRATIONOFFERINGTEMPLATE_STG_CURR,dbo,CTSAZSIMIPGN.INSO1A101C37461FA.DATABASE.WINDOWS.NET,CentralRepository,dbo
ctsazsimicrsmas.inso1a101c37461fa.database.windows.net,EDS_BC_Common_Trans_PUB,LMS_REGISTRATIONOFFERINGTEMPLATE_STG_CURR,dbo,CTSAZSIMIPST.INSO1A101C37461FA.DATABASE.WINDOWS.NET,CentralRepository,dbo
ctsazsimicrsmas.inso1a101c37461fa.database.windows.net,EDS_BC_Common_Trans_PUB,LMS_REGISTRATIONOFFERINGTEMPLATE_STG_CURR,dbo,CTSAZSIMIPTM.INSO1A101C37461FA.DATABASE.WINDOWS.NET,CentralRepository,dbo
ctsazsimicrsmas.inso1a101c37461fa.database.windows.net,EDS_BC_Common_Trans_PUB,LMS_REGISTRATIONOFFERINGTEMPLATE_STG_CURR,dbo,CTSAZSIMIBCAPPS1.INSO1A101C37461FA.DATABASE.WINDOWS.NET,CentralRepository,dbo
ctsazsimicrsmas.inso1a101c37461fa.database.windows.net,EDS_BC_Common_Trans_PUB,LMS_REGISTRATIONOFFERINGTEMPLATE_STG_CURR,dbo,CTSAZSIMIBCAPPS2.INSO1A101C37461FA.DATABASE.WINDOWS.NET,CentralRepository,dbo
ctsazsimicrsmas.inso1a101c37461fa.database.windows.net,EDS_BC_Common_Trans_PUB,LMS_REGISTRATIONOFFERINGTEMPLATE_STG_CURR,dbo,CTSAZMIBCAPPS3.293366D454BB.DATABASE.WINDOWS.NET,CentralRepository,dbo
ctsazsimicrsmas.inso1a101c37461fa.database.windows.net,EDS_BC_Common_Trans_PUB,LMS_STG_Code_STG_CURR,dbo,CTSAZSIMIPGN.INSO1A101C37461FA.DATABASE.WINDOWS.NET,CentralRepository,dbo
ctsazsimicrsmas.inso1a101c37461fa.database.windows.net,EDS_BC_Common_Trans_PUB,LMS_STG_Code_STG_CURR,dbo,CTSAZSIMIPST.INSO1A101C37461FA.DATABASE.WINDOWS.NET,CentralRepository,dbo
ctsazsimicrsmas.inso1a101c37461fa.database.windows.net,EDS_BC_Common_Trans_PUB,LMS_STG_Code_STG_CURR,dbo,CTSAZSIMIPTM.INSO1A101C37461FA.DATABASE.WINDOWS.NET,CentralRepository,dbo
ctsazsimicrsmas.inso1a101c37461fa.database.windows.net,EDS_BC_Common_Trans_PUB,LMS_STG_Code_STG_CURR,dbo,CTSAZSIMIBCAPPS1.INSO1A101C37461FA.DATABASE.WINDOWS.NET,CentralRepository,dbo
ctsazsimicrsmas.inso1a101c37461fa.database.windows.net,EDS_BC_Common_Trans_PUB,LMS_STG_Code_STG_CURR,dbo,CTSAZSIMIBCAPPS2.INSO1A101C37461FA.DATABASE.WINDOWS.NET,CentralRepository,dbo
ctsazsimicrsmas.inso1a101c37461fa.database.windows.net,EDS_BC_Common_Trans_PUB,LMS_STG_Code_STG_CURR,dbo,CTSAZMIBCAPPS3.293366D454BB.DATABASE.WINDOWS.NET,CentralRepository,dbo
ctsazsimicrsmas.inso1a101c37461fa.database.windows.net,EDS_BC_Common_Trans_PUB,LMS_STG_FAC_STG_CURR,dbo,CTSAZSIMIPGN.INSO1A101C37461FA.DATABASE.WINDOWS.NET,CentralRepository,dbo
ctsazsimicrsmas.inso1a101c37461fa.database.windows.net,EDS_BC_Common_Trans_PUB,LMS_STG_FAC_STG_CURR,dbo,CTSAZSIMIPST.INSO1A101C37461FA.DATABASE.WINDOWS.NET,CentralRepository,dbo
ctsazsimicrsmas.inso1a101c37461fa.database.windows.net,EDS_BC_Common_Trans_PUB,LMS_STG_FAC_STG_CURR,dbo,CTSAZSIMIPTM.INSO1A101C37461FA.DATABASE.WINDOWS.NET,CentralRepository,dbo
ctsazsimicrsmas.inso1a101c37461fa.database.windows.net,EDS_BC_Common_Trans_PUB,LMS_STG_FAC_STG_CURR,dbo,CTSAZSIMIBCAPPS1.INSO1A101C37461FA.DATABASE.WINDOWS.NET,CentralRepository,dbo
ctsazsimicrsmas.inso1a101c37461fa.database.windows.net,EDS_BC_Common_Trans_PUB,LMS_STG_FAC_STG_CURR,dbo,CTSAZSIMIBCAPPS2.INSO1A101C37461FA.DATABASE.WINDOWS.NET,CentralRepository,dbo
ctsazsimicrsmas.inso1a101c37461fa.database.windows.net,EDS_BC_Common_Trans_PUB,LMS_STG_FAC_STG_CURR,dbo,CTSAZMIBCAPPS3.293366D454BB.DATABASE.WINDOWS.NET,CentralRepository,dbo
ctsazsimicrsmas.inso1a101c37461fa.database.windows.net,EDS_BC_Common_Trans_PUB,LMS_USERVMASSIGNMENT_STG_CURR,dbo,CTSAZSIMIPGN.INSO1A101C37461FA.DATABASE.WINDOWS.NET,CentralRepository,dbo
ctsazsimicrsmas.inso1a101c37461fa.database.windows.net,EDS_BC_Common_Trans_PUB,LMS_USERVMASSIGNMENT_STG_CURR,dbo,CTSAZSIMIPST.INSO1A101C37461FA.DATABASE.WINDOWS.NET,CentralRepository,dbo
ctsazsimicrsmas.inso1a101c37461fa.database.windows.net,EDS_BC_Common_Trans_PUB,LMS_USERVMASSIGNMENT_STG_CURR,dbo,CTSAZSIMIPTM.INSO1A101C37461FA.DATABASE.WINDOWS.NET,CentralRepository,dbo
ctsazsimicrsmas.inso1a101c37461fa.database.windows.net,EDS_BC_Common_Trans_PUB,LMS_USERVMASSIGNMENT_STG_CURR,dbo,CTSAZSIMIBCAPPS1.INSO1A101C37461FA.DATABASE.WINDOWS.NET,CentralRepository,dbo
ctsazsimicrsmas.inso1a101c37461fa.database.windows.net,EDS_BC_Common_Trans_PUB,LMS_USERVMASSIGNMENT_STG_CURR,dbo,CTSAZSIMIBCAPPS2.INSO1A101C37461FA.DATABASE.WINDOWS.NET,CentralRepository,dbo
ctsazsimicrsmas.inso1a101c37461fa.database.windows.net,EDS_BC_Common_Trans_PUB,LMS_USERVMASSIGNMENT_STG_CURR,dbo,CTSAZMIBCAPPS3.293366D454BB.DATABASE.WINDOWS.NET,CentralRepository,dbo
ctsazsimicrsmas.inso1a101c37461fa.database.windows.net,EDS_BC_Common_Trans_PUB,LMS_VIRTUALLABTRANSACTION_STG_CURR,dbo,CTSAZSIMIPGN.INSO1A101C37461FA.DATABASE.WINDOWS.NET,CentralRepository,dbo
ctsazsimicrsmas.inso1a101c37461fa.database.windows.net,EDS_BC_Common_Trans_PUB,LMS_VIRTUALLABTRANSACTION_STG_CURR,dbo,CTSAZSIMIPST.INSO1A101C37461FA.DATABASE.WINDOWS.NET,CentralRepository,dbo
ctsazsimicrsmas.inso1a101c37461fa.database.windows.net,EDS_BC_Common_Trans_PUB,LMS_VIRTUALLABTRANSACTION_STG_CURR,dbo,CTSAZSIMIPTM.INSO1A101C37461FA.DATABASE.WINDOWS.NET,CentralRepository,dbo
ctsazsimicrsmas.inso1a101c37461fa.database.windows.net,EDS_BC_Common_Trans_PUB,LMS_VIRTUALLABTRANSACTION_STG_CURR,dbo,CTSAZSIMIBCAPPS1.INSO1A101C37461FA.DATABASE.WINDOWS.NET,CentralRepository,dbo
ctsazsimicrsmas.inso1a101c37461fa.database.windows.net,EDS_BC_Common_Trans_PUB,LMS_VIRTUALLABTRANSACTION_STG_CURR,dbo,CTSAZSIMIBCAPPS2.INSO1A101C37461FA.DATABASE.WINDOWS.NET,CentralRepository,dbo
ctsazsimicrsmas.inso1a101c37461fa.database.windows.net,EDS_BC_Common_Trans_PUB,LMS_VIRTUALLABTRANSACTION_STG_CURR,dbo,CTSAZMIBCAPPS3.293366D454BB.DATABASE.WINDOWS.NET,CentralRepository,dbo
ctsazsimicrsmas.inso1a101c37461fa.database.windows.net,EDS_BC_Common_Trans_PUB,MyCareer_tAssociateResumedetails_STG_CURR,dbo,CTSAZSIMIPGN.INSO1A101C37461FA.DATABASE.WINDOWS.NET,CentralRepository,dbo
ctsazsimicrsmas.inso1a101c37461fa.database.windows.net,EDS_BC_Common_Trans_PUB,MyCareer_tAssociateResumedetails_STG_CURR,dbo,CTSAZSIMIPST.INSO1A101C37461FA.DATABASE.WINDOWS.NET,CentralRepository,dbo
ctsazsimicrsmas.inso1a101c37461fa.database.windows.net,EDS_BC_Common_Trans_PUB,MyCareer_tAssociateResumedetails_STG_CURR,dbo,CTSAZSIMIPTM.INSO1A101C37461FA.DATABASE.WINDOWS.NET,CentralRepository,dbo
ctsazsimicrsmas.inso1a101c37461fa.database.windows.net,EDS_BC_Common_Trans_PUB,MyCareer_tAssociateResumedetails_STG_CURR,dbo,CTSAZSIMIBCAPPS1.INSO1A101C37461FA.DATABASE.WINDOWS.NET,CentralRepository,dbo
ctsazsimicrsmas.inso1a101c37461fa.database.windows.net,EDS_BC_Common_Trans_PUB,MyCareer_tAssociateResumedetails_STG_CURR,dbo,CTSAZSIMIBCAPPS2.INSO1A101C37461FA.DATABASE.WINDOWS.NET,CentralRepository,dbo
ctsazsimicrsmas.inso1a101c37461fa.database.windows.net,EDS_BC_Common_Trans_PUB,MyCareer_tAssociateResumedetails_STG_CURR,dbo,CTSAZMIBCAPPS3.293366D454BB.DATABASE.WINDOWS.NET,CentralRepository,dbo
ctsazsimicrsmas.inso1a101c37461fa.database.windows.net,EDS_BC_Common_Trans_PUB,MYCCR_MyCareer_ProfilePercentage_STG_CURR,dbo,CTSAZSIMIPGN.INSO1A101C37461FA.DATABASE.WINDOWS.NET,CentralRepository,dbo
ctsazsimicrsmas.inso1a101c37461fa.database.windows.net,EDS_BC_Common_Trans_PUB,MYCCR_MyCareer_ProfilePercentage_STG_CURR,dbo,CTSAZSIMIPST.INSO1A101C37461FA.DATABASE.WINDOWS.NET,CentralRepository,dbo
ctsazsimicrsmas.inso1a101c37461fa.database.windows.net,EDS_BC_Common_Trans_PUB,MYCCR_MyCareer_ProfilePercentage_STG_CURR,dbo,CTSAZSIMIPTM.INSO1A101C37461FA.DATABASE.WINDOWS.NET,CentralRepository,dbo
ctsazsimicrsmas.inso1a101c37461fa.database.windows.net,EDS_BC_Common_Trans_PUB,MYCCR_MyCareer_ProfilePercentage_STG_CURR,dbo,CTSAZSIMIBCAPPS1.INSO1A101C37461FA.DATABASE.WINDOWS.NET,CentralRepository,dbo
ctsazsimicrsmas.inso1a101c37461fa.database.windows.net,EDS_BC_Common_Trans_PUB,MYCCR_MyCareer_ProfilePercentage_STG_CURR,dbo,CTSAZSIMIBCAPPS2.INSO1A101C37461FA.DATABASE.WINDOWS.NET,CentralRepository,dbo
ctsazsimicrsmas.inso1a101c37461fa.database.windows.net,EDS_BC_Common_Trans_PUB,MYCCR_MyCareer_ProfilePercentage_STG_CURR,dbo,CTSAZMIBCAPPS3.293366D454BB.DATABASE.WINDOWS.NET,CentralRepository,dbo
ctsazsimicrsmas.inso1a101c37461fa.database.windows.net,EDS_BC_Common_Trans_PUB,MySkills_MS_DemandUnit_Master_STG_CURR,dbo,CTSAZSIMIPGN.INSO1A101C37461FA.DATABASE.WINDOWS.NET,CentralRepository,dbo
ctsazsimicrsmas.inso1a101c37461fa.database.windows.net,EDS_BC_Common_Trans_PUB,MySkills_MS_DemandUnit_Master_STG_CURR,dbo,CTSAZSIMIPST.INSO1A101C37461FA.DATABASE.WINDOWS.NET,CentralRepository,dbo
ctsazsimicrsmas.inso1a101c37461fa.database.windows.net,EDS_BC_Common_Trans_PUB,MySkills_MS_DemandUnit_Master_STG_CURR,dbo,CTSAZSIMIPTM.INSO1A101C37461FA.DATABASE.WINDOWS.NET,CentralRepository,dbo
ctsazsimicrsmas.inso1a101c37461fa.database.windows.net,EDS_BC_Common_Trans_PUB,MySkills_MS_DemandUnit_Master_STG_CURR,dbo,CTSAZSIMIBCAPPS1.INSO1A101C37461FA.DATABASE.WINDOWS.NET,CentralRepository,dbo
ctsazsimicrsmas.inso1a101c37461fa.database.windows.net,EDS_BC_Common_Trans_PUB,MySkills_MS_DemandUnit_Master_STG_CURR,dbo,CTSAZSIMIBCAPPS2.INSO1A101C37461FA.DATABASE.WINDOWS.NET,CentralRepository,dbo
ctsazsimicrsmas.inso1a101c37461fa.database.windows.net,EDS_BC_Common_Trans_PUB,MySkills_MS_DemandUnit_Master_STG_CURR,dbo,CTSAZMIBCAPPS3.293366D454BB.DATABASE.WINDOWS.NET,CentralRepository,dbo
ctsazsimicrsmas.inso1a101c37461fa.database.windows.net,EDS_BC_Common_Trans_PUB,MySkills_MS_DemandUnit_Skills_STG_CURR,dbo,CTSAZSIMIPGN.INSO1A101C37461FA.DATABASE.WINDOWS.NET,CentralRepository,dbo
ctsazsimicrsmas.inso1a101c37461fa.database.windows.net,EDS_BC_Common_Trans_PUB,MySkills_MS_DemandUnit_Skills_STG_CURR,dbo,CTSAZSIMIPST.INSO1A101C37461FA.DATABASE.WINDOWS.NET,CentralRepository,dbo
ctsazsimicrsmas.inso1a101c37461fa.database.windows.net,EDS_BC_Common_Trans_PUB,MySkills_MS_DemandUnit_Skills_STG_CURR,dbo,CTSAZSIMIPTM.INSO1A101C37461FA.DATABASE.WINDOWS.NET,CentralRepository,dbo
ctsazsimicrsmas.inso1a101c37461fa.database.windows.net,EDS_BC_Common_Trans_PUB,MySkills_MS_DemandUnit_Skills_STG_CURR,dbo,CTSAZSIMIBCAPPS1.INSO1A101C37461FA.DATABASE.WINDOWS.NET,CentralRepository,dbo
ctsazsimicrsmas.inso1a101c37461fa.database.windows.net,EDS_BC_Common_Trans_PUB,MySkills_MS_DemandUnit_Skills_STG_CURR,dbo,CTSAZSIMIBCAPPS2.INSO1A101C37461FA.DATABASE.WINDOWS.NET,CentralRepository,dbo
ctsazsimicrsmas.inso1a101c37461fa.database.windows.net,EDS_BC_Common_Trans_PUB,MySkills_MS_DemandUnit_Skills_STG_CURR,dbo,CTSAZMIBCAPPS3.293366D454BB.DATABASE.WINDOWS.NET,CentralRepository,dbo
ctsazsimicrsmas.inso1a101c37461fa.database.windows.net,EDS_BC_Common_Trans_PUB,MySkills_MS_Service_Master_STG_CURR,dbo,CTSAZSIMIPGN.INSO1A101C37461FA.DATABASE.WINDOWS.NET,CentralRepository,dbo
ctsazsimicrsmas.inso1a101c37461fa.database.windows.net,EDS_BC_Common_Trans_PUB,MySkills_MS_Service_Master_STG_CURR,dbo,CTSAZSIMIPST.INSO1A101C37461FA.DATABASE.WINDOWS.NET,CentralRepository,dbo
ctsazsimicrsmas.inso1a101c37461fa.database.windows.net,EDS_BC_Common_Trans_PUB,MySkills_MS_Service_Master_STG_CURR,dbo,CTSAZSIMIPTM.INSO1A101C37461FA.DATABASE.WINDOWS.NET,CentralRepository,dbo
ctsazsimicrsmas.inso1a101c37461fa.database.windows.net,EDS_BC_Common_Trans_PUB,MySkills_MS_Service_Master_STG_CURR,dbo,CTSAZSIMIBCAPPS1.INSO1A101C37461FA.DATABASE.WINDOWS.NET,CentralRepository,dbo
ctsazsimicrsmas.inso1a101c37461fa.database.windows.net,EDS_BC_Common_Trans_PUB,MySkills_MS_Service_Master_STG_CURR,dbo,CTSAZSIMIBCAPPS2.INSO1A101C37461FA.DATABASE.WINDOWS.NET,CentralRepository,dbo
ctsazsimicrsmas.inso1a101c37461fa.database.windows.net,EDS_BC_Common_Trans_PUB,MySkills_MS_Service_Master_STG_CURR,dbo,CTSAZMIBCAPPS3.293366D454BB.DATABASE.WINDOWS.NET,CentralRepository,dbo
ctsazsimicrsmas.inso1a101c37461fa.database.windows.net,EDS_BC_Common_Trans_PUB,MySkills_MS_SkillCluster_Master_STG_CURR,dbo,CTSAZSIMIPGN.INSO1A101C37461FA.DATABASE.WINDOWS.NET,CentralRepository,dbo
ctsazsimicrsmas.inso1a101c37461fa.database.windows.net,EDS_BC_Common_Trans_PUB,MySkills_MS_SkillCluster_Master_STG_CURR,dbo,CTSAZSIMIPST.INSO1A101C37461FA.DATABASE.WINDOWS.NET,CentralRepository,dbo
ctsazsimicrsmas.inso1a101c37461fa.database.windows.net,EDS_BC_Common_Trans_PUB,MySkills_MS_SkillCluster_Master_STG_CURR,dbo,CTSAZSIMIPTM.INSO1A101C37461FA.DATABASE.WINDOWS.NET,CentralRepository,dbo
ctsazsimicrsmas.inso1a101c37461fa.database.windows.net,EDS_BC_Common_Trans_PUB,MySkills_MS_SkillCluster_Master_STG_CURR,dbo,CTSAZSIMIBCAPPS1.INSO1A101C37461FA.DATABASE.WINDOWS.NET,CentralRepository,dbo
ctsazsimicrsmas.inso1a101c37461fa.database.windows.net,EDS_BC_Common_Trans_PUB,MySkills_MS_SkillCluster_Master_STG_CURR,dbo,CTSAZSIMIBCAPPS2.INSO1A101C37461FA.DATABASE.WINDOWS.NET,CentralRepository,dbo
ctsazsimicrsmas.inso1a101c37461fa.database.windows.net,EDS_BC_Common_Trans_PUB,MySkills_MS_SkillCluster_Master_STG_CURR,dbo,CTSAZMIBCAPPS3.293366D454BB.DATABASE.WINDOWS.NET,CentralRepository,dbo
ctsazsimicrsmas.inso1a101c37461fa.database.windows.net,EDS_BC_Common_Trans_PUB,MySkills_MS_SkillCluster_Practices_STG_CURR,dbo,CTSAZSIMIPGN.INSO1A101C37461FA.DATABASE.WINDOWS.NET,CentralRepository,dbo
ctsazsimicrsmas.inso1a101c37461fa.database.windows.net,EDS_BC_Common_Trans_PUB,MySkills_MS_SkillCluster_Practices_STG_CURR,dbo,CTSAZSIMIPST.INSO1A101C37461FA.DATABASE.WINDOWS.NET,CentralRepository,dbo
ctsazsimicrsmas.inso1a101c37461fa.database.windows.net,EDS_BC_Common_Trans_PUB,MySkills_MS_SkillCluster_Practices_STG_CURR,dbo,CTSAZSIMIPTM.INSO1A101C37461FA.DATABASE.WINDOWS.NET,CentralRepository,dbo
ctsazsimicrsmas.inso1a101c37461fa.database.windows.net,EDS_BC_Common_Trans_PUB,MySkills_MS_SkillCluster_Practices_STG_CURR,dbo,CTSAZSIMIBCAPPS1.INSO1A101C37461FA.DATABASE.WINDOWS.NET,CentralRepository,dbo
ctsazsimicrsmas.inso1a101c37461fa.database.windows.net,EDS_BC_Common_Trans_PUB,MySkills_MS_SkillCluster_Practices_STG_CURR,dbo,CTSAZSIMIBCAPPS2.INSO1A101C37461FA.DATABASE.WINDOWS.NET,CentralRepository,dbo
ctsazsimicrsmas.inso1a101c37461fa.database.windows.net,EDS_BC_Common_Trans_PUB,MySkills_MS_SkillCluster_Practices_STG_CURR,dbo,CTSAZMIBCAPPS3.293366D454BB.DATABASE.WINDOWS.NET,CentralRepository,dbo
ctsazsimicrsmas.inso1a101c37461fa.database.windows.net,EDS_BC_Common_Trans_PUB,MySkills_MS_SkillCluster_Services_STG_CURR,dbo,CTSAZSIMIPGN.INSO1A101C37461FA.DATABASE.WINDOWS.NET,CentralRepository,dbo
ctsazsimicrsmas.inso1a101c37461fa.database.windows.net,EDS_BC_Common_Trans_PUB,MySkills_MS_SkillCluster_Services_STG_CURR,dbo,CTSAZSIMIPST.INSO1A101C37461FA.DATABASE.WINDOWS.NET,CentralRepository,dbo
ctsazsimicrsmas.inso1a101c37461fa.database.windows.net,EDS_BC_Common_Trans_PUB,MySkills_MS_SkillCluster_Services_STG_CURR,dbo,CTSAZSIMIPTM.INSO1A101C37461FA.DATABASE.WINDOWS.NET,CentralRepository,dbo
ctsazsimicrsmas.inso1a101c37461fa.database.windows.net,EDS_BC_Common_Trans_PUB,MySkills_MS_SkillCluster_Services_STG_CURR,dbo,CTSAZSIMIBCAPPS1.INSO1A101C37461FA.DATABASE.WINDOWS.NET,CentralRepository,dbo
ctsazsimicrsmas.inso1a101c37461fa.database.windows.net,EDS_BC_Common_Trans_PUB,MySkills_MS_SkillCluster_Services_STG_CURR,dbo,CTSAZSIMIBCAPPS2.INSO1A101C37461FA.DATABASE.WINDOWS.NET,CentralRepository,dbo
ctsazsimicrsmas.inso1a101c37461fa.database.windows.net,EDS_BC_Common_Trans_PUB,MySkills_MS_SkillCluster_Services_STG_CURR,dbo,CTSAZMIBCAPPS3.293366D454BB.DATABASE.WINDOWS.NET,CentralRepository,dbo
ctsazsimicrsmas.inso1a101c37461fa.database.windows.net,EDS_BC_Common_Trans_PUB,MySkills_MS_SkillCluster_Skills_STG_CURR,dbo,CTSAZSIMIPGN.INSO1A101C37461FA.DATABASE.WINDOWS.NET,CentralRepository,dbo
ctsazsimicrsmas.inso1a101c37461fa.database.windows.net,EDS_BC_Common_Trans_PUB,MySkills_MS_SkillCluster_Skills_STG_CURR,dbo,CTSAZSIMIPST.INSO1A101C37461FA.DATABASE.WINDOWS.NET,CentralRepository,dbo
ctsazsimicrsmas.inso1a101c37461fa.database.windows.net,EDS_BC_Common_Trans_PUB,MySkills_MS_SkillCluster_Skills_STG_CURR,dbo,CTSAZSIMIPTM.INSO1A101C37461FA.DATABASE.WINDOWS.NET,CentralRepository,dbo
ctsazsimicrsmas.inso1a101c37461fa.database.windows.net,EDS_BC_Common_Trans_PUB,MySkills_MS_SkillCluster_Skills_STG_CURR,dbo,CTSAZSIMIBCAPPS1.INSO1A101C37461FA.DATABASE.WINDOWS.NET,CentralRepository,dbo
ctsazsimicrsmas.inso1a101c37461fa.database.windows.net,EDS_BC_Common_Trans_PUB,MySkills_MS_SkillCluster_Skills_STG_CURR,dbo,CTSAZSIMIBCAPPS2.INSO1A101C37461FA.DATABASE.WINDOWS.NET,CentralRepository,dbo
ctsazsimicrsmas.inso1a101c37461fa.database.windows.net,EDS_BC_Common_Trans_PUB,MySkills_MS_SkillCluster_Skills_STG_CURR,dbo,CTSAZMIBCAPPS3.293366D454BB.DATABASE.WINDOWS.NET,CentralRepository,dbo
ctsazsimicrsmas.inso1a101c37461fa.database.windows.net,EDS_BC_Common_Trans_PUB,MYWKSPC_GSMS_Master_LM_STG_CURR,dbo,CTSAZSIMIPGN.INSO1A101C37461FA.DATABASE.WINDOWS.NET,CentralRepository,dbo
ctsazsimicrsmas.inso1a101c37461fa.database.windows.net,EDS_BC_Common_Trans_PUB,MYWKSPC_GSMS_Master_LM_STG_CURR,dbo,CTSAZSIMIPST.INSO1A101C37461FA.DATABASE.WINDOWS.NET,CentralRepository,dbo
ctsazsimicrsmas.inso1a101c37461fa.database.windows.net,EDS_BC_Common_Trans_PUB,MYWKSPC_GSMS_Master_LM_STG_CURR,dbo,CTSAZSIMIPTM.INSO1A101C37461FA.DATABASE.WINDOWS.NET,CentralRepository,dbo
ctsazsimicrsmas.inso1a101c37461fa.database.windows.net,EDS_BC_Common_Trans_PUB,MYWKSPC_GSMS_Master_LM_STG_CURR,dbo,CTSAZSIMIBCAPPS1.INSO1A101C37461FA.DATABASE.WINDOWS.NET,CentralRepository,dbo
ctsazsimicrsmas.inso1a101c37461fa.database.windows.net,EDS_BC_Common_Trans_PUB,MYWKSPC_GSMS_Master_LM_STG_CURR,dbo,CTSAZSIMIBCAPPS2.INSO1A101C37461FA.DATABASE.WINDOWS.NET,CentralRepository,dbo
ctsazsimicrsmas.inso1a101c37461fa.database.windows.net,EDS_BC_Common_Trans_PUB,MYWKSPC_GSMS_Master_LM_STG_CURR,dbo,CTSAZMIBCAPPS3.293366D454BB.DATABASE.WINDOWS.NET,CentralRepository,dbo
ctsazsimicrsmas.inso1a101c37461fa.database.windows.net,EDS_BC_Common_Trans_PUB,NAPRL_vw_ActiveReciprocityDetails_STG_CURR,dbo,CTSAZSIMIPGN.INSO1A101C37461FA.DATABASE.WINDOWS.NET,CentralRepository,dbo
ctsazsimicrsmas.inso1a101c37461fa.database.windows.net,EDS_BC_Common_Trans_PUB,NAPRL_vw_ActiveReciprocityDetails_STG_CURR,dbo,CTSAZSIMIPST.INSO1A101C37461FA.DATABASE.WINDOWS.NET,CentralRepository,dbo
ctsazsimicrsmas.inso1a101c37461fa.database.windows.net,EDS_BC_Common_Trans_PUB,NAPRL_vw_ActiveReciprocityDetails_STG_CURR,dbo,CTSAZSIMIPTM.INSO1A101C37461FA.DATABASE.WINDOWS.NET,CentralRepository,dbo
ctsazsimicrsmas.inso1a101c37461fa.database.windows.net,EDS_BC_Common_Trans_PUB,NAPRL_vw_ActiveReciprocityDetails_STG_CURR,dbo,CTSAZSIMIBCAPPS1.INSO1A101C37461FA.DATABASE.WINDOWS.NET,CentralRepository,dbo
ctsazsimicrsmas.inso1a101c37461fa.database.windows.net,EDS_BC_Common_Trans_PUB,NAPRL_vw_ActiveReciprocityDetails_STG_CURR,dbo,CTSAZSIMIBCAPPS2.INSO1A101C37461FA.DATABASE.WINDOWS.NET,CentralRepository,dbo
ctsazsimicrsmas.inso1a101c37461fa.database.windows.net,EDS_BC_Common_Trans_PUB,NAPRL_vw_ActiveReciprocityDetails_STG_CURR,dbo,CTSAZMIBCAPPS3.293366D454BB.DATABASE.WINDOWS.NET,CentralRepository,dbo
ctsazsimicrsmas.inso1a101c37461fa.database.windows.net,EDS_BC_Common_Trans_PUB,ONBOARDING_Vw_BuddyApp_CandidateData_STG_CURR,dbo,CTSAZSIMIPGN.INSO1A101C37461FA.DATABASE.WINDOWS.NET,CentralRepository,dbo
ctsazsimicrsmas.inso1a101c37461fa.database.windows.net,EDS_BC_Common_Trans_PUB,ONBOARDING_Vw_BuddyApp_CandidateData_STG_CURR,dbo,CTSAZSIMIPST.INSO1A101C37461FA.DATABASE.WINDOWS.NET,CentralRepository,dbo
ctsazsimicrsmas.inso1a101c37461fa.database.windows.net,EDS_BC_Common_Trans_PUB,ONBOARDING_Vw_BuddyApp_CandidateData_STG_CURR,dbo,CTSAZSIMIPTM.INSO1A101C37461FA.DATABASE.WINDOWS.NET,CentralRepository,dbo
ctsazsimicrsmas.inso1a101c37461fa.database.windows.net,EDS_BC_Common_Trans_PUB,ONBOARDING_Vw_BuddyApp_CandidateData_STG_CURR,dbo,CTSAZSIMIBCAPPS1.INSO1A101C37461FA.DATABASE.WINDOWS.NET,CentralRepository,dbo
ctsazsimicrsmas.inso1a101c37461fa.database.windows.net,EDS_BC_Common_Trans_PUB,ONBOARDING_Vw_BuddyApp_CandidateData_STG_CURR,dbo,CTSAZSIMIBCAPPS2.INSO1A101C37461FA.DATABASE.WINDOWS.NET,CentralRepository,dbo
ctsazsimicrsmas.inso1a101c37461fa.database.windows.net,EDS_BC_Common_Trans_PUB,ONBOARDING_Vw_BuddyApp_CandidateData_STG_CURR,dbo,CTSAZMIBCAPPS3.293366D454BB.DATABASE.WINDOWS.NET,CentralRepository,dbo
ctsazsimicrsmas.inso1a101c37461fa.database.windows.net,EDS_BC_Common_Trans_PUB,RHMS_tbl_EDS_BUHierarchyEntityGrouping_STG_CURR,dbo,CTSAZSIMIPGN.INSO1A101C37461FA.DATABASE.WINDOWS.NET,CentralRepository,dbo
ctsazsimicrsmas.inso1a101c37461fa.database.windows.net,EDS_BC_Common_Trans_PUB,RHMS_tbl_EDS_BUHierarchyEntityGrouping_STG_CURR,dbo,CTSAZSIMIPST.INSO1A101C37461FA.DATABASE.WINDOWS.NET,CentralRepository,dbo
ctsazsimicrsmas.inso1a101c37461fa.database.windows.net,EDS_BC_Common_Trans_PUB,RHMS_tbl_EDS_BUHierarchyEntityGrouping_STG_CURR,dbo,CTSAZSIMIPTM.INSO1A101C37461FA.DATABASE.WINDOWS.NET,CentralRepository,dbo
ctsazsimicrsmas.inso1a101c37461fa.database.windows.net,EDS_BC_Common_Trans_PUB,RHMS_tbl_EDS_BUHierarchyEntityGrouping_STG_CURR,dbo,CTSAZSIMIBCAPPS1.INSO1A101C37461FA.DATABASE.WINDOWS.NET,CentralRepository,dbo
ctsazsimicrsmas.inso1a101c37461fa.database.windows.net,EDS_BC_Common_Trans_PUB,RHMS_tbl_EDS_BUHierarchyEntityGrouping_STG_CURR,dbo,CTSAZSIMIBCAPPS2.INSO1A101C37461FA.DATABASE.WINDOWS.NET,CentralRepository,dbo
ctsazsimicrsmas.inso1a101c37461fa.database.windows.net,EDS_BC_Common_Trans_PUB,RHMS_tbl_EDS_BUHierarchyEntityGrouping_STG_CURR,dbo,CTSAZMIBCAPPS3.293366D454BB.DATABASE.WINDOWS.NET,CentralRepository,dbo
ctsazsimicrsmas.inso1a101c37461fa.database.windows.net,EDS_BC_Common_Trans_PUB,SEZ_VWGETASSOCIATESEZSTATUSDETAILS_STG_CURR,dbo,CTSAZSIMIPGN.INSO1A101C37461FA.DATABASE.WINDOWS.NET,CentralRepository,dbo
ctsazsimicrsmas.inso1a101c37461fa.database.windows.net,EDS_BC_Common_Trans_PUB,SEZ_VWGETASSOCIATESEZSTATUSDETAILS_STG_CURR,dbo,CTSAZSIMIPST.INSO1A101C37461FA.DATABASE.WINDOWS.NET,CentralRepository,dbo
ctsazsimicrsmas.inso1a101c37461fa.database.windows.net,EDS_BC_Common_Trans_PUB,SEZ_VWGETASSOCIATESEZSTATUSDETAILS_STG_CURR,dbo,CTSAZSIMIPTM.INSO1A101C37461FA.DATABASE.WINDOWS.NET,CentralRepository,dbo
ctsazsimicrsmas.inso1a101c37461fa.database.windows.net,EDS_BC_Common_Trans_PUB,SEZ_VWGETASSOCIATESEZSTATUSDETAILS_STG_CURR,dbo,CTSAZSIMIBCAPPS1.INSO1A101C37461FA.DATABASE.WINDOWS.NET,CentralRepository,dbo
ctsazsimicrsmas.inso1a101c37461fa.database.windows.net,EDS_BC_Common_Trans_PUB,SEZ_VWGETASSOCIATESEZSTATUSDETAILS_STG_CURR,dbo,CTSAZSIMIBCAPPS2.INSO1A101C37461FA.DATABASE.WINDOWS.NET,CentralRepository,dbo
ctsazsimicrsmas.inso1a101c37461fa.database.windows.net,EDS_BC_Common_Trans_PUB,SEZ_VWGETASSOCIATESEZSTATUSDETAILS_STG_CURR,dbo,CTSAZMIBCAPPS3.293366D454BB.DATABASE.WINDOWS.NET,CentralRepository,dbo
ctsazsimicrsmas.inso1a101c37461fa.database.windows.net,EDS_BC_Common_Trans_PUB,SFDC_Account_Team_STG_CURR,dbo,CTSAZSIMIPGN.INSO1A101C37461FA.DATABASE.WINDOWS.NET,CentralRepository,dbo
ctsazsimicrsmas.inso1a101c37461fa.database.windows.net,EDS_BC_Common_Trans_PUB,SFDC_Account_Team_STG_CURR,dbo,CTSAZSIMIPST.INSO1A101C37461FA.DATABASE.WINDOWS.NET,CentralRepository,dbo
ctsazsimicrsmas.inso1a101c37461fa.database.windows.net,EDS_BC_Common_Trans_PUB,SFDC_Account_Team_STG_CURR,dbo,CTSAZSIMIPTM.INSO1A101C37461FA.DATABASE.WINDOWS.NET,CentralRepository,dbo
ctsazsimicrsmas.inso1a101c37461fa.database.windows.net,EDS_BC_Common_Trans_PUB,SFDC_Account_Team_STG_CURR,dbo,CTSAZSIMIBCAPPS1.INSO1A101C37461FA.DATABASE.WINDOWS.NET,CentralRepository,dbo
ctsazsimicrsmas.inso1a101c37461fa.database.windows.net,EDS_BC_Common_Trans_PUB,SFDC_Account_Team_STG_CURR,dbo,CTSAZSIMIBCAPPS2.INSO1A101C37461FA.DATABASE.WINDOWS.NET,CentralRepository,dbo
ctsazsimicrsmas.inso1a101c37461fa.database.windows.net,EDS_BC_Common_Trans_PUB,SFDC_Account_Team_STG_CURR,dbo,CTSAZMIBCAPPS3.293366D454BB.DATABASE.WINDOWS.NET,CentralRepository,dbo
ctsazsimicrsmas.inso1a101c37461fa.database.windows.net,EDS_BC_Common_Trans_PUB,SFDC_Opp_Serv_Line_Item_STG_CURR,dbo,CTSAZSIMIPGN.INSO1A101C37461FA.DATABASE.WINDOWS.NET,CentralRepository,dbo
ctsazsimicrsmas.inso1a101c37461fa.database.windows.net,EDS_BC_Common_Trans_PUB,SFDC_Opp_Serv_Line_Item_STG_CURR,dbo,CTSAZSIMIPST.INSO1A101C37461FA.DATABASE.WINDOWS.NET,CentralRepository,dbo
ctsazsimicrsmas.inso1a101c37461fa.database.windows.net,EDS_BC_Common_Trans_PUB,SFDC_Opp_Serv_Line_Item_STG_CURR,dbo,CTSAZSIMIPTM.INSO1A101C37461FA.DATABASE.WINDOWS.NET,CentralRepository,dbo
ctsazsimicrsmas.inso1a101c37461fa.database.windows.net,EDS_BC_Common_Trans_PUB,SFDC_Opp_Serv_Line_Item_STG_CURR,dbo,CTSAZSIMIBCAPPS1.INSO1A101C37461FA.DATABASE.WINDOWS.NET,CentralRepository,dbo
ctsazsimicrsmas.inso1a101c37461fa.database.windows.net,EDS_BC_Common_Trans_PUB,SFDC_Opp_Serv_Line_Item_STG_CURR,dbo,CTSAZSIMIBCAPPS2.INSO1A101C37461FA.DATABASE.WINDOWS.NET,CentralRepository,dbo
ctsazsimicrsmas.inso1a101c37461fa.database.windows.net,EDS_BC_Common_Trans_PUB,SFDC_Opp_Serv_Line_Item_STG_CURR,dbo,CTSAZMIBCAPPS3.293366D454BB.DATABASE.WINDOWS.NET,CentralRepository,dbo
ctsazsimicrsmas.inso1a101c37461fa.database.windows.net,EDS_BC_Common_Trans_PUB,SFDC_OpportunityLineItem_STG_CURR,dbo,CTSAZSIMIPGN.INSO1A101C37461FA.DATABASE.WINDOWS.NET,CentralRepository,dbo
ctsazsimicrsmas.inso1a101c37461fa.database.windows.net,EDS_BC_Common_Trans_PUB,SFDC_OpportunityLineItem_STG_CURR,dbo,CTSAZSIMIPST.INSO1A101C37461FA.DATABASE.WINDOWS.NET,CentralRepository,dbo
ctsazsimicrsmas.inso1a101c37461fa.database.windows.net,EDS_BC_Common_Trans_PUB,SFDC_OpportunityLineItem_STG_CURR,dbo,CTSAZSIMIPTM.INSO1A101C37461FA.DATABASE.WINDOWS.NET,CentralRepository,dbo
ctsazsimicrsmas.inso1a101c37461fa.database.windows.net,EDS_BC_Common_Trans_PUB,SFDC_OpportunityLineItem_STG_CURR,dbo,CTSAZSIMIBCAPPS1.INSO1A101C37461FA.DATABASE.WINDOWS.NET,CentralRepository,dbo
ctsazsimicrsmas.inso1a101c37461fa.database.windows.net,EDS_BC_Common_Trans_PUB,SFDC_OpportunityLineItem_STG_CURR,dbo,CTSAZSIMIBCAPPS2.INSO1A101C37461FA.DATABASE.WINDOWS.NET,CentralRepository,dbo
ctsazsimicrsmas.inso1a101c37461fa.database.windows.net,EDS_BC_Common_Trans_PUB,SFDC_OpportunityLineItem_STG_CURR,dbo,CTSAZMIBCAPPS3.293366D454BB.DATABASE.WINDOWS.NET,CentralRepository,dbo
ctsazsimicrsmas.inso1a101c37461fa.database.windows.net,EDS_BC_Common_Trans_PUB,SFDC_Product_STG_CURR,dbo,CTSAZSIMIPGN.INSO1A101C37461FA.DATABASE.WINDOWS.NET,CentralRepository,dbo
ctsazsimicrsmas.inso1a101c37461fa.database.windows.net,EDS_BC_Common_Trans_PUB,SFDC_Product_STG_CURR,dbo,CTSAZSIMIPST.INSO1A101C37461FA.DATABASE.WINDOWS.NET,CentralRepository,dbo
ctsazsimicrsmas.inso1a101c37461fa.database.windows.net,EDS_BC_Common_Trans_PUB,SFDC_Product_STG_CURR,dbo,CTSAZSIMIPTM.INSO1A101C37461FA.DATABASE.WINDOWS.NET,CentralRepository,dbo
ctsazsimicrsmas.inso1a101c37461fa.database.windows.net,EDS_BC_Common_Trans_PUB,SFDC_Product_STG_CURR,dbo,CTSAZSIMIBCAPPS1.INSO1A101C37461FA.DATABASE.WINDOWS.NET,CentralRepository,dbo
ctsazsimicrsmas.inso1a101c37461fa.database.windows.net,EDS_BC_Common_Trans_PUB,SFDC_Product_STG_CURR,dbo,CTSAZSIMIBCAPPS2.INSO1A101C37461FA.DATABASE.WINDOWS.NET,CentralRepository,dbo
ctsazsimicrsmas.inso1a101c37461fa.database.windows.net,EDS_BC_Common_Trans_PUB,SFDC_Product_STG_CURR,dbo,CTSAZMIBCAPPS3.293366D454BB.DATABASE.WINDOWS.NET,CentralRepository,dbo
ctsazsimicrsmas.inso1a101c37461fa.database.windows.net,EDS_BC_Common_Trans_PUB,SFDC_Renewal_Expansion_Projects_STG_CURR,dbo,CTSAZSIMIPGN.INSO1A101C37461FA.DATABASE.WINDOWS.NET,CentralRepository,dbo
ctsazsimicrsmas.inso1a101c37461fa.database.windows.net,EDS_BC_Common_Trans_PUB,SFDC_Renewal_Expansion_Projects_STG_CURR,dbo,CTSAZSIMIPST.INSO1A101C37461FA.DATABASE.WINDOWS.NET,CentralRepository,dbo
ctsazsimicrsmas.inso1a101c37461fa.database.windows.net,EDS_BC_Common_Trans_PUB,SFDC_Renewal_Expansion_Projects_STG_CURR,dbo,CTSAZSIMIPTM.INSO1A101C37461FA.DATABASE.WINDOWS.NET,CentralRepository,dbo
ctsazsimicrsmas.inso1a101c37461fa.database.windows.net,EDS_BC_Common_Trans_PUB,SFDC_Renewal_Expansion_Projects_STG_CURR,dbo,CTSAZSIMIBCAPPS1.INSO1A101C37461FA.DATABASE.WINDOWS.NET,CentralRepository,dbo
ctsazsimicrsmas.inso1a101c37461fa.database.windows.net,EDS_BC_Common_Trans_PUB,SFDC_Renewal_Expansion_Projects_STG_CURR,dbo,CTSAZSIMIBCAPPS2.INSO1A101C37461FA.DATABASE.WINDOWS.NET,CentralRepository,dbo
ctsazsimicrsmas.inso1a101c37461fa.database.windows.net,EDS_BC_Common_Trans_PUB,SFDC_Renewal_Expansion_Projects_STG_CURR,dbo,CTSAZMIBCAPPS3.293366D454BB.DATABASE.WINDOWS.NET,CentralRepository,dbo
ctsazsimicrsmas.inso1a101c37461fa.database.windows.net,EDS_BC_Common_Trans_PUB,TMP_vw_TMP_CRS_Associate_Pool_Details_STG_CURR,dbo,CTSAZSIMIPGN.INSO1A101C37461FA.DATABASE.WINDOWS.NET,CentralRepository,dbo
ctsazsimicrsmas.inso1a101c37461fa.database.windows.net,EDS_BC_Common_Trans_PUB,TMP_vw_TMP_CRS_Associate_Pool_Details_STG_CURR,dbo,CTSAZSIMIPST.INSO1A101C37461FA.DATABASE.WINDOWS.NET,CentralRepository,dbo
ctsazsimicrsmas.inso1a101c37461fa.database.windows.net,EDS_BC_Common_Trans_PUB,TMP_vw_TMP_CRS_Associate_Pool_Details_STG_CURR,dbo,CTSAZSIMIPTM.INSO1A101C37461FA.DATABASE.WINDOWS.NET,CentralRepository,dbo
ctsazsimicrsmas.inso1a101c37461fa.database.windows.net,EDS_BC_Common_Trans_PUB,TMP_vw_TMP_CRS_Associate_Pool_Details_STG_CURR,dbo,CTSAZSIMIBCAPPS1.INSO1A101C37461FA.DATABASE.WINDOWS.NET,CentralRepository,dbo
ctsazsimicrsmas.inso1a101c37461fa.database.windows.net,EDS_BC_Common_Trans_PUB,TMP_vw_TMP_CRS_Associate_Pool_Details_STG_CURR,dbo,CTSAZSIMIBCAPPS2.INSO1A101C37461FA.DATABASE.WINDOWS.NET,CentralRepository,dbo
ctsazsimicrsmas.inso1a101c37461fa.database.windows.net,EDS_BC_Common_Trans_PUB,TMP_vw_TMP_CRS_Associate_Pool_Details_STG_CURR,dbo,CTSAZMIBCAPPS3.293366D454BB.DATABASE.WINDOWS.NET,CentralRepository,dbo
ctsazsimicrsmas.inso1a101c37461fa.database.windows.net,EDS_BC_Common_Trans_PUB,TMP_vw_TMP_CRS_SO_Details_STG_CURR,dbo,CTSAZSIMIPGN.INSO1A101C37461FA.DATABASE.WINDOWS.NET,CentralRepository,dbo
ctsazsimicrsmas.inso1a101c37461fa.database.windows.net,EDS_BC_Common_Trans_PUB,TMP_vw_TMP_CRS_SO_Details_STG_CURR,dbo,CTSAZSIMIPST.INSO1A101C37461FA.DATABASE.WINDOWS.NET,CentralRepository,dbo
ctsazsimicrsmas.inso1a101c37461fa.database.windows.net,EDS_BC_Common_Trans_PUB,TMP_vw_TMP_CRS_SO_Details_STG_CURR,dbo,CTSAZSIMIPTM.INSO1A101C37461FA.DATABASE.WINDOWS.NET,CentralRepository,dbo
ctsazsimicrsmas.inso1a101c37461fa.database.windows.net,EDS_BC_Common_Trans_PUB,TMP_vw_TMP_CRS_SO_Details_STG_CURR,dbo,CTSAZSIMIBCAPPS1.INSO1A101C37461FA.DATABASE.WINDOWS.NET,CentralRepository,dbo
ctsazsimicrsmas.inso1a101c37461fa.database.windows.net,EDS_BC_Common_Trans_PUB,TMP_vw_TMP_CRS_SO_Details_STG_CURR,dbo,CTSAZSIMIBCAPPS2.INSO1A101C37461FA.DATABASE.WINDOWS.NET,CentralRepository,dbo
ctsazsimicrsmas.inso1a101c37461fa.database.windows.net,EDS_BC_Common_Trans_PUB,TMP_vw_TMP_CRS_SO_Details_STG_CURR,dbo,CTSAZMIBCAPPS3.293366D454BB.DATABASE.WINDOWS.NET,CentralRepository,dbo
ctsazsimicrsmas.inso1a101c37461fa.database.windows.net,EDS_BC_Common_Trans_PUB,Table_test,dbo,CTSAZSIMIPGN.INSO1A101C37461FA.DATABASE.WINDOWS.NET,CentralRepository,dbo
ctsazsimicrsmas.inso1a101c37461fa.database.windows.net,EDS_BC_Common_Trans_PUB,Table_test,dbo,CTSAZSIMIPST.INSO1A101C37461FA.DATABASE.WINDOWS.NET,CentralRepository,dbo
ctsazsimicrsmas.inso1a101c37461fa.database.windows.net,EDS_BC_Common_Trans_PUB,Table_test,dbo,CTSAZSIMIPTM.INSO1A101C37461FA.DATABASE.WINDOWS.NET,CentralRepository,dbo
ctsazsimicrsmas.inso1a101c37461fa.database.windows.net,EDS_BC_Common_Trans_PUB,Table_test,dbo,CTSAZSIMIBCAPPS1.INSO1A101C37461FA.DATABASE.WINDOWS.NET,CentralRepository,dbo
ctsazsimicrsmas.inso1a101c37461fa.database.windows.net,EDS_BC_Common_Trans_PUB,Table_test,dbo,CTSAZSIMIBCAPPS2.INSO1A101C37461FA.DATABASE.WINDOWS.NET,CentralRepository,dbo
ctsazsimicrsmas.inso1a101c37461fa.database.windows.net,EDS_BC_Common_Trans_PUB,Table_test,dbo,CTSAZMIBCAPPS3.293366D454BB.DATABASE.WINDOWS.NET,CentralRepository,dbo
ctsazsimicrsmas.inso1a101c37461fa.database.windows.net,EDS_BC_Common_Trans_PUB,TMP_vw_TalentMarketPlace_AssociateResume_STG_CURR,dbo,CTSAZSIMIPGN.INSO1A101C37461FA.DATABASE.WINDOWS.NET,CentralRepository,dbo
ctsazsimicrsmas.inso1a101c37461fa.database.windows.net,EDS_BC_Common_Trans_PUB,TMP_vw_TalentMarketPlace_AssociateResume_STG_CURR,dbo,CTSAZSIMIPST.INSO1A101C37461FA.DATABASE.WINDOWS.NET,CentralRepository,dbo
ctsazsimicrsmas.inso1a101c37461fa.database.windows.net,EDS_BC_Common_Trans_PUB,TMP_vw_TalentMarketPlace_AssociateResume_STG_CURR,dbo,CTSAZSIMIPTM.INSO1A101C37461FA.DATABASE.WINDOWS.NET,CentralRepository,dbo
ctsazsimicrsmas.inso1a101c37461fa.database.windows.net,EDS_BC_Common_Trans_PUB,TMP_vw_TalentMarketPlace_AssociateResume_STG_CURR,dbo,CTSAZSIMIBCAPPS1.INSO1A101C37461FA.DATABASE.WINDOWS.NET,CentralRepository,dbo
ctsazsimicrsmas.inso1a101c37461fa.database.windows.net,EDS_BC_Common_Trans_PUB,TMP_vw_TalentMarketPlace_AssociateResume_STG_CURR,dbo,CTSAZSIMIBCAPPS2.INSO1A101C37461FA.DATABASE.WINDOWS.NET,CentralRepository,dbo
ctsazsimicrsmas.inso1a101c37461fa.database.windows.net,EDS_BC_Common_Trans_PUB,TMP_vw_TalentMarketPlace_AssociateResume_STG_CURR,dbo,CTSAZMIBCAPPS3.293366D454BB.DATABASE.WINDOWS.NET,CentralRepository,dbo
ctsazsimicrsmas.inso1a101c37461fa.database.windows.net,EDS_BC_Common_Trans_PUB,SFDC_Forecast_STG_CURR,dbo,CTSAZSIMIPGN.INSO1A101C37461FA.DATABASE.WINDOWS.NET,CentralRepository,dbo
ctsazsimicrsmas.inso1a101c37461fa.database.windows.net,EDS_BC_Common_Trans_PUB,SFDC_Forecast_STG_CURR,dbo,CTSAZSIMIPST.INSO1A101C37461FA.DATABASE.WINDOWS.NET,CentralRepository,dbo
ctsazsimicrsmas.inso1a101c37461fa.database.windows.net,EDS_BC_Common_Trans_PUB,SFDC_Forecast_STG_CURR,dbo,CTSAZSIMIPTM.INSO1A101C37461FA.DATABASE.WINDOWS.NET,CentralRepository,dbo
ctsazsimicrsmas.inso1a101c37461fa.database.windows.net,EDS_BC_Common_Trans_PUB,SFDC_Forecast_STG_CURR,dbo,CTSAZSIMIBCAPPS1.INSO1A101C37461FA.DATABASE.WINDOWS.NET,CentralRepository,dbo
ctsazsimicrsmas.inso1a101c37461fa.database.windows.net,EDS_BC_Common_Trans_PUB,SFDC_Forecast_STG_CURR,dbo,CTSAZSIMIBCAPPS2.INSO1A101C37461FA.DATABASE.WINDOWS.NET,CentralRepository,dbo
ctsazsimicrsmas.inso1a101c37461fa.database.windows.net,EDS_BC_Common_Trans_PUB,SFDC_Forecast_STG_CURR,dbo,CTSAZMIBCAPPS3.293366D454BB.DATABASE.WINDOWS.NET,CentralRepository,dbo
ctsazsimicrsmas.inso1a101c37461fa.database.windows.net,EDS_BC_Common_Trans_PUB,CentralRepository_Associate_Details_MIG,dbo,CTSAZSIMIPGN.INSO1A101C37461FA.DATABASE.WINDOWS.NET,CentralRepository,dbo
ctsazsimicrsmas.inso1a101c37461fa.database.windows.net,EDS_BC_Common_Trans_PUB,CentralRepository_Associate_Details_MIG,dbo,CTSAZSIMIPST.INSO1A101C37461FA.DATABASE.WINDOWS.NET,CentralRepository,dbo
ctsazsimicrsmas.inso1a101c37461fa.database.windows.net,EDS_BC_Common_Trans_PUB,CentralRepository_Associate_Details_MIG,dbo,CTSAZSIMIPTM.INSO1A101C37461FA.DATABASE.WINDOWS.NET,CentralRepository,dbo
ctsazsimicrsmas.inso1a101c37461fa.database.windows.net,EDS_BC_Common_Trans_PUB,CentralRepository_Associate_Details_MIG,dbo,CTSAZSIMIBCAPPS1.INSO1A101C37461FA.DATABASE.WINDOWS.NET,CentralRepository,dbo
ctsazsimicrsmas.inso1a101c37461fa.database.windows.net,EDS_BC_Common_Trans_PUB,CentralRepository_Associate_Details_MIG,dbo,CTSAZSIMIBCAPPS2.INSO1A101C37461FA.DATABASE.WINDOWS.NET,CentralRepository,dbo
ctsazsimicrsmas.inso1a101c37461fa.database.windows.net,EDS_BC_Common_Trans_PUB,CentralRepository_Associate_Details_MIG,dbo,CTSAZMIBCAPPS3.293366D454BB.DATABASE.WINDOWS.NET,CentralRepository,dbo
ctsazsimicrsmas.inso1a101c37461fa.database.windows.net,EDS_BC_Common_Trans_PUB,CentralRepository_AssociateAddress_MIG,dbo,CTSAZSIMIPGN.INSO1A101C37461FA.DATABASE.WINDOWS.NET,CentralRepository,dbo
ctsazsimicrsmas.inso1a101c37461fa.database.windows.net,EDS_BC_Common_Trans_PUB,CentralRepository_AssociateAddress_MIG,dbo,CTSAZSIMIPST.INSO1A101C37461FA.DATABASE.WINDOWS.NET,CentralRepository,dbo
ctsazsimicrsmas.inso1a101c37461fa.database.windows.net,EDS_BC_Common_Trans_PUB,CentralRepository_AssociateAddress_MIG,dbo,CTSAZSIMIPTM.INSO1A101C37461FA.DATABASE.WINDOWS.NET,CentralRepository,dbo
ctsazsimicrsmas.inso1a101c37461fa.database.windows.net,EDS_BC_Common_Trans_PUB,CentralRepository_AssociateAddress_MIG,dbo,CTSAZSIMIBCAPPS1.INSO1A101C37461FA.DATABASE.WINDOWS.NET,CentralRepository,dbo
ctsazsimicrsmas.inso1a101c37461fa.database.windows.net,EDS_BC_Common_Trans_PUB,CentralRepository_AssociateAddress_MIG,dbo,CTSAZSIMIBCAPPS2.INSO1A101C37461FA.DATABASE.WINDOWS.NET,CentralRepository,dbo
ctsazsimicrsmas.inso1a101c37461fa.database.windows.net,EDS_BC_Common_Trans_PUB,CentralRepository_AssociateAddress_MIG,dbo,CTSAZMIBCAPPS3.293366D454BB.DATABASE.WINDOWS.NET,CentralRepository,dbo
ctsazsimicrsmas.inso1a101c37461fa.database.windows.net,EDS_BC_Common_Trans_PUB,CentralRepository_AssociatePool_MIG,dbo,CTSAZSIMIPGN.INSO1A101C37461FA.DATABASE.WINDOWS.NET,CentralRepository,dbo
ctsazsimicrsmas.inso1a101c37461fa.database.windows.net,EDS_BC_Common_Trans_PUB,CentralRepository_AssociatePool_MIG,dbo,CTSAZSIMIPST.INSO1A101C37461FA.DATABASE.WINDOWS.NET,CentralRepository,dbo
ctsazsimicrsmas.inso1a101c37461fa.database.windows.net,EDS_BC_Common_Trans_PUB,CentralRepository_AssociatePool_MIG,dbo,CTSAZSIMIPTM.INSO1A101C37461FA.DATABASE.WINDOWS.NET,CentralRepository,dbo
ctsazsimicrsmas.inso1a101c37461fa.database.windows.net,EDS_BC_Common_Trans_PUB,CentralRepository_AssociatePool_MIG,dbo,CTSAZSIMIBCAPPS1.INSO1A101C37461FA.DATABASE.WINDOWS.NET,CentralRepository,dbo
ctsazsimicrsmas.inso1a101c37461fa.database.windows.net,EDS_BC_Common_Trans_PUB,CentralRepository_AssociatePool_MIG,dbo,CTSAZSIMIBCAPPS2.INSO1A101C37461FA.DATABASE.WINDOWS.NET,CentralRepository,dbo
ctsazsimicrsmas.inso1a101c37461fa.database.windows.net,EDS_BC_Common_Trans_PUB,CentralRepository_AssociatePool_MIG,dbo,CTSAZMIBCAPPS3.293366D454BB.DATABASE.WINDOWS.NET,CentralRepository,dbo
ctsazsimicrsmas.inso1a101c37461fa.database.windows.net,EDS_BC_Common_Trans_PUB,CENTRALREPOSITORY_CANDIDATEDETAILS_MIG,dbo,CTSAZSIMIPGN.INSO1A101C37461FA.DATABASE.WINDOWS.NET,CentralRepository,dbo
ctsazsimicrsmas.inso1a101c37461fa.database.windows.net,EDS_BC_Common_Trans_PUB,CENTRALREPOSITORY_CANDIDATEDETAILS_MIG,dbo,CTSAZSIMIPST.INSO1A101C37461FA.DATABASE.WINDOWS.NET,CentralRepository,dbo
ctsazsimicrsmas.inso1a101c37461fa.database.windows.net,EDS_BC_Common_Trans_PUB,CENTRALREPOSITORY_CANDIDATEDETAILS_MIG,dbo,CTSAZSIMIPTM.INSO1A101C37461FA.DATABASE.WINDOWS.NET,CentralRepository,dbo
ctsazsimicrsmas.inso1a101c37461fa.database.windows.net,EDS_BC_Common_Trans_PUB,CENTRALREPOSITORY_CANDIDATEDETAILS_MIG,dbo,CTSAZSIMIBCAPPS1.INSO1A101C37461FA.DATABASE.WINDOWS.NET,CentralRepository,dbo
ctsazsimicrsmas.inso1a101c37461fa.database.windows.net,EDS_BC_Common_Trans_PUB,CENTRALREPOSITORY_CANDIDATEDETAILS_MIG,dbo,CTSAZSIMIBCAPPS2.INSO1A101C37461FA.DATABASE.WINDOWS.NET,CentralRepository,dbo
ctsazsimicrsmas.inso1a101c37461fa.database.windows.net,EDS_BC_Common_Trans_PUB,CENTRALREPOSITORY_CANDIDATEDETAILS_MIG,dbo,CTSAZMIBCAPPS3.293366D454BB.DATABASE.WINDOWS.NET,CentralRepository,dbo
ctsazsimicrsmas.inso1a101c37461fa.database.windows.net,EDS_BC_Common_Trans_PUB,CentralRepository_Contacts_MIG,dbo,CTSAZSIMIPGN.INSO1A101C37461FA.DATABASE.WINDOWS.NET,CentralRepository,dbo
ctsazsimicrsmas.inso1a101c37461fa.database.windows.net,EDS_BC_Common_Trans_PUB,CentralRepository_Contacts_MIG,dbo,CTSAZSIMIPST.INSO1A101C37461FA.DATABASE.WINDOWS.NET,CentralRepository,dbo
ctsazsimicrsmas.inso1a101c37461fa.database.windows.net,EDS_BC_Common_Trans_PUB,CentralRepository_Contacts_MIG,dbo,CTSAZSIMIPTM.INSO1A101C37461FA.DATABASE.WINDOWS.NET,CentralRepository,dbo
ctsazsimicrsmas.inso1a101c37461fa.database.windows.net,EDS_BC_Common_Trans_PUB,CentralRepository_Contacts_MIG,dbo,CTSAZSIMIBCAPPS1.INSO1A101C37461FA.DATABASE.WINDOWS.NET,CentralRepository,dbo
ctsazsimicrsmas.inso1a101c37461fa.database.windows.net,EDS_BC_Common_Trans_PUB,CentralRepository_Contacts_MIG,dbo,CTSAZSIMIBCAPPS2.INSO1A101C37461FA.DATABASE.WINDOWS.NET,CentralRepository,dbo
ctsazsimicrsmas.inso1a101c37461fa.database.windows.net,EDS_BC_Common_Trans_PUB,CentralRepository_Contacts_MIG,dbo,CTSAZMIBCAPPS3.293366D454BB.DATABASE.WINDOWS.NET,CentralRepository,dbo
ctsazsimicrsmas.inso1a101c37461fa.database.windows.net,EDS_BC_Common_Trans_PUB,CentralRepository_DepartmentVerticalMapping_EDS,dbo,CTSAZSIMIPGN.INSO1A101C37461FA.DATABASE.WINDOWS.NET,CentralRepository,dbo
ctsazsimicrsmas.inso1a101c37461fa.database.windows.net,EDS_BC_Common_Trans_PUB,CentralRepository_DepartmentVerticalMapping_EDS,dbo,CTSAZSIMIPST.INSO1A101C37461FA.DATABASE.WINDOWS.NET,CentralRepository,dbo
ctsazsimicrsmas.inso1a101c37461fa.database.windows.net,EDS_BC_Common_Trans_PUB,CentralRepository_DepartmentVerticalMapping_EDS,dbo,CTSAZSIMIPTM.INSO1A101C37461FA.DATABASE.WINDOWS.NET,CentralRepository,dbo
ctsazsimicrsmas.inso1a101c37461fa.database.windows.net,EDS_BC_Common_Trans_PUB,CentralRepository_DepartmentVerticalMapping_EDS,dbo,CTSAZSIMIBCAPPS1.INSO1A101C37461FA.DATABASE.WINDOWS.NET,CentralRepository,dbo
ctsazsimicrsmas.inso1a101c37461fa.database.windows.net,EDS_BC_Common_Trans_PUB,CentralRepository_DepartmentVerticalMapping_EDS,dbo,CTSAZSIMIBCAPPS2.INSO1A101C37461FA.DATABASE.WINDOWS.NET,CentralRepository,dbo
ctsazsimicrsmas.inso1a101c37461fa.database.windows.net,EDS_BC_Common_Trans_PUB,CentralRepository_DepartmentVerticalMapping_EDS,dbo,CTSAZMIBCAPPS3.293366D454BB.DATABASE.WINDOWS.NET,CentralRepository,dbo
ctsazsimicrsmas.inso1a101c37461fa.database.windows.net,EDS_BC_Common_Trans_PUB,CentralRepository_Email_Address_MIG,dbo,CTSAZSIMIPGN.INSO1A101C37461FA.DATABASE.WINDOWS.NET,CentralRepository,dbo
ctsazsimicrsmas.inso1a101c37461fa.database.windows.net,EDS_BC_Common_Trans_PUB,CentralRepository_Email_Address_MIG,dbo,CTSAZSIMIPST.INSO1A101C37461FA.DATABASE.WINDOWS.NET,CentralRepository,dbo
ctsazsimicrsmas.inso1a101c37461fa.database.windows.net,EDS_BC_Common_Trans_PUB,CentralRepository_Email_Address_MIG,dbo,CTSAZSIMIPTM.INSO1A101C37461FA.DATABASE.WINDOWS.NET,CentralRepository,dbo
ctsazsimicrsmas.inso1a101c37461fa.database.windows.net,EDS_BC_Common_Trans_PUB,CentralRepository_Email_Address_MIG,dbo,CTSAZSIMIBCAPPS1.INSO1A101C37461FA.DATABASE.WINDOWS.NET,CentralRepository,dbo
ctsazsimicrsmas.inso1a101c37461fa.database.windows.net,EDS_BC_Common_Trans_PUB,CentralRepository_Email_Address_MIG,dbo,CTSAZSIMIBCAPPS2.INSO1A101C37461FA.DATABASE.WINDOWS.NET,CentralRepository,dbo
ctsazsimicrsmas.inso1a101c37461fa.database.windows.net,EDS_BC_Common_Trans_PUB,CentralRepository_Email_Address_MIG,dbo,CTSAZMIBCAPPS3.293366D454BB.DATABASE.WINDOWS.NET,CentralRepository,dbo
ctsazsimicrsmas.inso1a101c37461fa.database.windows.net,EDS_BC_Common_Trans_PUB,CentralRepository_Grade_Master_MIG,dbo,CTSAZSIMIPGN.INSO1A101C37461FA.DATABASE.WINDOWS.NET,CentralRepository,dbo
ctsazsimicrsmas.inso1a101c37461fa.database.windows.net,EDS_BC_Common_Trans_PUB,CentralRepository_Grade_Master_MIG,dbo,CTSAZSIMIPST.INSO1A101C37461FA.DATABASE.WINDOWS.NET,CentralRepository,dbo
ctsazsimicrsmas.inso1a101c37461fa.database.windows.net,EDS_BC_Common_Trans_PUB,CentralRepository_Grade_Master_MIG,dbo,CTSAZSIMIPTM.INSO1A101C37461FA.DATABASE.WINDOWS.NET,CentralRepository,dbo
ctsazsimicrsmas.inso1a101c37461fa.database.windows.net,EDS_BC_Common_Trans_PUB,CentralRepository_Grade_Master_MIG,dbo,CTSAZSIMIBCAPPS1.INSO1A101C37461FA.DATABASE.WINDOWS.NET,CentralRepository,dbo
ctsazsimicrsmas.inso1a101c37461fa.database.windows.net,EDS_BC_Common_Trans_PUB,CentralRepository_Grade_Master_MIG,dbo,CTSAZSIMIBCAPPS2.INSO1A101C37461FA.DATABASE.WINDOWS.NET,CentralRepository,dbo
ctsazsimicrsmas.inso1a101c37461fa.database.windows.net,EDS_BC_Common_Trans_PUB,CentralRepository_Grade_Master_MIG,dbo,CTSAZMIBCAPPS3.293366D454BB.DATABASE.WINDOWS.NET,CentralRepository,dbo
ctsazsimicrsmas.inso1a101c37461fa.database.windows.net,EDS_BC_Common_Trans_PUB,CentralRepository_GSMS_AssociateSeatInfo_MIG,dbo,CTSAZSIMIPGN.INSO1A101C37461FA.DATABASE.WINDOWS.NET,CentralRepository,dbo
ctsazsimicrsmas.inso1a101c37461fa.database.windows.net,EDS_BC_Common_Trans_PUB,CentralRepository_GSMS_AssociateSeatInfo_MIG,dbo,CTSAZSIMIPST.INSO1A101C37461FA.DATABASE.WINDOWS.NET,CentralRepository,dbo
ctsazsimicrsmas.inso1a101c37461fa.database.windows.net,EDS_BC_Common_Trans_PUB,CentralRepository_GSMS_AssociateSeatInfo_MIG,dbo,CTSAZSIMIPTM.INSO1A101C37461FA.DATABASE.WINDOWS.NET,CentralRepository,dbo
ctsazsimicrsmas.inso1a101c37461fa.database.windows.net,EDS_BC_Common_Trans_PUB,CentralRepository_GSMS_AssociateSeatInfo_MIG,dbo,CTSAZSIMIBCAPPS1.INSO1A101C37461FA.DATABASE.WINDOWS.NET,CentralRepository,dbo
ctsazsimicrsmas.inso1a101c37461fa.database.windows.net,EDS_BC_Common_Trans_PUB,CentralRepository_GSMS_AssociateSeatInfo_MIG,dbo,CTSAZSIMIBCAPPS2.INSO1A101C37461FA.DATABASE.WINDOWS.NET,CentralRepository,dbo
ctsazsimicrsmas.inso1a101c37461fa.database.windows.net,EDS_BC_Common_Trans_PUB,CentralRepository_GSMS_AssociateSeatInfo_MIG,dbo,CTSAZMIBCAPPS3.293366D454BB.DATABASE.WINDOWS.NET,CentralRepository,dbo
ctsazsimicrsmas.inso1a101c37461fa.database.windows.net,EDS_BC_Common_Trans_PUB,CentralRepository_GSMS_Master_MIG,dbo,CTSAZSIMIPGN.INSO1A101C37461FA.DATABASE.WINDOWS.NET,CentralRepository,dbo
ctsazsimicrsmas.inso1a101c37461fa.database.windows.net,EDS_BC_Common_Trans_PUB,CentralRepository_GSMS_Master_MIG,dbo,CTSAZSIMIPST.INSO1A101C37461FA.DATABASE.WINDOWS.NET,CentralRepository,dbo
ctsazsimicrsmas.inso1a101c37461fa.database.windows.net,EDS_BC_Common_Trans_PUB,CentralRepository_GSMS_Master_MIG,dbo,CTSAZSIMIPTM.INSO1A101C37461FA.DATABASE.WINDOWS.NET,CentralRepository,dbo
ctsazsimicrsmas.inso1a101c37461fa.database.windows.net,EDS_BC_Common_Trans_PUB,CentralRepository_GSMS_Master_MIG,dbo,CTSAZSIMIBCAPPS1.INSO1A101C37461FA.DATABASE.WINDOWS.NET,CentralRepository,dbo
ctsazsimicrsmas.inso1a101c37461fa.database.windows.net,EDS_BC_Common_Trans_PUB,CentralRepository_GSMS_Master_MIG,dbo,CTSAZSIMIBCAPPS2.INSO1A101C37461FA.DATABASE.WINDOWS.NET,CentralRepository,dbo
ctsazsimicrsmas.inso1a101c37461fa.database.windows.net,EDS_BC_Common_Trans_PUB,CentralRepository_GSMS_Master_MIG,dbo,CTSAZMIBCAPPS3.293366D454BB.DATABASE.WINDOWS.NET,CentralRepository,dbo
ctsazsimicrsmas.inso1a101c37461fa.database.windows.net,EDS_BC_Common_Trans_PUB,CentralRepository_HCMLocation_MIG,dbo,CTSAZSIMIPGN.INSO1A101C37461FA.DATABASE.WINDOWS.NET,CentralRepository,dbo
ctsazsimicrsmas.inso1a101c37461fa.database.windows.net,EDS_BC_Common_Trans_PUB,CentralRepository_HCMLocation_MIG,dbo,CTSAZSIMIPST.INSO1A101C37461FA.DATABASE.WINDOWS.NET,CentralRepository,dbo
ctsazsimicrsmas.inso1a101c37461fa.database.windows.net,EDS_BC_Common_Trans_PUB,CentralRepository_HCMLocation_MIG,dbo,CTSAZSIMIPTM.INSO1A101C37461FA.DATABASE.WINDOWS.NET,CentralRepository,dbo
ctsazsimicrsmas.inso1a101c37461fa.database.windows.net,EDS_BC_Common_Trans_PUB,CentralRepository_HCMLocation_MIG,dbo,CTSAZSIMIBCAPPS1.INSO1A101C37461FA.DATABASE.WINDOWS.NET,CentralRepository,dbo
ctsazsimicrsmas.inso1a101c37461fa.database.windows.net,EDS_BC_Common_Trans_PUB,CentralRepository_HCMLocation_MIG,dbo,CTSAZSIMIBCAPPS2.INSO1A101C37461FA.DATABASE.WINDOWS.NET,CentralRepository,dbo
ctsazsimicrsmas.inso1a101c37461fa.database.windows.net,EDS_BC_Common_Trans_PUB,CentralRepository_HCMLocation_MIG,dbo,CTSAZMIBCAPPS3.293366D454BB.DATABASE.WINDOWS.NET,CentralRepository,dbo
ctsazsimicrsmas.inso1a101c37461fa.database.windows.net,EDS_BC_Common_Trans_PUB,CentralRepository_HolidayDate_MIG,dbo,CTSAZSIMIPGN.INSO1A101C37461FA.DATABASE.WINDOWS.NET,CentralRepository,dbo
ctsazsimicrsmas.inso1a101c37461fa.database.windows.net,EDS_BC_Common_Trans_PUB,CentralRepository_HolidayDate_MIG,dbo,CTSAZSIMIPST.INSO1A101C37461FA.DATABASE.WINDOWS.NET,CentralRepository,dbo
ctsazsimicrsmas.inso1a101c37461fa.database.windows.net,EDS_BC_Common_Trans_PUB,CentralRepository_HolidayDate_MIG,dbo,CTSAZSIMIPTM.INSO1A101C37461FA.DATABASE.WINDOWS.NET,CentralRepository,dbo
ctsazsimicrsmas.inso1a101c37461fa.database.windows.net,EDS_BC_Common_Trans_PUB,CentralRepository_HolidayDate_MIG,dbo,CTSAZSIMIBCAPPS1.INSO1A101C37461FA.DATABASE.WINDOWS.NET,CentralRepository,dbo
ctsazsimicrsmas.inso1a101c37461fa.database.windows.net,EDS_BC_Common_Trans_PUB,CentralRepository_HolidayDate_MIG,dbo,CTSAZSIMIBCAPPS2.INSO1A101C37461FA.DATABASE.WINDOWS.NET,CentralRepository,dbo
ctsazsimicrsmas.inso1a101c37461fa.database.windows.net,EDS_BC_Common_Trans_PUB,CentralRepository_HolidayDate_MIG,dbo,CTSAZMIBCAPPS3.293366D454BB.DATABASE.WINDOWS.NET,CentralRepository,dbo
ctsazsimicrsmas.inso1a101c37461fa.database.windows.net,EDS_BC_Common_Trans_PUB,CentralRepository_Horizontal_master_MIG,dbo,CTSAZSIMIPGN.INSO1A101C37461FA.DATABASE.WINDOWS.NET,CentralRepository,dbo
ctsazsimicrsmas.inso1a101c37461fa.database.windows.net,EDS_BC_Common_Trans_PUB,CentralRepository_Horizontal_master_MIG,dbo,CTSAZSIMIPST.INSO1A101C37461FA.DATABASE.WINDOWS.NET,CentralRepository,dbo
ctsazsimicrsmas.inso1a101c37461fa.database.windows.net,EDS_BC_Common_Trans_PUB,CentralRepository_Horizontal_master_MIG,dbo,CTSAZSIMIPTM.INSO1A101C37461FA.DATABASE.WINDOWS.NET,CentralRepository,dbo
ctsazsimicrsmas.inso1a101c37461fa.database.windows.net,EDS_BC_Common_Trans_PUB,CentralRepository_Horizontal_master_MIG,dbo,CTSAZSIMIBCAPPS1.INSO1A101C37461FA.DATABASE.WINDOWS.NET,CentralRepository,dbo
ctsazsimicrsmas.inso1a101c37461fa.database.windows.net,EDS_BC_Common_Trans_PUB,CentralRepository_Horizontal_master_MIG,dbo,CTSAZSIMIBCAPPS2.INSO1A101C37461FA.DATABASE.WINDOWS.NET,CentralRepository,dbo
ctsazsimicrsmas.inso1a101c37461fa.database.windows.net,EDS_BC_Common_Trans_PUB,CentralRepository_Horizontal_master_MIG,dbo,CTSAZMIBCAPPS3.293366D454BB.DATABASE.WINDOWS.NET,CentralRepository,dbo
ctsazsimicrsmas.inso1a101c37461fa.database.windows.net,EDS_BC_Common_Trans_PUB,CentralRepository_JobFamilyMaster_MIG,dbo,CTSAZSIMIPGN.INSO1A101C37461FA.DATABASE.WINDOWS.NET,CentralRepository,dbo
ctsazsimicrsmas.inso1a101c37461fa.database.windows.net,EDS_BC_Common_Trans_PUB,CentralRepository_JobFamilyMaster_MIG,dbo,CTSAZSIMIPST.INSO1A101C37461FA.DATABASE.WINDOWS.NET,CentralRepository,dbo
ctsazsimicrsmas.inso1a101c37461fa.database.windows.net,EDS_BC_Common_Trans_PUB,CentralRepository_JobFamilyMaster_MIG,dbo,CTSAZSIMIPTM.INSO1A101C37461FA.DATABASE.WINDOWS.NET,CentralRepository,dbo
ctsazsimicrsmas.inso1a101c37461fa.database.windows.net,EDS_BC_Common_Trans_PUB,CentralRepository_JobFamilyMaster_MIG,dbo,CTSAZSIMIBCAPPS1.INSO1A101C37461FA.DATABASE.WINDOWS.NET,CentralRepository,dbo
ctsazsimicrsmas.inso1a101c37461fa.database.windows.net,EDS_BC_Common_Trans_PUB,CentralRepository_JobFamilyMaster_MIG,dbo,CTSAZSIMIBCAPPS2.INSO1A101C37461FA.DATABASE.WINDOWS.NET,CentralRepository,dbo
ctsazsimicrsmas.inso1a101c37461fa.database.windows.net,EDS_BC_Common_Trans_PUB,CentralRepository_JobFamilyMaster_MIG,dbo,CTSAZMIBCAPPS3.293366D454BB.DATABASE.WINDOWS.NET,CentralRepository,dbo
ctsazsimicrsmas.inso1a101c37461fa.database.windows.net,EDS_BC_Common_Trans_PUB,CentralRepository_PassportDetails_MIG,dbo,CTSAZSIMIPGN.INSO1A101C37461FA.DATABASE.WINDOWS.NET,CentralRepository,dbo
ctsazsimicrsmas.inso1a101c37461fa.database.windows.net,EDS_BC_Common_Trans_PUB,CentralRepository_PassportDetails_MIG,dbo,CTSAZSIMIPST.INSO1A101C37461FA.DATABASE.WINDOWS.NET,CentralRepository,dbo
ctsazsimicrsmas.inso1a101c37461fa.database.windows.net,EDS_BC_Common_Trans_PUB,CentralRepository_PassportDetails_MIG,dbo,CTSAZSIMIPTM.INSO1A101C37461FA.DATABASE.WINDOWS.NET,CentralRepository,dbo
ctsazsimicrsmas.inso1a101c37461fa.database.windows.net,EDS_BC_Common_Trans_PUB,CentralRepository_PassportDetails_MIG,dbo,CTSAZSIMIBCAPPS1.INSO1A101C37461FA.DATABASE.WINDOWS.NET,CentralRepository,dbo
ctsazsimicrsmas.inso1a101c37461fa.database.windows.net,EDS_BC_Common_Trans_PUB,CentralRepository_PassportDetails_MIG,dbo,CTSAZSIMIBCAPPS2.INSO1A101C37461FA.DATABASE.WINDOWS.NET,CentralRepository,dbo
ctsazsimicrsmas.inso1a101c37461fa.database.windows.net,EDS_BC_Common_Trans_PUB,CentralRepository_PassportDetails_MIG,dbo,CTSAZMIBCAPPS3.293366D454BB.DATABASE.WINDOWS.NET,CentralRepository,dbo
ctsazsimicrsmas.inso1a101c37461fa.database.windows.net,EDS_BC_Common_Trans_PUB,CentralRepository_Pool_MIG,dbo,CTSAZSIMIPGN.INSO1A101C37461FA.DATABASE.WINDOWS.NET,CentralRepository,dbo
ctsazsimicrsmas.inso1a101c37461fa.database.windows.net,EDS_BC_Common_Trans_PUB,CentralRepository_Pool_MIG,dbo,CTSAZSIMIPST.INSO1A101C37461FA.DATABASE.WINDOWS.NET,CentralRepository,dbo
ctsazsimicrsmas.inso1a101c37461fa.database.windows.net,EDS_BC_Common_Trans_PUB,CentralRepository_Pool_MIG,dbo,CTSAZSIMIPTM.INSO1A101C37461FA.DATABASE.WINDOWS.NET,CentralRepository,dbo
ctsazsimicrsmas.inso1a101c37461fa.database.windows.net,EDS_BC_Common_Trans_PUB,CentralRepository_Pool_MIG,dbo,CTSAZSIMIBCAPPS1.INSO1A101C37461FA.DATABASE.WINDOWS.NET,CentralRepository,dbo
ctsazsimicrsmas.inso1a101c37461fa.database.windows.net,EDS_BC_Common_Trans_PUB,CentralRepository_Pool_MIG,dbo,CTSAZSIMIBCAPPS2.INSO1A101C37461FA.DATABASE.WINDOWS.NET,CentralRepository,dbo
ctsazsimicrsmas.inso1a101c37461fa.database.windows.net,EDS_BC_Common_Trans_PUB,CentralRepository_Pool_MIG,dbo,CTSAZMIBCAPPS3.293366D454BB.DATABASE.WINDOWS.NET,CentralRepository,dbo
ctsazsimicrsmas.inso1a101c37461fa.database.windows.net,EDS_BC_Common_Trans_PUB,CentralRepository_Project_Location_MIG,dbo,CTSAZSIMIPGN.INSO1A101C37461FA.DATABASE.WINDOWS.NET,CentralRepository,dbo
ctsazsimicrsmas.inso1a101c37461fa.database.windows.net,EDS_BC_Common_Trans_PUB,CentralRepository_Project_Location_MIG,dbo,CTSAZSIMIPST.INSO1A101C37461FA.DATABASE.WINDOWS.NET,CentralRepository,dbo
ctsazsimicrsmas.inso1a101c37461fa.database.windows.net,EDS_BC_Common_Trans_PUB,CentralRepository_Project_Location_MIG,dbo,CTSAZSIMIPTM.INSO1A101C37461FA.DATABASE.WINDOWS.NET,CentralRepository,dbo
ctsazsimicrsmas.inso1a101c37461fa.database.windows.net,EDS_BC_Common_Trans_PUB,CentralRepository_Project_Location_MIG,dbo,CTSAZSIMIBCAPPS1.INSO1A101C37461FA.DATABASE.WINDOWS.NET,CentralRepository,dbo
ctsazsimicrsmas.inso1a101c37461fa.database.windows.net,EDS_BC_Common_Trans_PUB,CentralRepository_Project_Location_MIG,dbo,CTSAZSIMIBCAPPS2.INSO1A101C37461FA.DATABASE.WINDOWS.NET,CentralRepository,dbo
ctsazsimicrsmas.inso1a101c37461fa.database.windows.net,EDS_BC_Common_Trans_PUB,CentralRepository_Project_Location_MIG,dbo,CTSAZMIBCAPPS3.293366D454BB.DATABASE.WINDOWS.NET,CentralRepository,dbo
ctsazsimicrsmas.inso1a101c37461fa.database.windows.net,EDS_BC_Common_Trans_PUB,CentralRepository_Project_MIG,dbo,CTSAZSIMIPGN.INSO1A101C37461FA.DATABASE.WINDOWS.NET,CentralRepository,dbo
ctsazsimicrsmas.inso1a101c37461fa.database.windows.net,EDS_BC_Common_Trans_PUB,CentralRepository_Project_MIG,dbo,CTSAZSIMIPST.INSO1A101C37461FA.DATABASE.WINDOWS.NET,CentralRepository,dbo
ctsazsimicrsmas.inso1a101c37461fa.database.windows.net,EDS_BC_Common_Trans_PUB,CentralRepository_Project_MIG,dbo,CTSAZSIMIPTM.INSO1A101C37461FA.DATABASE.WINDOWS.NET,CentralRepository,dbo
ctsazsimicrsmas.inso1a101c37461fa.database.windows.net,EDS_BC_Common_Trans_PUB,CentralRepository_Project_MIG,dbo,CTSAZSIMIBCAPPS1.INSO1A101C37461FA.DATABASE.WINDOWS.NET,CentralRepository,dbo
ctsazsimicrsmas.inso1a101c37461fa.database.windows.net,EDS_BC_Common_Trans_PUB,CentralRepository_Project_MIG,dbo,CTSAZSIMIBCAPPS2.INSO1A101C37461FA.DATABASE.WINDOWS.NET,CentralRepository,dbo
ctsazsimicrsmas.inso1a101c37461fa.database.windows.net,EDS_BC_Common_Trans_PUB,CentralRepository_Project_MIG,dbo,CTSAZMIBCAPPS3.293366D454BB.DATABASE.WINDOWS.NET,CentralRepository,dbo
ctsazsimicrsmas.inso1a101c37461fa.database.windows.net,EDS_BC_Common_Trans_PUB,CentralRepository_RHMS_RoleDetails_MIG,dbo,CTSAZSIMIPGN.INSO1A101C37461FA.DATABASE.WINDOWS.NET,CentralRepository,dbo
ctsazsimicrsmas.inso1a101c37461fa.database.windows.net,EDS_BC_Common_Trans_PUB,CentralRepository_RHMS_RoleDetails_MIG,dbo,CTSAZSIMIPST.INSO1A101C37461FA.DATABASE.WINDOWS.NET,CentralRepository,dbo
ctsazsimicrsmas.inso1a101c37461fa.database.windows.net,EDS_BC_Common_Trans_PUB,CentralRepository_RHMS_RoleDetails_MIG,dbo,CTSAZSIMIPTM.INSO1A101C37461FA.DATABASE.WINDOWS.NET,CentralRepository,dbo
ctsazsimicrsmas.inso1a101c37461fa.database.windows.net,EDS_BC_Common_Trans_PUB,CentralRepository_RHMS_RoleDetails_MIG,dbo,CTSAZSIMIBCAPPS1.INSO1A101C37461FA.DATABASE.WINDOWS.NET,CentralRepository,dbo
ctsazsimicrsmas.inso1a101c37461fa.database.windows.net,EDS_BC_Common_Trans_PUB,CentralRepository_RHMS_RoleDetails_MIG,dbo,CTSAZSIMIBCAPPS2.INSO1A101C37461FA.DATABASE.WINDOWS.NET,CentralRepository,dbo
ctsazsimicrsmas.inso1a101c37461fa.database.windows.net,EDS_BC_Common_Trans_PUB,CentralRepository_RHMS_RoleDetails_MIG,dbo,CTSAZMIBCAPPS3.293366D454BB.DATABASE.WINDOWS.NET,CentralRepository,dbo
ctsazsimicrsmas.inso1a101c37461fa.database.windows.net,EDS_BC_Common_Trans_PUB,CentralRepository_SelfUpdateContacts_MIG,dbo,CTSAZSIMIPGN.INSO1A101C37461FA.DATABASE.WINDOWS.NET,CentralRepository,dbo
ctsazsimicrsmas.inso1a101c37461fa.database.windows.net,EDS_BC_Common_Trans_PUB,CentralRepository_SelfUpdateContacts_MIG,dbo,CTSAZSIMIPST.INSO1A101C37461FA.DATABASE.WINDOWS.NET,CentralRepository,dbo
ctsazsimicrsmas.inso1a101c37461fa.database.windows.net,EDS_BC_Common_Trans_PUB,CentralRepository_SelfUpdateContacts_MIG,dbo,CTSAZSIMIPTM.INSO1A101C37461FA.DATABASE.WINDOWS.NET,CentralRepository,dbo
ctsazsimicrsmas.inso1a101c37461fa.database.windows.net,EDS_BC_Common_Trans_PUB,CentralRepository_SelfUpdateContacts_MIG,dbo,CTSAZSIMIBCAPPS1.INSO1A101C37461FA.DATABASE.WINDOWS.NET,CentralRepository,dbo
ctsazsimicrsmas.inso1a101c37461fa.database.windows.net,EDS_BC_Common_Trans_PUB,CentralRepository_SelfUpdateContacts_MIG,dbo,CTSAZSIMIBCAPPS2.INSO1A101C37461FA.DATABASE.WINDOWS.NET,CentralRepository,dbo
ctsazsimicrsmas.inso1a101c37461fa.database.windows.net,EDS_BC_Common_Trans_PUB,CentralRepository_SelfUpdateContacts_MIG,dbo,CTSAZMIBCAPPS3.293366D454BB.DATABASE.WINDOWS.NET,CentralRepository,dbo
ctsazsimicrsmas.inso1a101c37461fa.database.windows.net,EDS_BC_Common_Trans_PUB,CentralRepository_Set_ProjectStatus_MIG,dbo,CTSAZSIMIPGN.INSO1A101C37461FA.DATABASE.WINDOWS.NET,CentralRepository,dbo
ctsazsimicrsmas.inso1a101c37461fa.database.windows.net,EDS_BC_Common_Trans_PUB,CentralRepository_Set_ProjectStatus_MIG,dbo,CTSAZSIMIPST.INSO1A101C37461FA.DATABASE.WINDOWS.NET,CentralRepository,dbo
ctsazsimicrsmas.inso1a101c37461fa.database.windows.net,EDS_BC_Common_Trans_PUB,CentralRepository_Set_ProjectStatus_MIG,dbo,CTSAZSIMIPTM.INSO1A101C37461FA.DATABASE.WINDOWS.NET,CentralRepository,dbo
ctsazsimicrsmas.inso1a101c37461fa.database.windows.net,EDS_BC_Common_Trans_PUB,CentralRepository_Set_ProjectStatus_MIG,dbo,CTSAZSIMIBCAPPS1.INSO1A101C37461FA.DATABASE.WINDOWS.NET,CentralRepository,dbo
ctsazsimicrsmas.inso1a101c37461fa.database.windows.net,EDS_BC_Common_Trans_PUB,CentralRepository_Set_ProjectStatus_MIG,dbo,CTSAZSIMIBCAPPS2.INSO1A101C37461FA.DATABASE.WINDOWS.NET,CentralRepository,dbo
ctsazsimicrsmas.inso1a101c37461fa.database.windows.net,EDS_BC_Common_Trans_PUB,CentralRepository_Set_ProjectStatus_MIG,dbo,CTSAZMIBCAPPS3.293366D454BB.DATABASE.WINDOWS.NET,CentralRepository,dbo
ctsazsimicrsmas.inso1a101c37461fa.database.windows.net,EDS_BC_Common_Trans_PUB,DataRetention_RegionDataRetentionRule_STG_CURR,dbo,CTSAZSIMIPGN.INSO1A101C37461FA.DATABASE.WINDOWS.NET,CentralRepository,dbo
ctsazsimicrsmas.inso1a101c37461fa.database.windows.net,EDS_BC_Common_Trans_PUB,DataRetention_RegionDataRetentionRule_STG_CURR,dbo,CTSAZSIMIPST.INSO1A101C37461FA.DATABASE.WINDOWS.NET,CentralRepository,dbo
ctsazsimicrsmas.inso1a101c37461fa.database.windows.net,EDS_BC_Common_Trans_PUB,DataRetention_RegionDataRetentionRule_STG_CURR,dbo,CTSAZSIMIPTM.INSO1A101C37461FA.DATABASE.WINDOWS.NET,CentralRepository,dbo
ctsazsimicrsmas.inso1a101c37461fa.database.windows.net,EDS_BC_Common_Trans_PUB,DataRetention_RegionDataRetentionRule_STG_CURR,dbo,CTSAZSIMIBCAPPS1.INSO1A101C37461FA.DATABASE.WINDOWS.NET,CentralRepository,dbo
ctsazsimicrsmas.inso1a101c37461fa.database.windows.net,EDS_BC_Common_Trans_PUB,DataRetention_RegionDataRetentionRule_STG_CURR,dbo,CTSAZSIMIBCAPPS2.INSO1A101C37461FA.DATABASE.WINDOWS.NET,CentralRepository,dbo
ctsazsimicrsmas.inso1a101c37461fa.database.windows.net,EDS_BC_Common_Trans_PUB,DataRetention_RegionDataRetentionRule_STG_CURR,dbo,CTSAZMIBCAPPS3.293366D454BB.DATABASE.WINDOWS.NET,CentralRepository,dbo
ctsazsimicrsmas.inso1a101c37461fa.database.windows.net,EDS_BC_Common_Trans_PUB,ESA_PS_CTS_PC_DEPT_VW_STG_CURR,dbo,CTSAZSIMIPGN.INSO1A101C37461FA.DATABASE.WINDOWS.NET,CentralRepository,dbo
ctsazsimicrsmas.inso1a101c37461fa.database.windows.net,EDS_BC_Common_Trans_PUB,ESA_PS_CTS_PC_DEPT_VW_STG_CURR,dbo,CTSAZSIMIPST.INSO1A101C37461FA.DATABASE.WINDOWS.NET,CentralRepository,dbo
ctsazsimicrsmas.inso1a101c37461fa.database.windows.net,EDS_BC_Common_Trans_PUB,ESA_PS_CTS_PC_DEPT_VW_STG_CURR,dbo,CTSAZSIMIPTM.INSO1A101C37461FA.DATABASE.WINDOWS.NET,CentralRepository,dbo
ctsazsimicrsmas.inso1a101c37461fa.database.windows.net,EDS_BC_Common_Trans_PUB,ESA_PS_CTS_PC_DEPT_VW_STG_CURR,dbo,CTSAZSIMIBCAPPS1.INSO1A101C37461FA.DATABASE.WINDOWS.NET,CentralRepository,dbo
ctsazsimicrsmas.inso1a101c37461fa.database.windows.net,EDS_BC_Common_Trans_PUB,ESA_PS_CTS_PC_DEPT_VW_STG_CURR,dbo,CTSAZSIMIBCAPPS2.INSO1A101C37461FA.DATABASE.WINDOWS.NET,CentralRepository,dbo
ctsazsimicrsmas.inso1a101c37461fa.database.windows.net,EDS_BC_Common_Trans_PUB,ESA_PS_CTS_PC_DEPT_VW_STG_CURR,dbo,CTSAZMIBCAPPS3.293366D454BB.DATABASE.WINDOWS.NET,CentralRepository,dbo
ctsazsimicrsmas.inso1a101c37461fa.database.windows.net,EDS_BC_Common_Trans_PUB,ESA_PS_CTS_PC_SS_DELG_STG_CURR,dbo,CTSAZSIMIPGN.INSO1A101C37461FA.DATABASE.WINDOWS.NET,CentralRepository,dbo
ctsazsimicrsmas.inso1a101c37461fa.database.windows.net,EDS_BC_Common_Trans_PUB,ESA_PS_CTS_PC_SS_DELG_STG_CURR,dbo,CTSAZSIMIPST.INSO1A101C37461FA.DATABASE.WINDOWS.NET,CentralRepository,dbo
ctsazsimicrsmas.inso1a101c37461fa.database.windows.net,EDS_BC_Common_Trans_PUB,ESA_PS_CTS_PC_SS_DELG_STG_CURR,dbo,CTSAZSIMIPTM.INSO1A101C37461FA.DATABASE.WINDOWS.NET,CentralRepository,dbo
ctsazsimicrsmas.inso1a101c37461fa.database.windows.net,EDS_BC_Common_Trans_PUB,ESA_PS_CTS_PC_SS_DELG_STG_CURR,dbo,CTSAZSIMIBCAPPS1.INSO1A101C37461FA.DATABASE.WINDOWS.NET,CentralRepository,dbo
ctsazsimicrsmas.inso1a101c37461fa.database.windows.net,EDS_BC_Common_Trans_PUB,ESA_PS_CTS_PC_SS_DELG_STG_CURR,dbo,CTSAZSIMIBCAPPS2.INSO1A101C37461FA.DATABASE.WINDOWS.NET,CentralRepository,dbo
ctsazsimicrsmas.inso1a101c37461fa.database.windows.net,EDS_BC_Common_Trans_PUB,ESA_PS_CTS_PC_SS_DELG_STG_CURR,dbo,CTSAZMIBCAPPS3.293366D454BB.DATABASE.WINDOWS.NET,CentralRepository,dbo
ctsazsimicrsmas.inso1a101c37461fa.database.windows.net,EDS_BC_Common_Trans_PUB,ESA_PS_CTS_PRACTIC_TBL_STG_CURR,dbo,CTSAZSIMIPGN.INSO1A101C37461FA.DATABASE.WINDOWS.NET,CentralRepository,dbo
ctsazsimicrsmas.inso1a101c37461fa.database.windows.net,EDS_BC_Common_Trans_PUB,ESA_PS_CTS_PRACTIC_TBL_STG_CURR,dbo,CTSAZSIMIPST.INSO1A101C37461FA.DATABASE.WINDOWS.NET,CentralRepository,dbo
ctsazsimicrsmas.inso1a101c37461fa.database.windows.net,EDS_BC_Common_Trans_PUB,ESA_PS_CTS_PRACTIC_TBL_STG_CURR,dbo,CTSAZSIMIPTM.INSO1A101C37461FA.DATABASE.WINDOWS.NET,CentralRepository,dbo
ctsazsimicrsmas.inso1a101c37461fa.database.windows.net,EDS_BC_Common_Trans_PUB,ESA_PS_CTS_PRACTIC_TBL_STG_CURR,dbo,CTSAZSIMIBCAPPS1.INSO1A101C37461FA.DATABASE.WINDOWS.NET,CentralRepository,dbo
ctsazsimicrsmas.inso1a101c37461fa.database.windows.net,EDS_BC_Common_Trans_PUB,ESA_PS_CTS_PRACTIC_TBL_STG_CURR,dbo,CTSAZSIMIBCAPPS2.INSO1A101C37461FA.DATABASE.WINDOWS.NET,CentralRepository,dbo
ctsazsimicrsmas.inso1a101c37461fa.database.windows.net,EDS_BC_Common_Trans_PUB,ESA_PS_CTS_PRACTIC_TBL_STG_CURR,dbo,CTSAZMIBCAPPS3.293366D454BB.DATABASE.WINDOWS.NET,CentralRepository,dbo
ctsazsimicrsmas.inso1a101c37461fa.database.windows.net,EDS_BC_Common_Trans_PUB,ESA_PS_PROJECT_MGR_STG_CURR,dbo,CTSAZSIMIPGN.INSO1A101C37461FA.DATABASE.WINDOWS.NET,CentralRepository,dbo
ctsazsimicrsmas.inso1a101c37461fa.database.windows.net,EDS_BC_Common_Trans_PUB,ESA_PS_PROJECT_MGR_STG_CURR,dbo,CTSAZSIMIPST.INSO1A101C37461FA.DATABASE.WINDOWS.NET,CentralRepository,dbo
ctsazsimicrsmas.inso1a101c37461fa.database.windows.net,EDS_BC_Common_Trans_PUB,ESA_PS_PROJECT_MGR_STG_CURR,dbo,CTSAZSIMIPTM.INSO1A101C37461FA.DATABASE.WINDOWS.NET,CentralRepository,dbo
ctsazsimicrsmas.inso1a101c37461fa.database.windows.net,EDS_BC_Common_Trans_PUB,ESA_PS_PROJECT_MGR_STG_CURR,dbo,CTSAZSIMIBCAPPS1.INSO1A101C37461FA.DATABASE.WINDOWS.NET,CentralRepository,dbo
ctsazsimicrsmas.inso1a101c37461fa.database.windows.net,EDS_BC_Common_Trans_PUB,ESA_PS_PROJECT_MGR_STG_CURR,dbo,CTSAZSIMIBCAPPS2.INSO1A101C37461FA.DATABASE.WINDOWS.NET,CentralRepository,dbo
ctsazsimicrsmas.inso1a101c37461fa.database.windows.net,EDS_BC_Common_Trans_PUB,ESA_PS_PROJECT_MGR_STG_CURR,dbo,CTSAZMIBCAPPS3.293366D454BB.DATABASE.WINDOWS.NET,CentralRepository,dbo
ctsazsimicrsmas.inso1a101c37461fa.database.windows.net,EDS_BC_Common_Trans_PUB,HCM_PF_ParentChildMapping_STG_CURR_MIG,dbo,CTSAZSIMIPGN.INSO1A101C37461FA.DATABASE.WINDOWS.NET,CentralRepository,dbo
ctsazsimicrsmas.inso1a101c37461fa.database.windows.net,EDS_BC_Common_Trans_PUB,HCM_PF_ParentChildMapping_STG_CURR_MIG,dbo,CTSAZSIMIPST.INSO1A101C37461FA.DATABASE.WINDOWS.NET,CentralRepository,dbo
ctsazsimicrsmas.inso1a101c37461fa.database.windows.net,EDS_BC_Common_Trans_PUB,HCM_PF_ParentChildMapping_STG_CURR_MIG,dbo,CTSAZSIMIPTM.INSO1A101C37461FA.DATABASE.WINDOWS.NET,CentralRepository,dbo
ctsazsimicrsmas.inso1a101c37461fa.database.windows.net,EDS_BC_Common_Trans_PUB,HCM_PF_ParentChildMapping_STG_CURR_MIG,dbo,CTSAZSIMIBCAPPS1.INSO1A101C37461FA.DATABASE.WINDOWS.NET,CentralRepository,dbo
ctsazsimicrsmas.inso1a101c37461fa.database.windows.net,EDS_BC_Common_Trans_PUB,HCM_PF_ParentChildMapping_STG_CURR_MIG,dbo,CTSAZSIMIBCAPPS2.INSO1A101C37461FA.DATABASE.WINDOWS.NET,CentralRepository,dbo
ctsazsimicrsmas.inso1a101c37461fa.database.windows.net,EDS_BC_Common_Trans_PUB,HCM_PF_ParentChildMapping_STG_CURR_MIG,dbo,CTSAZMIBCAPPS3.293366D454BB.DATABASE.WINDOWS.NET,CentralRepository,dbo
ctsazsimicrsmas.inso1a101c37461fa.database.windows.net,EDS_BC_Common_Trans_PUB,HCM_PF_SKILL_CAT_ITEMS_STG_CURR_MIG,dbo,CTSAZSIMIPGN.INSO1A101C37461FA.DATABASE.WINDOWS.NET,CentralRepository,dbo
ctsazsimicrsmas.inso1a101c37461fa.database.windows.net,EDS_BC_Common_Trans_PUB,HCM_PF_SKILL_CAT_ITEMS_STG_CURR_MIG,dbo,CTSAZSIMIPST.INSO1A101C37461FA.DATABASE.WINDOWS.NET,CentralRepository,dbo
ctsazsimicrsmas.inso1a101c37461fa.database.windows.net,EDS_BC_Common_Trans_PUB,HCM_PF_SKILL_CAT_ITEMS_STG_CURR_MIG,dbo,CTSAZSIMIPTM.INSO1A101C37461FA.DATABASE.WINDOWS.NET,CentralRepository,dbo
ctsazsimicrsmas.inso1a101c37461fa.database.windows.net,EDS_BC_Common_Trans_PUB,HCM_PF_SKILL_CAT_ITEMS_STG_CURR_MIG,dbo,CTSAZSIMIBCAPPS1.INSO1A101C37461FA.DATABASE.WINDOWS.NET,CentralRepository,dbo
ctsazsimicrsmas.inso1a101c37461fa.database.windows.net,EDS_BC_Common_Trans_PUB,HCM_PF_SKILL_CAT_ITEMS_STG_CURR_MIG,dbo,CTSAZSIMIBCAPPS2.INSO1A101C37461FA.DATABASE.WINDOWS.NET,CentralRepository,dbo
ctsazsimicrsmas.inso1a101c37461fa.database.windows.net,EDS_BC_Common_Trans_PUB,HCM_PF_SKILL_CAT_ITEMS_STG_CURR_MIG,dbo,CTSAZMIBCAPPS3.293366D454BB.DATABASE.WINDOWS.NET,CentralRepository,dbo
ctsazsimicrsmas.inso1a101c37461fa.database.windows.net,EDS_BC_Common_Trans_PUB,HCM_PS_BUS_UNIT_TBL_HR_STG_CURR,dbo,CTSAZSIMIPGN.INSO1A101C37461FA.DATABASE.WINDOWS.NET,CentralRepository,dbo
ctsazsimicrsmas.inso1a101c37461fa.database.windows.net,EDS_BC_Common_Trans_PUB,HCM_PS_BUS_UNIT_TBL_HR_STG_CURR,dbo,CTSAZSIMIPST.INSO1A101C37461FA.DATABASE.WINDOWS.NET,CentralRepository,dbo
ctsazsimicrsmas.inso1a101c37461fa.database.windows.net,EDS_BC_Common_Trans_PUB,HCM_PS_BUS_UNIT_TBL_HR_STG_CURR,dbo,CTSAZSIMIPTM.INSO1A101C37461FA.DATABASE.WINDOWS.NET,CentralRepository,dbo
ctsazsimicrsmas.inso1a101c37461fa.database.windows.net,EDS_BC_Common_Trans_PUB,HCM_PS_BUS_UNIT_TBL_HR_STG_CURR,dbo,CTSAZSIMIBCAPPS1.INSO1A101C37461FA.DATABASE.WINDOWS.NET,CentralRepository,dbo
ctsazsimicrsmas.inso1a101c37461fa.database.windows.net,EDS_BC_Common_Trans_PUB,HCM_PS_BUS_UNIT_TBL_HR_STG_CURR,dbo,CTSAZSIMIBCAPPS2.INSO1A101C37461FA.DATABASE.WINDOWS.NET,CentralRepository,dbo
ctsazsimicrsmas.inso1a101c37461fa.database.windows.net,EDS_BC_Common_Trans_PUB,HCM_PS_BUS_UNIT_TBL_HR_STG_CURR,dbo,CTSAZMIBCAPPS3.293366D454BB.DATABASE.WINDOWS.NET,CentralRepository,dbo
ctsazsimicrsmas.inso1a101c37461fa.database.windows.net,EDS_BC_Common_Trans_PUB,HCM_PS_COUNTRY_TBL_STG_CURR,dbo,CTSAZSIMIPGN.INSO1A101C37461FA.DATABASE.WINDOWS.NET,CentralRepository,dbo
ctsazsimicrsmas.inso1a101c37461fa.database.windows.net,EDS_BC_Common_Trans_PUB,HCM_PS_COUNTRY_TBL_STG_CURR,dbo,CTSAZSIMIPST.INSO1A101C37461FA.DATABASE.WINDOWS.NET,CentralRepository,dbo
ctsazsimicrsmas.inso1a101c37461fa.database.windows.net,EDS_BC_Common_Trans_PUB,HCM_PS_COUNTRY_TBL_STG_CURR,dbo,CTSAZSIMIPTM.INSO1A101C37461FA.DATABASE.WINDOWS.NET,CentralRepository,dbo
ctsazsimicrsmas.inso1a101c37461fa.database.windows.net,EDS_BC_Common_Trans_PUB,HCM_PS_COUNTRY_TBL_STG_CURR,dbo,CTSAZSIMIBCAPPS1.INSO1A101C37461FA.DATABASE.WINDOWS.NET,CentralRepository,dbo
ctsazsimicrsmas.inso1a101c37461fa.database.windows.net,EDS_BC_Common_Trans_PUB,HCM_PS_COUNTRY_TBL_STG_CURR,dbo,CTSAZSIMIBCAPPS2.INSO1A101C37461FA.DATABASE.WINDOWS.NET,CentralRepository,dbo
ctsazsimicrsmas.inso1a101c37461fa.database.windows.net,EDS_BC_Common_Trans_PUB,HCM_PS_COUNTRY_TBL_STG_CURR,dbo,CTSAZMIBCAPPS3.293366D454BB.DATABASE.WINDOWS.NET,CentralRepository,dbo
ctsazsimicrsmas.inso1a101c37461fa.database.windows.net,EDS_BC_Common_Trans_PUB,HCM_PS_CT_TM_TBL_GBL_STG_CURR,dbo,CTSAZSIMIPGN.INSO1A101C37461FA.DATABASE.WINDOWS.NET,CentralRepository,dbo
ctsazsimicrsmas.inso1a101c37461fa.database.windows.net,EDS_BC_Common_Trans_PUB,HCM_PS_CT_TM_TBL_GBL_STG_CURR,dbo,CTSAZSIMIPST.INSO1A101C37461FA.DATABASE.WINDOWS.NET,CentralRepository,dbo
ctsazsimicrsmas.inso1a101c37461fa.database.windows.net,EDS_BC_Common_Trans_PUB,HCM_PS_CT_TM_TBL_GBL_STG_CURR,dbo,CTSAZSIMIPTM.INSO1A101C37461FA.DATABASE.WINDOWS.NET,CentralRepository,dbo
ctsazsimicrsmas.inso1a101c37461fa.database.windows.net,EDS_BC_Common_Trans_PUB,HCM_PS_CT_TM_TBL_GBL_STG_CURR,dbo,CTSAZSIMIBCAPPS1.INSO1A101C37461FA.DATABASE.WINDOWS.NET,CentralRepository,dbo
ctsazsimicrsmas.inso1a101c37461fa.database.windows.net,EDS_BC_Common_Trans_PUB,HCM_PS_CT_TM_TBL_GBL_STG_CURR,dbo,CTSAZSIMIBCAPPS2.INSO1A101C37461FA.DATABASE.WINDOWS.NET,CentralRepository,dbo
ctsazsimicrsmas.inso1a101c37461fa.database.windows.net,EDS_BC_Common_Trans_PUB,HCM_PS_CT_TM_TBL_GBL_STG_CURR,dbo,CTSAZMIBCAPPS3.293366D454BB.DATABASE.WINDOWS.NET,CentralRepository,dbo
ctsazsimicrsmas.inso1a101c37461fa.database.windows.net,EDS_BC_Common_Trans_PUB,HCM_PS_DEPT_TBL_STG_CURR,dbo,CTSAZSIMIPGN.INSO1A101C37461FA.DATABASE.WINDOWS.NET,CentralRepository,dbo
ctsazsimicrsmas.inso1a101c37461fa.database.windows.net,EDS_BC_Common_Trans_PUB,HCM_PS_DEPT_TBL_STG_CURR,dbo,CTSAZSIMIPST.INSO1A101C37461FA.DATABASE.WINDOWS.NET,CentralRepository,dbo
ctsazsimicrsmas.inso1a101c37461fa.database.windows.net,EDS_BC_Common_Trans_PUB,HCM_PS_DEPT_TBL_STG_CURR,dbo,CTSAZSIMIPTM.INSO1A101C37461FA.DATABASE.WINDOWS.NET,CentralRepository,dbo
ctsazsimicrsmas.inso1a101c37461fa.database.windows.net,EDS_BC_Common_Trans_PUB,HCM_PS_DEPT_TBL_STG_CURR,dbo,CTSAZSIMIBCAPPS1.INSO1A101C37461FA.DATABASE.WINDOWS.NET,CentralRepository,dbo
ctsazsimicrsmas.inso1a101c37461fa.database.windows.net,EDS_BC_Common_Trans_PUB,HCM_PS_DEPT_TBL_STG_CURR,dbo,CTSAZSIMIBCAPPS2.INSO1A101C37461FA.DATABASE.WINDOWS.NET,CentralRepository,dbo
ctsazsimicrsmas.inso1a101c37461fa.database.windows.net,EDS_BC_Common_Trans_PUB,HCM_PS_DEPT_TBL_STG_CURR,dbo,CTSAZMIBCAPPS3.293366D454BB.DATABASE.WINDOWS.NET,CentralRepository,dbo
ctsazsimicrsmas.inso1a101c37461fa.database.windows.net,EDS_BC_Common_Trans_PUB,HCM_PS_JOBCODE_TBL_STG_CURR,dbo,CTSAZSIMIPGN.INSO1A101C37461FA.DATABASE.WINDOWS.NET,CentralRepository,dbo
ctsazsimicrsmas.inso1a101c37461fa.database.windows.net,EDS_BC_Common_Trans_PUB,HCM_PS_JOBCODE_TBL_STG_CURR,dbo,CTSAZSIMIPST.INSO1A101C37461FA.DATABASE.WINDOWS.NET,CentralRepository,dbo
ctsazsimicrsmas.inso1a101c37461fa.database.windows.net,EDS_BC_Common_Trans_PUB,HCM_PS_JOBCODE_TBL_STG_CURR,dbo,CTSAZSIMIPTM.INSO1A101C37461FA.DATABASE.WINDOWS.NET,CentralRepository,dbo
ctsazsimicrsmas.inso1a101c37461fa.database.windows.net,EDS_BC_Common_Trans_PUB,HCM_PS_JOBCODE_TBL_STG_CURR,dbo,CTSAZSIMIBCAPPS1.INSO1A101C37461FA.DATABASE.WINDOWS.NET,CentralRepository,dbo
ctsazsimicrsmas.inso1a101c37461fa.database.windows.net,EDS_BC_Common_Trans_PUB,HCM_PS_JOBCODE_TBL_STG_CURR,dbo,CTSAZSIMIBCAPPS2.INSO1A101C37461FA.DATABASE.WINDOWS.NET,CentralRepository,dbo
ctsazsimicrsmas.inso1a101c37461fa.database.windows.net,EDS_BC_Common_Trans_PUB,HCM_PS_JOBCODE_TBL_STG_CURR,dbo,CTSAZMIBCAPPS3.293366D454BB.DATABASE.WINDOWS.NET,CentralRepository,dbo
ctsazsimicrsmas.inso1a101c37461fa.database.windows.net,EDS_BC_Common_Trans_PUB,LM_vw_LocationMaster_STG_CURR,dbo,CTSAZSIMIPGN.INSO1A101C37461FA.DATABASE.WINDOWS.NET,CentralRepository,dbo
ctsazsimicrsmas.inso1a101c37461fa.database.windows.net,EDS_BC_Common_Trans_PUB,LM_vw_LocationMaster_STG_CURR,dbo,CTSAZSIMIPST.INSO1A101C37461FA.DATABASE.WINDOWS.NET,CentralRepository,dbo
ctsazsimicrsmas.inso1a101c37461fa.database.windows.net,EDS_BC_Common_Trans_PUB,LM_vw_LocationMaster_STG_CURR,dbo,CTSAZSIMIPTM.INSO1A101C37461FA.DATABASE.WINDOWS.NET,CentralRepository,dbo
ctsazsimicrsmas.inso1a101c37461fa.database.windows.net,EDS_BC_Common_Trans_PUB,LM_vw_LocationMaster_STG_CURR,dbo,CTSAZSIMIBCAPPS1.INSO1A101C37461FA.DATABASE.WINDOWS.NET,CentralRepository,dbo
ctsazsimicrsmas.inso1a101c37461fa.database.windows.net,EDS_BC_Common_Trans_PUB,LM_vw_LocationMaster_STG_CURR,dbo,CTSAZSIMIBCAPPS2.INSO1A101C37461FA.DATABASE.WINDOWS.NET,CentralRepository,dbo
ctsazsimicrsmas.inso1a101c37461fa.database.windows.net,EDS_BC_Common_Trans_PUB,LM_vw_LocationMaster_STG_CURR,dbo,CTSAZMIBCAPPS3.293366D454BB.DATABASE.WINDOWS.NET,CentralRepository,dbo
ctsazsimicrsmas.inso1a101c37461fa.database.windows.net,EDS_BC_Common_Trans_PUB,RHMS_tbl_EDS_RoleMaster_STG_CURR,dbo,CTSAZSIMIPGN.INSO1A101C37461FA.DATABASE.WINDOWS.NET,CentralRepository,dbo
ctsazsimicrsmas.inso1a101c37461fa.database.windows.net,EDS_BC_Common_Trans_PUB,RHMS_tbl_EDS_RoleMaster_STG_CURR,dbo,CTSAZSIMIPST.INSO1A101C37461FA.DATABASE.WINDOWS.NET,CentralRepository,dbo
ctsazsimicrsmas.inso1a101c37461fa.database.windows.net,EDS_BC_Common_Trans_PUB,RHMS_tbl_EDS_RoleMaster_STG_CURR,dbo,CTSAZSIMIPTM.INSO1A101C37461FA.DATABASE.WINDOWS.NET,CentralRepository,dbo
ctsazsimicrsmas.inso1a101c37461fa.database.windows.net,EDS_BC_Common_Trans_PUB,RHMS_tbl_EDS_RoleMaster_STG_CURR,dbo,CTSAZSIMIBCAPPS1.INSO1A101C37461FA.DATABASE.WINDOWS.NET,CentralRepository,dbo
ctsazsimicrsmas.inso1a101c37461fa.database.windows.net,EDS_BC_Common_Trans_PUB,RHMS_tbl_EDS_RoleMaster_STG_CURR,dbo,CTSAZSIMIBCAPPS2.INSO1A101C37461FA.DATABASE.WINDOWS.NET,CentralRepository,dbo
ctsazsimicrsmas.inso1a101c37461fa.database.windows.net,EDS_BC_Common_Trans_PUB,RHMS_tbl_EDS_RoleMaster_STG_CURR,dbo,CTSAZMIBCAPPS3.293366D454BB.DATABASE.WINDOWS.NET,CentralRepository,dbo
ctsazsimicrsmas.inso1a101c37461fa.database.windows.net,EDS_BC_Common_Trans_PUB,SFDC_Financial_Ultimate_Parent_Account_STG_CURR,dbo,CTSAZSIMIPGN.INSO1A101C37461FA.DATABASE.WINDOWS.NET,CentralRepository,dbo
ctsazsimicrsmas.inso1a101c37461fa.database.windows.net,EDS_BC_Common_Trans_PUB,SFDC_Financial_Ultimate_Parent_Account_STG_CURR,dbo,CTSAZSIMIPST.INSO1A101C37461FA.DATABASE.WINDOWS.NET,CentralRepository,dbo
ctsazsimicrsmas.inso1a101c37461fa.database.windows.net,EDS_BC_Common_Trans_PUB,SFDC_Financial_Ultimate_Parent_Account_STG_CURR,dbo,CTSAZSIMIPTM.INSO1A101C37461FA.DATABASE.WINDOWS.NET,CentralRepository,dbo
ctsazsimicrsmas.inso1a101c37461fa.database.windows.net,EDS_BC_Common_Trans_PUB,SFDC_Financial_Ultimate_Parent_Account_STG_CURR,dbo,CTSAZSIMIBCAPPS1.INSO1A101C37461FA.DATABASE.WINDOWS.NET,CentralRepository,dbo
ctsazsimicrsmas.inso1a101c37461fa.database.windows.net,EDS_BC_Common_Trans_PUB,SFDC_Financial_Ultimate_Parent_Account_STG_CURR,dbo,CTSAZSIMIBCAPPS2.INSO1A101C37461FA.DATABASE.WINDOWS.NET,CentralRepository,dbo
ctsazsimicrsmas.inso1a101c37461fa.database.windows.net,EDS_BC_Common_Trans_PUB,SFDC_Financial_Ultimate_Parent_Account_STG_CURR,dbo,CTSAZMIBCAPPS3.293366D454BB.DATABASE.WINDOWS.NET,CentralRepository,dbo
ctsazsimicrsmas.inso1a101c37461fa.database.windows.net,EDS_BC_Common_Trans_PUB,CentralRepository_Contracts_EDS,dbo,CTSAZSIMIPGN.INSO1A101C37461FA.DATABASE.WINDOWS.NET,CentralRepository,dbo
ctsazsimicrsmas.inso1a101c37461fa.database.windows.net,EDS_BC_Common_Trans_PUB,CentralRepository_Contracts_EDS,dbo,CTSAZSIMIPST.INSO1A101C37461FA.DATABASE.WINDOWS.NET,CentralRepository,dbo
ctsazsimicrsmas.inso1a101c37461fa.database.windows.net,EDS_BC_Common_Trans_PUB,CentralRepository_Contracts_EDS,dbo,CTSAZSIMIPTM.INSO1A101C37461FA.DATABASE.WINDOWS.NET,CentralRepository,dbo
ctsazsimicrsmas.inso1a101c37461fa.database.windows.net,EDS_BC_Common_Trans_PUB,CentralRepository_Contracts_EDS,dbo,CTSAZSIMIBCAPPS1.INSO1A101C37461FA.DATABASE.WINDOWS.NET,CentralRepository,dbo
ctsazsimicrsmas.inso1a101c37461fa.database.windows.net,EDS_BC_Common_Trans_PUB,CentralRepository_Contracts_EDS,dbo,CTSAZSIMIBCAPPS2.INSO1A101C37461FA.DATABASE.WINDOWS.NET,CentralRepository,dbo
ctsazsimicrsmas.inso1a101c37461fa.database.windows.net,EDS_BC_Common_Trans_PUB,CentralRepository_Contracts_EDS,dbo,CTSAZMIBCAPPS3.293366D454BB.DATABASE.WINDOWS.NET,CentralRepository,dbo
ctsazsimicrsmas.inso1a101c37461fa.database.windows.net,EDS_BC_Common_Trans_PUB,CentralRepository_ESA_ProjectSupervisor_MIG,dbo,CTSAZSIMIPGN.INSO1A101C37461FA.DATABASE.WINDOWS.NET,CentralRepository,dbo
ctsazsimicrsmas.inso1a101c37461fa.database.windows.net,EDS_BC_Common_Trans_PUB,CentralRepository_ESA_ProjectSupervisor_MIG,dbo,CTSAZSIMIPST.INSO1A101C37461FA.DATABASE.WINDOWS.NET,CentralRepository,dbo
ctsazsimicrsmas.inso1a101c37461fa.database.windows.net,EDS_BC_Common_Trans_PUB,CentralRepository_ESA_ProjectSupervisor_MIG,dbo,CTSAZSIMIPTM.INSO1A101C37461FA.DATABASE.WINDOWS.NET,CentralRepository,dbo
ctsazsimicrsmas.inso1a101c37461fa.database.windows.net,EDS_BC_Common_Trans_PUB,CentralRepository_ESA_ProjectSupervisor_MIG,dbo,CTSAZSIMIBCAPPS1.INSO1A101C37461FA.DATABASE.WINDOWS.NET,CentralRepository,dbo
ctsazsimicrsmas.inso1a101c37461fa.database.windows.net,EDS_BC_Common_Trans_PUB,CentralRepository_ESA_ProjectSupervisor_MIG,dbo,CTSAZSIMIBCAPPS2.INSO1A101C37461FA.DATABASE.WINDOWS.NET,CentralRepository,dbo
ctsazsimicrsmas.inso1a101c37461fa.database.windows.net,EDS_BC_Common_Trans_PUB,CentralRepository_ESA_ProjectSupervisor_MIG,dbo,CTSAZMIBCAPPS3.293366D454BB.DATABASE.WINDOWS.NET,CentralRepository,dbo
ctsazsimicrsmas.inso1a101c37461fa.database.windows.net,EDS_BC_Common_Trans_PUB,CentralRepository_GSMS_SeatMaster_MIG,dbo,CTSAZSIMIPGN.INSO1A101C37461FA.DATABASE.WINDOWS.NET,CentralRepository,dbo
ctsazsimicrsmas.inso1a101c37461fa.database.windows.net,EDS_BC_Common_Trans_PUB,CentralRepository_GSMS_SeatMaster_MIG,dbo,CTSAZSIMIPST.INSO1A101C37461FA.DATABASE.WINDOWS.NET,CentralRepository,dbo
ctsazsimicrsmas.inso1a101c37461fa.database.windows.net,EDS_BC_Common_Trans_PUB,CentralRepository_GSMS_SeatMaster_MIG,dbo,CTSAZSIMIPTM.INSO1A101C37461FA.DATABASE.WINDOWS.NET,CentralRepository,dbo
ctsazsimicrsmas.inso1a101c37461fa.database.windows.net,EDS_BC_Common_Trans_PUB,CentralRepository_GSMS_SeatMaster_MIG,dbo,CTSAZSIMIBCAPPS1.INSO1A101C37461FA.DATABASE.WINDOWS.NET,CentralRepository,dbo
ctsazsimicrsmas.inso1a101c37461fa.database.windows.net,EDS_BC_Common_Trans_PUB,CentralRepository_GSMS_SeatMaster_MIG,dbo,CTSAZSIMIBCAPPS2.INSO1A101C37461FA.DATABASE.WINDOWS.NET,CentralRepository,dbo
ctsazsimicrsmas.inso1a101c37461fa.database.windows.net,EDS_BC_Common_Trans_PUB,CentralRepository_GSMS_SeatMaster_MIG,dbo,CTSAZMIBCAPPS3.293366D454BB.DATABASE.WINDOWS.NET,CentralRepository,dbo
ctsazsimicrsmas.inso1a101c37461fa.database.windows.net,EDS_BC_Common_Trans_PUB,DataRetention_PurgeHold_STG_CURR,dbo,CTSAZSIMIPGN.INSO1A101C37461FA.DATABASE.WINDOWS.NET,CentralRepository,dbo
ctsazsimicrsmas.inso1a101c37461fa.database.windows.net,EDS_BC_Common_Trans_PUB,DataRetention_PurgeHold_STG_CURR,dbo,CTSAZSIMIPST.INSO1A101C37461FA.DATABASE.WINDOWS.NET,CentralRepository,dbo
ctsazsimicrsmas.inso1a101c37461fa.database.windows.net,EDS_BC_Common_Trans_PUB,DataRetention_PurgeHold_STG_CURR,dbo,CTSAZSIMIPTM.INSO1A101C37461FA.DATABASE.WINDOWS.NET,CentralRepository,dbo
ctsazsimicrsmas.inso1a101c37461fa.database.windows.net,EDS_BC_Common_Trans_PUB,DataRetention_PurgeHold_STG_CURR,dbo,CTSAZSIMIBCAPPS1.INSO1A101C37461FA.DATABASE.WINDOWS.NET,CentralRepository,dbo
ctsazsimicrsmas.inso1a101c37461fa.database.windows.net,EDS_BC_Common_Trans_PUB,DataRetention_PurgeHold_STG_CURR,dbo,CTSAZSIMIBCAPPS2.INSO1A101C37461FA.DATABASE.WINDOWS.NET,CentralRepository,dbo
ctsazsimicrsmas.inso1a101c37461fa.database.windows.net,EDS_BC_Common_Trans_PUB,DataRetention_PurgeHold_STG_CURR,dbo,CTSAZMIBCAPPS3.293366D454BB.DATABASE.WINDOWS.NET,CentralRepository,dbo
ctsazsimicrsmas.inso1a101c37461fa.database.windows.net,EDS_BC_Common_Trans_PUB,DATARETENTION_VW_ASSOCIATE_LAST_PAYOUT_DETAILS_STG_CURR,dbo,CTSAZSIMIPGN.INSO1A101C37461FA.DATABASE.WINDOWS.NET,CentralRepository,dbo
ctsazsimicrsmas.inso1a101c37461fa.database.windows.net,EDS_BC_Common_Trans_PUB,DATARETENTION_VW_ASSOCIATE_LAST_PAYOUT_DETAILS_STG_CURR,dbo,CTSAZSIMIPST.INSO1A101C37461FA.DATABASE.WINDOWS.NET,CentralRepository,dbo
ctsazsimicrsmas.inso1a101c37461fa.database.windows.net,EDS_BC_Common_Trans_PUB,DATARETENTION_VW_ASSOCIATE_LAST_PAYOUT_DETAILS_STG_CURR,dbo,CTSAZSIMIPTM.INSO1A101C37461FA.DATABASE.WINDOWS.NET,CentralRepository,dbo
ctsazsimicrsmas.inso1a101c37461fa.database.windows.net,EDS_BC_Common_Trans_PUB,DATARETENTION_VW_ASSOCIATE_LAST_PAYOUT_DETAILS_STG_CURR,dbo,CTSAZSIMIBCAPPS1.INSO1A101C37461FA.DATABASE.WINDOWS.NET,CentralRepository,dbo
ctsazsimicrsmas.inso1a101c37461fa.database.windows.net,EDS_BC_Common_Trans_PUB,DATARETENTION_VW_ASSOCIATE_LAST_PAYOUT_DETAILS_STG_CURR,dbo,CTSAZSIMIBCAPPS2.INSO1A101C37461FA.DATABASE.WINDOWS.NET,CentralRepository,dbo
ctsazsimicrsmas.inso1a101c37461fa.database.windows.net,EDS_BC_Common_Trans_PUB,DATARETENTION_VW_ASSOCIATE_LAST_PAYOUT_DETAILS_STG_CURR,dbo,CTSAZMIBCAPPS3.293366D454BB.DATABASE.WINDOWS.NET,CentralRepository,dbo
ctsazsimicrsmas.inso1a101c37461fa.database.windows.net,EDS_BC_Common_Trans_PUB,DATARETENTION_VW_COGNIZANT_ASSOCIATE_DETAILS_STG_CURR,dbo,CTSAZSIMIPGN.INSO1A101C37461FA.DATABASE.WINDOWS.NET,CentralRepository,dbo
ctsazsimicrsmas.inso1a101c37461fa.database.windows.net,EDS_BC_Common_Trans_PUB,DATARETENTION_VW_COGNIZANT_ASSOCIATE_DETAILS_STG_CURR,dbo,CTSAZSIMIPST.INSO1A101C37461FA.DATABASE.WINDOWS.NET,CentralRepository,dbo
ctsazsimicrsmas.inso1a101c37461fa.database.windows.net,EDS_BC_Common_Trans_PUB,DATARETENTION_VW_COGNIZANT_ASSOCIATE_DETAILS_STG_CURR,dbo,CTSAZSIMIPTM.INSO1A101C37461FA.DATABASE.WINDOWS.NET,CentralRepository,dbo
ctsazsimicrsmas.inso1a101c37461fa.database.windows.net,EDS_BC_Common_Trans_PUB,DATARETENTION_VW_COGNIZANT_ASSOCIATE_DETAILS_STG_CURR,dbo,CTSAZSIMIBCAPPS1.INSO1A101C37461FA.DATABASE.WINDOWS.NET,CentralRepository,dbo
ctsazsimicrsmas.inso1a101c37461fa.database.windows.net,EDS_BC_Common_Trans_PUB,DATARETENTION_VW_COGNIZANT_ASSOCIATE_DETAILS_STG_CURR,dbo,CTSAZSIMIBCAPPS2.INSO1A101C37461FA.DATABASE.WINDOWS.NET,CentralRepository,dbo
ctsazsimicrsmas.inso1a101c37461fa.database.windows.net,EDS_BC_Common_Trans_PUB,DATARETENTION_VW_COGNIZANT_ASSOCIATE_DETAILS_STG_CURR,dbo,CTSAZMIBCAPPS3.293366D454BB.DATABASE.WINDOWS.NET,CentralRepository,dbo
ctsazsimicrsmas.inso1a101c37461fa.database.windows.net,EDS_BC_Common_Trans_PUB,DATARETENTION_VW_COGNIZANT_CANDIDATE_DETAILS_STG_CURR,dbo,CTSAZSIMIPGN.INSO1A101C37461FA.DATABASE.WINDOWS.NET,CentralRepository,dbo
ctsazsimicrsmas.inso1a101c37461fa.database.windows.net,EDS_BC_Common_Trans_PUB,DATARETENTION_VW_COGNIZANT_CANDIDATE_DETAILS_STG_CURR,dbo,CTSAZSIMIPST.INSO1A101C37461FA.DATABASE.WINDOWS.NET,CentralRepository,dbo
ctsazsimicrsmas.inso1a101c37461fa.database.windows.net,EDS_BC_Common_Trans_PUB,DATARETENTION_VW_COGNIZANT_CANDIDATE_DETAILS_STG_CURR,dbo,CTSAZSIMIPTM.INSO1A101C37461FA.DATABASE.WINDOWS.NET,CentralRepository,dbo
ctsazsimicrsmas.inso1a101c37461fa.database.windows.net,EDS_BC_Common_Trans_PUB,DATARETENTION_VW_COGNIZANT_CANDIDATE_DETAILS_STG_CURR,dbo,CTSAZSIMIBCAPPS1.INSO1A101C37461FA.DATABASE.WINDOWS.NET,CentralRepository,dbo
ctsazsimicrsmas.inso1a101c37461fa.database.windows.net,EDS_BC_Common_Trans_PUB,DATARETENTION_VW_COGNIZANT_CANDIDATE_DETAILS_STG_CURR,dbo,CTSAZSIMIBCAPPS2.INSO1A101C37461FA.DATABASE.WINDOWS.NET,CentralRepository,dbo
ctsazsimicrsmas.inso1a101c37461fa.database.windows.net,EDS_BC_Common_Trans_PUB,DATARETENTION_VW_COGNIZANT_CANDIDATE_DETAILS_STG_CURR,dbo,CTSAZMIBCAPPS3.293366D454BB.DATABASE.WINDOWS.NET,CentralRepository,dbo
ctsazsimicrsmas.inso1a101c37461fa.database.windows.net,EDS_BC_Common_Trans_PUB,DataRetention_vw_Ref_Region_FY_stg_curr,dbo,CTSAZSIMIPGN.INSO1A101C37461FA.DATABASE.WINDOWS.NET,CentralRepository,dbo
ctsazsimicrsmas.inso1a101c37461fa.database.windows.net,EDS_BC_Common_Trans_PUB,DataRetention_vw_Ref_Region_FY_stg_curr,dbo,CTSAZSIMIPST.INSO1A101C37461FA.DATABASE.WINDOWS.NET,CentralRepository,dbo
ctsazsimicrsmas.inso1a101c37461fa.database.windows.net,EDS_BC_Common_Trans_PUB,DataRetention_vw_Ref_Region_FY_stg_curr,dbo,CTSAZSIMIPTM.INSO1A101C37461FA.DATABASE.WINDOWS.NET,CentralRepository,dbo
ctsazsimicrsmas.inso1a101c37461fa.database.windows.net,EDS_BC_Common_Trans_PUB,DataRetention_vw_Ref_Region_FY_stg_curr,dbo,CTSAZSIMIBCAPPS1.INSO1A101C37461FA.DATABASE.WINDOWS.NET,CentralRepository,dbo
ctsazsimicrsmas.inso1a101c37461fa.database.windows.net,EDS_BC_Common_Trans_PUB,DataRetention_vw_Ref_Region_FY_stg_curr,dbo,CTSAZSIMIBCAPPS2.INSO1A101C37461FA.DATABASE.WINDOWS.NET,CentralRepository,dbo
ctsazsimicrsmas.inso1a101c37461fa.database.windows.net,EDS_BC_Common_Trans_PUB,DataRetention_vw_Ref_Region_FY_stg_curr,dbo,CTSAZMIBCAPPS3.293366D454BB.DATABASE.WINDOWS.NET,CentralRepository,dbo
ctsazsimicrsmas.inso1a101c37461fa.database.windows.net,EDS_BC_Common_Trans_PUB,DataRetention_VW_RETENTION_SCHEDULE_BUSINESSLOGIC_STG_CURR,dbo,CTSAZSIMIPGN.INSO1A101C37461FA.DATABASE.WINDOWS.NET,CentralRepository,dbo
ctsazsimicrsmas.inso1a101c37461fa.database.windows.net,EDS_BC_Common_Trans_PUB,DataRetention_VW_RETENTION_SCHEDULE_BUSINESSLOGIC_STG_CURR,dbo,CTSAZSIMIPST.INSO1A101C37461FA.DATABASE.WINDOWS.NET,CentralRepository,dbo
ctsazsimicrsmas.inso1a101c37461fa.database.windows.net,EDS_BC_Common_Trans_PUB,DataRetention_VW_RETENTION_SCHEDULE_BUSINESSLOGIC_STG_CURR,dbo,CTSAZSIMIPTM.INSO1A101C37461FA.DATABASE.WINDOWS.NET,CentralRepository,dbo
ctsazsimicrsmas.inso1a101c37461fa.database.windows.net,EDS_BC_Common_Trans_PUB,DataRetention_VW_RETENTION_SCHEDULE_BUSINESSLOGIC_STG_CURR,dbo,CTSAZSIMIBCAPPS1.INSO1A101C37461FA.DATABASE.WINDOWS.NET,CentralRepository,dbo
ctsazsimicrsmas.inso1a101c37461fa.database.windows.net,EDS_BC_Common_Trans_PUB,DataRetention_VW_RETENTION_SCHEDULE_BUSINESSLOGIC_STG_CURR,dbo,CTSAZSIMIBCAPPS2.INSO1A101C37461FA.DATABASE.WINDOWS.NET,CentralRepository,dbo
ctsazsimicrsmas.inso1a101c37461fa.database.windows.net,EDS_BC_Common_Trans_PUB,DataRetention_VW_RETENTION_SCHEDULE_BUSINESSLOGIC_STG_CURR,dbo,CTSAZMIBCAPPS3.293366D454BB.DATABASE.WINDOWS.NET,CentralRepository,dbo
ctsazsimicrsmas.inso1a101c37461fa.database.windows.net,EDS_BC_Common_Trans_PUB,DATARETENTION_VW_TRAVEL_HISTORY_STG_CURR,dbo,CTSAZSIMIPGN.INSO1A101C37461FA.DATABASE.WINDOWS.NET,CentralRepository,dbo
ctsazsimicrsmas.inso1a101c37461fa.database.windows.net,EDS_BC_Common_Trans_PUB,DATARETENTION_VW_TRAVEL_HISTORY_STG_CURR,dbo,CTSAZSIMIPST.INSO1A101C37461FA.DATABASE.WINDOWS.NET,CentralRepository,dbo
ctsazsimicrsmas.inso1a101c37461fa.database.windows.net,EDS_BC_Common_Trans_PUB,DATARETENTION_VW_TRAVEL_HISTORY_STG_CURR,dbo,CTSAZSIMIPTM.INSO1A101C37461FA.DATABASE.WINDOWS.NET,CentralRepository,dbo
ctsazsimicrsmas.inso1a101c37461fa.database.windows.net,EDS_BC_Common_Trans_PUB,DATARETENTION_VW_TRAVEL_HISTORY_STG_CURR,dbo,CTSAZSIMIBCAPPS1.INSO1A101C37461FA.DATABASE.WINDOWS.NET,CentralRepository,dbo
ctsazsimicrsmas.inso1a101c37461fa.database.windows.net,EDS_BC_Common_Trans_PUB,DATARETENTION_VW_TRAVEL_HISTORY_STG_CURR,dbo,CTSAZSIMIBCAPPS2.INSO1A101C37461FA.DATABASE.WINDOWS.NET,CentralRepository,dbo
ctsazsimicrsmas.inso1a101c37461fa.database.windows.net,EDS_BC_Common_Trans_PUB,DATARETENTION_VW_TRAVEL_HISTORY_STG_CURR,dbo,CTSAZMIBCAPPS3.293366D454BB.DATABASE.WINDOWS.NET,CentralRepository,dbo
ctsazsimicrsmas.inso1a101c37461fa.database.windows.net,EDS_BC_Common_Trans_PUB,ESA_PS_CTS_GRADE_ROLE_STG_CURR,dbo,CTSAZSIMIPGN.INSO1A101C37461FA.DATABASE.WINDOWS.NET,CentralRepository,dbo
ctsazsimicrsmas.inso1a101c37461fa.database.windows.net,EDS_BC_Common_Trans_PUB,ESA_PS_CTS_GRADE_ROLE_STG_CURR,dbo,CTSAZSIMIPST.INSO1A101C37461FA.DATABASE.WINDOWS.NET,CentralRepository,dbo
ctsazsimicrsmas.inso1a101c37461fa.database.windows.net,EDS_BC_Common_Trans_PUB,ESA_PS_CTS_GRADE_ROLE_STG_CURR,dbo,CTSAZSIMIPTM.INSO1A101C37461FA.DATABASE.WINDOWS.NET,CentralRepository,dbo
ctsazsimicrsmas.inso1a101c37461fa.database.windows.net,EDS_BC_Common_Trans_PUB,ESA_PS_CTS_GRADE_ROLE_STG_CURR,dbo,CTSAZSIMIBCAPPS1.INSO1A101C37461FA.DATABASE.WINDOWS.NET,CentralRepository,dbo
ctsazsimicrsmas.inso1a101c37461fa.database.windows.net,EDS_BC_Common_Trans_PUB,ESA_PS_CTS_GRADE_ROLE_STG_CURR,dbo,CTSAZSIMIBCAPPS2.INSO1A101C37461FA.DATABASE.WINDOWS.NET,CentralRepository,dbo
ctsazsimicrsmas.inso1a101c37461fa.database.windows.net,EDS_BC_Common_Trans_PUB,ESA_PS_CTS_GRADE_ROLE_STG_CURR,dbo,CTSAZMIBCAPPS3.293366D454BB.DATABASE.WINDOWS.NET,CentralRepository,dbo
ctsazsimicrsmas.inso1a101c37461fa.database.windows.net,EDS_BC_Common_Trans_PUB,ESA_PS_PROJ_TYPE_TBL_STG_CURR,dbo,CTSAZSIMIPGN.INSO1A101C37461FA.DATABASE.WINDOWS.NET,CentralRepository,dbo
ctsazsimicrsmas.inso1a101c37461fa.database.windows.net,EDS_BC_Common_Trans_PUB,ESA_PS_PROJ_TYPE_TBL_STG_CURR,dbo,CTSAZSIMIPST.INSO1A101C37461FA.DATABASE.WINDOWS.NET,CentralRepository,dbo
ctsazsimicrsmas.inso1a101c37461fa.database.windows.net,EDS_BC_Common_Trans_PUB,ESA_PS_PROJ_TYPE_TBL_STG_CURR,dbo,CTSAZSIMIPTM.INSO1A101C37461FA.DATABASE.WINDOWS.NET,CentralRepository,dbo
ctsazsimicrsmas.inso1a101c37461fa.database.windows.net,EDS_BC_Common_Trans_PUB,ESA_PS_PROJ_TYPE_TBL_STG_CURR,dbo,CTSAZSIMIBCAPPS1.INSO1A101C37461FA.DATABASE.WINDOWS.NET,CentralRepository,dbo
ctsazsimicrsmas.inso1a101c37461fa.database.windows.net,EDS_BC_Common_Trans_PUB,ESA_PS_PROJ_TYPE_TBL_STG_CURR,dbo,CTSAZSIMIBCAPPS2.INSO1A101C37461FA.DATABASE.WINDOWS.NET,CentralRepository,dbo
ctsazsimicrsmas.inso1a101c37461fa.database.windows.net,EDS_BC_Common_Trans_PUB,ESA_PS_PROJ_TYPE_TBL_STG_CURR,dbo,CTSAZMIBCAPPS3.293366D454BB.DATABASE.WINDOWS.NET,CentralRepository,dbo
ctsazsimicrsmas.inso1a101c37461fa.database.windows.net,EDS_BC_Common_Trans_PUB,FMS_PS_DEPT_TBL_STG_CURR,dbo,CTSAZSIMIPGN.INSO1A101C37461FA.DATABASE.WINDOWS.NET,CentralRepository,dbo
ctsazsimicrsmas.inso1a101c37461fa.database.windows.net,EDS_BC_Common_Trans_PUB,FMS_PS_DEPT_TBL_STG_CURR,dbo,CTSAZSIMIPST.INSO1A101C37461FA.DATABASE.WINDOWS.NET,CentralRepository,dbo
ctsazsimicrsmas.inso1a101c37461fa.database.windows.net,EDS_BC_Common_Trans_PUB,FMS_PS_DEPT_TBL_STG_CURR,dbo,CTSAZSIMIPTM.INSO1A101C37461FA.DATABASE.WINDOWS.NET,CentralRepository,dbo
ctsazsimicrsmas.inso1a101c37461fa.database.windows.net,EDS_BC_Common_Trans_PUB,FMS_PS_DEPT_TBL_STG_CURR,dbo,CTSAZSIMIBCAPPS1.INSO1A101C37461FA.DATABASE.WINDOWS.NET,CentralRepository,dbo
ctsazsimicrsmas.inso1a101c37461fa.database.windows.net,EDS_BC_Common_Trans_PUB,FMS_PS_DEPT_TBL_STG_CURR,dbo,CTSAZSIMIBCAPPS2.INSO1A101C37461FA.DATABASE.WINDOWS.NET,CentralRepository,dbo
ctsazsimicrsmas.inso1a101c37461fa.database.windows.net,EDS_BC_Common_Trans_PUB,FMS_PS_DEPT_TBL_STG_CURR,dbo,CTSAZMIBCAPPS3.293366D454BB.DATABASE.WINDOWS.NET,CentralRepository,dbo
ctsazsimicrsmas.inso1a101c37461fa.database.windows.net,EDS_BC_Common_Trans_PUB,HCM_PS_CT_CNTY_CD_TBL_STG_CURR,dbo,CTSAZSIMIPGN.INSO1A101C37461FA.DATABASE.WINDOWS.NET,CentralRepository,dbo
ctsazsimicrsmas.inso1a101c37461fa.database.windows.net,EDS_BC_Common_Trans_PUB,HCM_PS_CT_CNTY_CD_TBL_STG_CURR,dbo,CTSAZSIMIPST.INSO1A101C37461FA.DATABASE.WINDOWS.NET,CentralRepository,dbo
ctsazsimicrsmas.inso1a101c37461fa.database.windows.net,EDS_BC_Common_Trans_PUB,HCM_PS_CT_CNTY_CD_TBL_STG_CURR,dbo,CTSAZSIMIPTM.INSO1A101C37461FA.DATABASE.WINDOWS.NET,CentralRepository,dbo
ctsazsimicrsmas.inso1a101c37461fa.database.windows.net,EDS_BC_Common_Trans_PUB,HCM_PS_CT_CNTY_CD_TBL_STG_CURR,dbo,CTSAZSIMIBCAPPS1.INSO1A101C37461FA.DATABASE.WINDOWS.NET,CentralRepository,dbo
ctsazsimicrsmas.inso1a101c37461fa.database.windows.net,EDS_BC_Common_Trans_PUB,HCM_PS_CT_CNTY_CD_TBL_STG_CURR,dbo,CTSAZSIMIBCAPPS2.INSO1A101C37461FA.DATABASE.WINDOWS.NET,CentralRepository,dbo
ctsazsimicrsmas.inso1a101c37461fa.database.windows.net,EDS_BC_Common_Trans_PUB,HCM_PS_CT_CNTY_CD_TBL_STG_CURR,dbo,CTSAZMIBCAPPS3.293366D454BB.DATABASE.WINDOWS.NET,CentralRepository,dbo
ctsazsimicrsmas.inso1a101c37461fa.database.windows.net,EDS_BC_Common_Trans_PUB,HCM_PS_CT_GBL_SFT_MSTR_STG_CURR,dbo,CTSAZSIMIPGN.INSO1A101C37461FA.DATABASE.WINDOWS.NET,CentralRepository,dbo
ctsazsimicrsmas.inso1a101c37461fa.database.windows.net,EDS_BC_Common_Trans_PUB,HCM_PS_CT_GBL_SFT_MSTR_STG_CURR,dbo,CTSAZSIMIPST.INSO1A101C37461FA.DATABASE.WINDOWS.NET,CentralRepository,dbo
ctsazsimicrsmas.inso1a101c37461fa.database.windows.net,EDS_BC_Common_Trans_PUB,HCM_PS_CT_GBL_SFT_MSTR_STG_CURR,dbo,CTSAZSIMIPTM.INSO1A101C37461FA.DATABASE.WINDOWS.NET,CentralRepository,dbo
ctsazsimicrsmas.inso1a101c37461fa.database.windows.net,EDS_BC_Common_Trans_PUB,HCM_PS_CT_GBL_SFT_MSTR_STG_CURR,dbo,CTSAZSIMIBCAPPS1.INSO1A101C37461FA.DATABASE.WINDOWS.NET,CentralRepository,dbo
ctsazsimicrsmas.inso1a101c37461fa.database.windows.net,EDS_BC_Common_Trans_PUB,HCM_PS_CT_GBL_SFT_MSTR_STG_CURR,dbo,CTSAZSIMIBCAPPS2.INSO1A101C37461FA.DATABASE.WINDOWS.NET,CentralRepository,dbo
ctsazsimicrsmas.inso1a101c37461fa.database.windows.net,EDS_BC_Common_Trans_PUB,HCM_PS_CT_GBL_SFT_MSTR_STG_CURR,dbo,CTSAZMIBCAPPS3.293366D454BB.DATABASE.WINDOWS.NET,CentralRepository,dbo
ctsazsimicrsmas.inso1a101c37461fa.database.windows.net,EDS_BC_Common_Trans_PUB,LMS_PERSON_STG_CURR,dbo,CTSAZSIMIPGN.INSO1A101C37461FA.DATABASE.WINDOWS.NET,CentralRepository,dbo
ctsazsimicrsmas.inso1a101c37461fa.database.windows.net,EDS_BC_Common_Trans_PUB,LMS_PERSON_STG_CURR,dbo,CTSAZSIMIPST.INSO1A101C37461FA.DATABASE.WINDOWS.NET,CentralRepository,dbo
ctsazsimicrsmas.inso1a101c37461fa.database.windows.net,EDS_BC_Common_Trans_PUB,LMS_PERSON_STG_CURR,dbo,CTSAZSIMIPTM.INSO1A101C37461FA.DATABASE.WINDOWS.NET,CentralRepository,dbo
ctsazsimicrsmas.inso1a101c37461fa.database.windows.net,EDS_BC_Common_Trans_PUB,LMS_PERSON_STG_CURR,dbo,CTSAZSIMIBCAPPS1.INSO1A101C37461FA.DATABASE.WINDOWS.NET,CentralRepository,dbo
ctsazsimicrsmas.inso1a101c37461fa.database.windows.net,EDS_BC_Common_Trans_PUB,LMS_PERSON_STG_CURR,dbo,CTSAZSIMIBCAPPS2.INSO1A101C37461FA.DATABASE.WINDOWS.NET,CentralRepository,dbo
ctsazsimicrsmas.inso1a101c37461fa.database.windows.net,EDS_BC_Common_Trans_PUB,LMS_PERSON_STG_CURR,dbo,CTSAZMIBCAPPS3.293366D454BB.DATABASE.WINDOWS.NET,CentralRepository,dbo
ctsazsimicrsmas.inso1a101c37461fa.database.windows.net,EDS_BC_Common_Trans_PUB,LMS_TBL_TMX_USERREQUIREDACT_STG_CURR,dbo,CTSAZSIMIPGN.INSO1A101C37461FA.DATABASE.WINDOWS.NET,CentralRepository,dbo
ctsazsimicrsmas.inso1a101c37461fa.database.windows.net,EDS_BC_Common_Trans_PUB,LMS_TBL_TMX_USERREQUIREDACT_STG_CURR,dbo,CTSAZSIMIPST.INSO1A101C37461FA.DATABASE.WINDOWS.NET,CentralRepository,dbo
ctsazsimicrsmas.inso1a101c37461fa.database.windows.net,EDS_BC_Common_Trans_PUB,LMS_TBL_TMX_USERREQUIREDACT_STG_CURR,dbo,CTSAZSIMIPTM.INSO1A101C37461FA.DATABASE.WINDOWS.NET,CentralRepository,dbo
ctsazsimicrsmas.inso1a101c37461fa.database.windows.net,EDS_BC_Common_Trans_PUB,LMS_TBL_TMX_USERREQUIREDACT_STG_CURR,dbo,CTSAZSIMIBCAPPS1.INSO1A101C37461FA.DATABASE.WINDOWS.NET,CentralRepository,dbo
ctsazsimicrsmas.inso1a101c37461fa.database.windows.net,EDS_BC_Common_Trans_PUB,LMS_TBL_TMX_USERREQUIREDACT_STG_CURR,dbo,CTSAZSIMIBCAPPS2.INSO1A101C37461FA.DATABASE.WINDOWS.NET,CentralRepository,dbo
ctsazsimicrsmas.inso1a101c37461fa.database.windows.net,EDS_BC_Common_Trans_PUB,LMS_TBL_TMX_USERREQUIREDACT_STG_CURR,dbo,CTSAZMIBCAPPS3.293366D454BB.DATABASE.WINDOWS.NET,CentralRepository,dbo
ctsazsimicrsmas.inso1a101c37461fa.database.windows.net,EDS_BC_Common_Trans_PUB,CentralRepository_SFDC_Account_RHMS_MIG,dbo,CTSAZSIMIPGN.INSO1A101C37461FA.DATABASE.WINDOWS.NET,CentralRepository,dbo
ctsazsimicrsmas.inso1a101c37461fa.database.windows.net,EDS_BC_Common_Trans_PUB,CentralRepository_SFDC_Account_RHMS_MIG,dbo,CTSAZSIMIPST.INSO1A101C37461FA.DATABASE.WINDOWS.NET,CentralRepository,dbo
ctsazsimicrsmas.inso1a101c37461fa.database.windows.net,EDS_BC_Common_Trans_PUB,CentralRepository_SFDC_Account_RHMS_MIG,dbo,CTSAZSIMIPTM.INSO1A101C37461FA.DATABASE.WINDOWS.NET,CentralRepository,dbo
ctsazsimicrsmas.inso1a101c37461fa.database.windows.net,EDS_BC_Common_Trans_PUB,CentralRepository_SFDC_Account_RHMS_MIG,dbo,CTSAZSIMIBCAPPS1.INSO1A101C37461FA.DATABASE.WINDOWS.NET,CentralRepository,dbo
ctsazsimicrsmas.inso1a101c37461fa.database.windows.net,EDS_BC_Common_Trans_PUB,CentralRepository_SFDC_Account_RHMS_MIG,dbo,CTSAZSIMIBCAPPS2.INSO1A101C37461FA.DATABASE.WINDOWS.NET,CentralRepository,dbo
ctsazsimicrsmas.inso1a101c37461fa.database.windows.net,EDS_BC_Common_Trans_PUB,CentralRepository_SFDC_Account_RHMS_MIG,dbo,CTSAZMIBCAPPS3.293366D454BB.DATABASE.WINDOWS.NET,CentralRepository,dbo
ctsazsimicrsmas.inso1a101c37461fa.database.windows.net,EDS_BC_Common_Trans_PUB,SFDC_Account_STG_CURR,dbo,CTSAZSIMIPGN.INSO1A101C37461FA.DATABASE.WINDOWS.NET,CentralRepository,dbo
ctsazsimicrsmas.inso1a101c37461fa.database.windows.net,EDS_BC_Common_Trans_PUB,SFDC_Account_STG_CURR,dbo,CTSAZSIMIPST.INSO1A101C37461FA.DATABASE.WINDOWS.NET,CentralRepository,dbo
ctsazsimicrsmas.inso1a101c37461fa.database.windows.net,EDS_BC_Common_Trans_PUB,SFDC_Account_STG_CURR,dbo,CTSAZSIMIPTM.INSO1A101C37461FA.DATABASE.WINDOWS.NET,CentralRepository,dbo
ctsazsimicrsmas.inso1a101c37461fa.database.windows.net,EDS_BC_Common_Trans_PUB,SFDC_Account_STG_CURR,dbo,CTSAZSIMIBCAPPS1.INSO1A101C37461FA.DATABASE.WINDOWS.NET,CentralRepository,dbo
ctsazsimicrsmas.inso1a101c37461fa.database.windows.net,EDS_BC_Common_Trans_PUB,SFDC_Account_STG_CURR,dbo,CTSAZSIMIBCAPPS2.INSO1A101C37461FA.DATABASE.WINDOWS.NET,CentralRepository,dbo
ctsazsimicrsmas.inso1a101c37461fa.database.windows.net,EDS_BC_Common_Trans_PUB,SFDC_Account_STG_CURR,dbo,CTSAZMIBCAPPS3.293366D454BB.DATABASE.WINDOWS.NET,CentralRepository,dbo
ctsazsimicrsmas.inso1a101c37461fa.database.windows.net,EDS_BC_RSO_Bcapps1_PUB,CentralRepository_Chire_CandidateDocument_EDS,dbo,CTSAZSIMIBCAPPS1.INSO1A101C37461FA.DATABASE.WINDOWS.NET,CentralRepository,dbo
ctsazsimicrsmas.inso1a101c37461fa.database.windows.net,EDS_BC_RSO_Bcapps1_PUB,CentralRepository_ESA_Allocation_MIG,dbo,CTSAZSIMIBCAPPS1.INSO1A101C37461FA.DATABASE.WINDOWS.NET,CentralRepository,dbo
ctsazsimicrsmas.inso1a101c37461fa.database.windows.net,EDS_BC_RSO_Bcapps1_PUB,CentralRepository_RMG_ResourceRequest_MIG,dbo,CTSAZSIMIBCAPPS1.INSO1A101C37461FA.DATABASE.WINDOWS.NET,CentralRepository,dbo
ctsazsimicrsmas.inso1a101c37461fa.database.windows.net,EDS_BC_RSO_Bcapps1_PUB,CHire_CandidateCurrentOffer_STG_CURR,dbo,CTSAZSIMIBCAPPS1.INSO1A101C37461FA.DATABASE.WINDOWS.NET,CentralRepository,dbo
ctsazsimicrsmas.inso1a101c37461fa.database.windows.net,EDS_BC_RSO_Bcapps1_PUB,CHire_CandidatePersonalDetail_STG_CURR,dbo,CTSAZSIMIBCAPPS1.INSO1A101C37461FA.DATABASE.WINDOWS.NET,CentralRepository,dbo
ctsazsimicrsmas.inso1a101c37461fa.database.windows.net,EDS_BC_RSO_Bcapps1_PUB,LMS_TBL_TMX_REGISTRATION_STG_CURR,dbo,CTSAZSIMIBCAPPS1.INSO1A101C37461FA.DATABASE.WINDOWS.NET,CentralRepository,dbo
ctsazsimicrsmas.inso1a101c37461fa.database.windows.net,EDS_BC_RSO_Bcapps1_PUB,RSO_KIRN_Test1,dbo,CTSAZSIMIBCAPPS1.INSO1A101C37461FA.DATABASE.WINDOWS.NET,CentralRepository,dbo
ctsazsimicrsmas.inso1a101c37461fa.database.windows.net,EDS_BC_RSO_Bcapps2_PUB,CentralRepository_Associate_Details_History_MIG,dbo,CTSAZSIMIBCAPPS2.INSO1A101C37461FA.DATABASE.WINDOWS.NET,CentralRepository,dbo
ctsazsimicrsmas.inso1a101c37461fa.database.windows.net,EDS_BC_RSO_Bcapps2_PUB,CentralRepository_Chire_CandidateDocument_EDS,dbo,CTSAZSIMIBCAPPS2.INSO1A101C37461FA.DATABASE.WINDOWS.NET,CentralRepository,dbo
ctsazsimicrsmas.inso1a101c37461fa.database.windows.net,EDS_BC_RSO_Bcapps2_PUB,CentralRepository_ESA_Allocation_MIG,dbo,CTSAZSIMIBCAPPS2.INSO1A101C37461FA.DATABASE.WINDOWS.NET,CentralRepository,dbo
ctsazsimicrsmas.inso1a101c37461fa.database.windows.net,EDS_BC_RSO_Bcapps2_PUB,CentralRepository_RMG_ResourceRequest_MIG,dbo,CTSAZSIMIBCAPPS2.INSO1A101C37461FA.DATABASE.WINDOWS.NET,CentralRepository,dbo
ctsazsimicrsmas.inso1a101c37461fa.database.windows.net,EDS_BC_RSO_Bcapps2_PUB,CHire_CandidateCurrentOffer_STG_CURR,dbo,CTSAZSIMIBCAPPS2.INSO1A101C37461FA.DATABASE.WINDOWS.NET,CentralRepository,dbo
ctsazsimicrsmas.inso1a101c37461fa.database.windows.net,EDS_BC_RSO_Bcapps2_PUB,CHire_CandidatePersonalDetail_STG_CURR,dbo,CTSAZSIMIBCAPPS2.INSO1A101C37461FA.DATABASE.WINDOWS.NET,CentralRepository,dbo
ctsazsimicrsmas.inso1a101c37461fa.database.windows.net,EDS_BC_RSO_Bcapps2_PUB,CHire_RequisitionJobDescription_STG_CURR,dbo,CTSAZSIMIBCAPPS2.INSO1A101C37461FA.DATABASE.WINDOWS.NET,CentralRepository,dbo
ctsazsimicrsmas.inso1a101c37461fa.database.windows.net,EDS_BC_RSO_Bcapps2_PUB,LMS_TBL_TMX_ATTEMPT_STG_CURR,dbo,CTSAZSIMIBCAPPS2.INSO1A101C37461FA.DATABASE.WINDOWS.NET,CentralRepository,dbo
ctsazsimicrsmas.inso1a101c37461fa.database.windows.net,EDS_BC_RSO_Bcapps2_PUB,LMS_TBL_TMX_REGISTRATION_STG_CURR,dbo,CTSAZSIMIBCAPPS2.INSO1A101C37461FA.DATABASE.WINDOWS.NET,CentralRepository,dbo
ctsazsimicrsmas.inso1a101c37461fa.database.windows.net,EDS_BC_RSO_Bcapps2_PUB,RSO_KIRN_Test1,dbo,CTSAZSIMIBCAPPS2.INSO1A101C37461FA.DATABASE.WINDOWS.NET,CentralRepository,dbo
ctsazsimicrsmas.inso1a101c37461fa.database.windows.net,EDS_BC_RSO_Bcapps3_PUB,CentralRepository_ESA_Allocation_MIG,dbo,CTSAZMIBCAPPS3.293366D454BB.DATABASE.WINDOWS.NET,CentralRepository,dbo
ctsazsimicrsmas.inso1a101c37461fa.database.windows.net,EDS_BC_RSO_Bcapps3_PUB,RSO_KIRN_Test1,dbo,CTSAZMIBCAPPS3.293366D454BB.DATABASE.WINDOWS.NET,CentralRepository,dbo
ctsazsimicrsmas.inso1a101c37461fa.database.windows.net,EDS_BC_RSO_PGN_PUB,CentralRepository_Chire_CandidateDocument_EDS,dbo,CTSAZSIMIPGN.INSO1A101C37461FA.DATABASE.WINDOWS.NET,CentralRepository,dbo
ctsazsimicrsmas.inso1a101c37461fa.database.windows.net,EDS_BC_RSO_PGN_PUB,CentralRepository_ESA_Allocation_MIG,dbo,CTSAZSIMIPGN.INSO1A101C37461FA.DATABASE.WINDOWS.NET,CentralRepository,dbo
ctsazsimicrsmas.inso1a101c37461fa.database.windows.net,EDS_BC_RSO_PGN_PUB,CentralRepository_RMG_ResourceRequest_MIG,dbo,CTSAZSIMIPGN.INSO1A101C37461FA.DATABASE.WINDOWS.NET,CentralRepository,dbo
ctsazsimicrsmas.inso1a101c37461fa.database.windows.net,EDS_BC_RSO_PGN_PUB,HCM_PS_CT_GBL_HCM_SFBD_STG_CURR,dbo,CTSAZSIMIPGN.INSO1A101C37461FA.DATABASE.WINDOWS.NET,CentralRepository,dbo
ctsazsimicrsmas.inso1a101c37461fa.database.windows.net,EDS_BC_RSO_PGN_PUB,RSO_KIRN_Test1,dbo,CTSAZSIMIPGN.INSO1A101C37461FA.DATABASE.WINDOWS.NET,CentralRepository,dbo
ctsazsimicrsmas.inso1a101c37461fa.database.windows.net,EDS_BC_RSO_PST_PUB,CentralRepository_ESA_Allocation_MIG,dbo,CTSAZSIMIPST.INSO1A101C37461FA.DATABASE.WINDOWS.NET,CentralRepository,dbo
ctsazsimicrsmas.inso1a101c37461fa.database.windows.net,EDS_BC_RSO_PST_PUB,HCM_PS_CT_GBL_HCM_SFBD_STG_CURR,dbo,CTSAZSIMIPST.INSO1A101C37461FA.DATABASE.WINDOWS.NET,CentralRepository,dbo
ctsazsimicrsmas.inso1a101c37461fa.database.windows.net,EDS_BC_RSO_PST_PUB,RSO_KIRN_Test1,dbo,CTSAZSIMIPST.INSO1A101C37461FA.DATABASE.WINDOWS.NET,CentralRepository,dbo
ctsazsimicrsmas.inso1a101c37461fa.database.windows.net,EDS_BC_RSO_PTM_PUB,CentralRepository_Associate_Details_History_MIG,dbo,CTSAZSIMIPTM.INSO1A101C37461FA.DATABASE.WINDOWS.NET,CentralRepository,dbo
ctsazsimicrsmas.inso1a101c37461fa.database.windows.net,EDS_BC_RSO_PTM_PUB,CentralRepository_ESA_Allocation_MIG,dbo,CTSAZSIMIPTM.INSO1A101C37461FA.DATABASE.WINDOWS.NET,CentralRepository,dbo
ctsazsimicrsmas.inso1a101c37461fa.database.windows.net,EDS_BC_RSO_PTM_PUB,CHire_CandidateCurrentOffer_STG_CURR,dbo,CTSAZSIMIPTM.INSO1A101C37461FA.DATABASE.WINDOWS.NET,CentralRepository,dbo
ctsazsimicrsmas.inso1a101c37461fa.database.windows.net,EDS_BC_RSO_PTM_PUB,LMS_TBL_TMX_REGISTRATION_STG_CURR,dbo,CTSAZSIMIPTM.INSO1A101C37461FA.DATABASE.WINDOWS.NET,CentralRepository,dbo
ctsazsimicrsmas.inso1a101c37461fa.database.windows.net,EDS_BC_RSO_PTM_PUB,RSO_KIRN_Test1,dbo,CTSAZSIMIPTM.INSO1A101C37461FA.DATABASE.WINDOWS.NET,CentralRepository,dbo
ctsazsimicrsmas.inso1a101c37461fa.database.windows.net,EDS_BC_Trans_Bcapps1_PUB,CentralRepository_HCM_RoleAttributes_MIG,dbo,CTSAZSIMIBCAPPS1.INSO1A101C37461FA.DATABASE.WINDOWS.NET,CentralRepository,dbo
ctsazsimicrsmas.inso1a101c37461fa.database.windows.net,EDS_BC_Trans_Bcapps1_PUB,CHire_CandidateRequisitionMapping_STG_CURR,dbo,CTSAZSIMIBCAPPS1.INSO1A101C37461FA.DATABASE.WINDOWS.NET,CentralRepository,dbo
ctsazsimicrsmas.inso1a101c37461fa.database.windows.net,EDS_BC_Trans_Bcapps1_PUB,CHIRE_REQUISITIONDETAILS_STG_CURR,dbo,CTSAZSIMIBCAPPS1.INSO1A101C37461FA.DATABASE.WINDOWS.NET,CentralRepository,dbo
ctsazsimicrsmas.inso1a101c37461fa.database.windows.net,EDS_BC_Trans_Bcapps1_PUB,CentralRepository_Talview_Techios_Applicantskills_EDS,dbo,CTSAZSIMIBCAPPS1.INSO1A101C37461FA.DATABASE.WINDOWS.NET,CentralRepository,dbo
ctsazsimicrsmas.inso1a101c37461fa.database.windows.net,EDS_BC_Trans_Bcapps1_PUB,PrismForce_PF_AssociateSkills_STG_CURR,dbo,CTSAZSIMIBCAPPS1.INSO1A101C37461FA.DATABASE.WINDOWS.NET,CentralRepository,dbo
ctsazsimicrsmas.inso1a101c37461fa.database.windows.net,EDS_BC_Trans_Bcapps1_PUB,CentralRepository_JOB_Reference_MIG,dbo,CTSAZSIMIBCAPPS1.INSO1A101C37461FA.DATABASE.WINDOWS.NET,CentralRepository,dbo
ctsazsimicrsmas.inso1a101c37461fa.database.windows.net,EDS_BC_Trans_Bcapps1_PUB,DataRetention_AssociateRegionRecord_STG_CURR,dbo,CTSAZSIMIBCAPPS1.INSO1A101C37461FA.DATABASE.WINDOWS.NET,CentralRepository,dbo
ctsazsimicrsmas.inso1a101c37461fa.database.windows.net,EDS_BC_Trans_Bcapps1_PUB,LMS_TBL_TMX_ACTIVITY_STG_CURR,dbo,CTSAZSIMIBCAPPS1.INSO1A101C37461FA.DATABASE.WINDOWS.NET,CentralRepository,dbo
ctsazsimicrsmas.inso1a101c37461fa.database.windows.net,EDS_BC_Trans_Bcapps1_PUB,SHAPSHOT_KIRN_Test1,dbo,CTSAZSIMIBCAPPS1.INSO1A101C37461FA.DATABASE.WINDOWS.NET,CentralRepository,dbo
ctsazsimicrsmas.inso1a101c37461fa.database.windows.net,EDS_BC_Trans_Bcapps1_PUB,CentralRepository_Department_TreeMaster_MIG,dbo,CTSAZSIMIBCAPPS1.INSO1A101C37461FA.DATABASE.WINDOWS.NET,CentralRepository,dbo
ctsazsimicrsmas.inso1a101c37461fa.database.windows.net,EDS_BC_Trans_Bcapps1_PUB,DataRetention_AssociateRetentionRecord_STG_CURR,dbo,CTSAZSIMIBCAPPS1.INSO1A101C37461FA.DATABASE.WINDOWS.NET,CentralRepository,dbo
ctsazsimicrsmas.inso1a101c37461fa.database.windows.net,EDS_BC_Trans_Bcapps1_PUB,HCM_PF_Associate_Skills_STG_CURR,dbo,CTSAZSIMIBCAPPS1.INSO1A101C37461FA.DATABASE.WINDOWS.NET,CentralRepository,dbo
ctsazsimicrsmas.inso1a101c37461fa.database.windows.net,EDS_BC_Trans_Bcapps2_PUB,CentralRepository_EAM_Leavedata_MIG,dbo,CTSAZSIMIBCAPPS2.INSO1A101C37461FA.DATABASE.WINDOWS.NET,CentralRepository,dbo
ctsazsimicrsmas.inso1a101c37461fa.database.windows.net,EDS_BC_Trans_Bcapps2_PUB,CentralRepository_HCM_RoleAttributes_MIG,dbo,CTSAZSIMIBCAPPS2.INSO1A101C37461FA.DATABASE.WINDOWS.NET,CentralRepository,dbo
ctsazsimicrsmas.inso1a101c37461fa.database.windows.net,EDS_BC_Trans_Bcapps2_PUB,CHIRE_REQUISITIONDETAILS_STG_CURR,dbo,CTSAZSIMIBCAPPS2.INSO1A101C37461FA.DATABASE.WINDOWS.NET,CentralRepository,dbo
ctsazsimicrsmas.inso1a101c37461fa.database.windows.net,EDS_BC_Trans_Bcapps2_PUB,DataRetention_AssociateRegionRecord_STG_CURR,dbo,CTSAZSIMIBCAPPS2.INSO1A101C37461FA.DATABASE.WINDOWS.NET,CentralRepository,dbo
ctsazsimicrsmas.inso1a101c37461fa.database.windows.net,EDS_BC_Trans_Bcapps2_PUB,LMS_TBL_TMX_ACTIVITY_STG_CURR,dbo,CTSAZSIMIBCAPPS2.INSO1A101C37461FA.DATABASE.WINDOWS.NET,CentralRepository,dbo
ctsazsimicrsmas.inso1a101c37461fa.database.windows.net,EDS_BC_Trans_Bcapps2_PUB,CentralRepository_Department_TreeMaster_MIG,dbo,CTSAZSIMIBCAPPS2.INSO1A101C37461FA.DATABASE.WINDOWS.NET,CentralRepository,dbo
ctsazsimicrsmas.inso1a101c37461fa.database.windows.net,EDS_BC_Trans_Bcapps2_PUB,CentralRepository_JOB_Reference_MIG,dbo,CTSAZSIMIBCAPPS2.INSO1A101C37461FA.DATABASE.WINDOWS.NET,CentralRepository,dbo
ctsazsimicrsmas.inso1a101c37461fa.database.windows.net,EDS_BC_Trans_Bcapps2_PUB,DataRetention_AssociateRetentionRecord_STG_CURR,dbo,CTSAZSIMIBCAPPS2.INSO1A101C37461FA.DATABASE.WINDOWS.NET,CentralRepository,dbo
ctsazsimicrsmas.inso1a101c37461fa.database.windows.net,EDS_BC_Trans_Bcapps2_PUB,HCM_PF_Associate_Skills_STG_CURR,dbo,CTSAZSIMIBCAPPS2.INSO1A101C37461FA.DATABASE.WINDOWS.NET,CentralRepository,dbo
ctsazsimicrsmas.inso1a101c37461fa.database.windows.net,EDS_BC_Trans_Bcapps2_PUB,ESA_PS_PROJ_ACTIVITY_STG_CURR,dbo,CTSAZSIMIBCAPPS2.INSO1A101C37461FA.DATABASE.WINDOWS.NET,CentralRepository,dbo
ctsazsimicrsmas.inso1a101c37461fa.database.windows.net,EDS_BC_Trans_Bcapps2_PUB,SHAPSHOT_KIRN_Test1,dbo,CTSAZSIMIBCAPPS2.INSO1A101C37461FA.DATABASE.WINDOWS.NET,CentralRepository,dbo
ctsazsimicrsmas.inso1a101c37461fa.database.windows.net,EDS_BC_Trans_Bcapps2_PUB,CentralRepository_ESA_ContractorTimecardDetail_MIG,dbo,CTSAZSIMIBCAPPS2.INSO1A101C37461FA.DATABASE.WINDOWS.NET,CentralRepository,dbo
ctsazsimicrsmas.inso1a101c37461fa.database.windows.net,EDS_BC_Trans_Bcapps2_PUB,CentralRepository_ESA_JobData_MIG,dbo,CTSAZSIMIBCAPPS2.INSO1A101C37461FA.DATABASE.WINDOWS.NET,CentralRepository,dbo
ctsazsimicrsmas.inso1a101c37461fa.database.windows.net,EDS_BC_Trans_Bcapps2_PUB,CentralRepository_HCM_RTBmember_MIG,dbo,CTSAZSIMIBCAPPS2.INSO1A101C37461FA.DATABASE.WINDOWS.NET,CentralRepository,dbo
ctsazsimicrsmas.inso1a101c37461fa.database.windows.net,EDS_BC_Trans_Bcapps2_PUB,CentralRepository_Talview_Techios_Applicantskills_EDS,dbo,CTSAZSIMIBCAPPS2.INSO1A101C37461FA.DATABASE.WINDOWS.NET,CentralRepository,dbo
ctsazsimicrsmas.inso1a101c37461fa.database.windows.net,EDS_BC_Trans_Bcapps2_PUB,TMP_vw_TMP_CRS_Proposal_Details_STG_CURR,dbo,CTSAZSIMIBCAPPS2.INSO1A101C37461FA.DATABASE.WINDOWS.NET,CentralRepository,dbo
ctsazsimicrsmas.inso1a101c37461fa.database.windows.net,EDS_BC_Trans_Bcapps2_PUB,CHire_CandidateRequisitionMapping_STG_CURR,dbo,CTSAZSIMIBCAPPS2.INSO1A101C37461FA.DATABASE.WINDOWS.NET,CentralRepository,dbo
ctsazsimicrsmas.inso1a101c37461fa.database.windows.net,EDS_BC_Trans_Bcapps2_PUB,SFDC_Opportunity_STG_CURR,dbo,CTSAZSIMIBCAPPS2.INSO1A101C37461FA.DATABASE.WINDOWS.NET,CentralRepository,dbo
ctsazsimicrsmas.inso1a101c37461fa.database.windows.net,EDS_BC_Trans_Bcapps3_PUB,CentralRepository_JOB_Reference_MIG,dbo,CTSAZMIBCAPPS3.293366D454BB.DATABASE.WINDOWS.NET,CentralRepository,dbo
ctsazsimicrsmas.inso1a101c37461fa.database.windows.net,EDS_BC_Trans_Bcapps3_PUB,SFDC_Opportunity_STG_CURR,dbo,CTSAZMIBCAPPS3.293366D454BB.DATABASE.WINDOWS.NET,CentralRepository,dbo
ctsazsimicrsmas.inso1a101c37461fa.database.windows.net,EDS_BC_Trans_Bcapps3_PUB,ESA_PS_CTS_IN_ITM_STG_STG_CURR,dbo,CTSAZMIBCAPPS3.293366D454BB.DATABASE.WINDOWS.NET,CentralRepository,dbo
ctsazsimicrsmas.inso1a101c37461fa.database.windows.net,EDS_BC_Trans_Bcapps3_PUB,SHAPSHOT_KIRN_Test1,dbo,CTSAZMIBCAPPS3.293366D454BB.DATABASE.WINDOWS.NET,CentralRepository,dbo
ctsazsimicrsmas.inso1a101c37461fa.database.windows.net,EDS_BC_Trans_Onprem4533_PUB,CentralRepository_RHMS_VerticalHierarchyEntityGrouping_MIG,dbo,10.142.196.148,CentralRepository,dbo
ctsazsimicrsmas.inso1a101c37461fa.database.windows.net,EDS_BC_Trans_Onprem4533_PUB,ESA_PS_CTPC_PRJSTS_TBL_STG_CURR,dbo,10.142.196.148,CentralRepository,dbo
ctsazsimicrsmas.inso1a101c37461fa.database.windows.net,EDS_BC_Trans_Onprem4533_PUB,RHMS_tbl_EDS_BUHierarchyEntityGrouping_STG_CURR,dbo,10.142.196.148,CentralRepository,dbo
ctsazsimicrsmas.inso1a101c37461fa.database.windows.net,EDS_BC_Trans_Onprem4533_PUB,SHAPSHOT_KIRN_Test1,dbo,10.142.196.148,CentralRepository,dbo
ctsazsimicrsmas.inso1a101c37461fa.database.windows.net,EDS_BC_Trans_Onprem4533_PUB,CentralRepository_Action_Reason_MIG,dbo,10.142.196.148,CentralRepository,dbo
ctsazsimicrsmas.inso1a101c37461fa.database.windows.net,EDS_BC_Trans_Onprem4533_PUB,HCM_PS_CT_STATE_TBL_VW_CRS_STG_CURR,dbo,10.142.196.148,CentralRepository,dbo
ctsazsimicrsmas.inso1a101c37461fa.database.windows.net,EDS_BC_Trans_Onprem4533_PUB,RHMS_tbl_EDS_BUVerticalEntityMasterData_STG_CURR,dbo,10.142.196.148,CentralRepository,dbo
ctsazsimicrsmas.inso1a101c37461fa.database.windows.net,EDS_BC_Trans_Onprem4533_PUB,CentralRepository_Associate_Details_History_MIG,dbo,10.142.196.148,CentralRepository,dbo
ctsazsimicrsmas.inso1a101c37461fa.database.windows.net,EDS_BC_Trans_Onprem4533_PUB,CentralRepository_DepartmentVerticalMapping_EDS,dbo,10.142.196.148,CentralRepository,dbo
ctsazsimicrsmas.inso1a101c37461fa.database.windows.net,EDS_BC_Trans_Onprem4533_PUB,CentralRepository_Grade_Master_MIG,dbo,10.142.196.148,CentralRepository,dbo
ctsazsimicrsmas.inso1a101c37461fa.database.windows.net,EDS_BC_Trans_Onprem4533_PUB,CentralRepository_GSMS_AssociateSeatInfo_MIG,dbo,10.142.196.148,CentralRepository,dbo
ctsazsimicrsmas.inso1a101c37461fa.database.windows.net,EDS_BC_Trans_Onprem4533_PUB,CentralRepository_HCMLocation_MIG,dbo,10.142.196.148,CentralRepository,dbo
ctsazsimicrsmas.inso1a101c37461fa.database.windows.net,EDS_BC_Trans_Onprem4533_PUB,CentralRepository_Horizontal_Manager_Mig,dbo,10.142.196.148,CentralRepository,dbo
ctsazsimicrsmas.inso1a101c37461fa.database.windows.net,EDS_BC_Trans_Onprem4533_PUB,CentralRepository_JobFamilyMaster_MIG,dbo,10.142.196.148,CentralRepository,dbo
ctsazsimicrsmas.inso1a101c37461fa.database.windows.net,EDS_BC_Trans_Onprem4533_PUB,CentralRepository_Project_Location_MIG,dbo,10.142.196.148,CentralRepository,dbo
ctsazsimicrsmas.inso1a101c37461fa.database.windows.net,EDS_BC_Trans_Onprem4533_PUB,CentralRepository_Project_MIG,dbo,10.142.196.148,CentralRepository,dbo
ctsazsimicrsmas.inso1a101c37461fa.database.windows.net,EDS_BC_Trans_Onprem4533_PUB,CentralRepository_RHMS_RoleDetails_MIG,dbo,10.142.196.148,CentralRepository,dbo
ctsazsimicrsmas.inso1a101c37461fa.database.windows.net,EDS_BC_Trans_Onprem4533_PUB,CentralRepository_SelfUpdateContacts_MIG,dbo,10.142.196.148,CentralRepository,dbo
ctsazsimicrsmas.inso1a101c37461fa.database.windows.net,EDS_BC_Trans_Onprem4533_PUB,CentralRepository_Set_ProjectStatus_MIG,dbo,10.142.196.148,CentralRepository,dbo
ctsazsimicrsmas.inso1a101c37461fa.database.windows.net,EDS_BC_Trans_Onprem4533_PUB,DataRetention_AssociateRetentionRecord_STG_CURR,dbo,10.142.196.148,CentralRepository,dbo
ctsazsimicrsmas.inso1a101c37461fa.database.windows.net,EDS_BC_Trans_Onprem4533_PUB,DataRetention_RegionDataRetentionRule_STG_CURR,dbo,10.142.196.148,CentralRepository,dbo
ctsazsimicrsmas.inso1a101c37461fa.database.windows.net,EDS_BC_Trans_Onprem4533_PUB,ESA_PS_CTS_PRACTIC_TBL_STG_CURR,dbo,10.142.196.148,CentralRepository,dbo
ctsazsimicrsmas.inso1a101c37461fa.database.windows.net,EDS_BC_Trans_Onprem4533_PUB,ESA_PS_PROJECT_MGR_STG_CURR,dbo,10.142.196.148,CentralRepository,dbo
ctsazsimicrsmas.inso1a101c37461fa.database.windows.net,EDS_BC_Trans_Onprem4533_PUB,HCM_PF_Associate_Skills_STG_CURR,dbo,10.142.196.148,CentralRepository,dbo
ctsazsimicrsmas.inso1a101c37461fa.database.windows.net,EDS_BC_Trans_Onprem4533_PUB,HCM_PF_ParentChildMapping_STG_CURR_MIG,dbo,10.142.196.148,CentralRepository,dbo
ctsazsimicrsmas.inso1a101c37461fa.database.windows.net,EDS_BC_Trans_Onprem4533_PUB,HCM_PF_SKILL_CAT_ITEMS_STG_CURR_MIG,dbo,10.142.196.148,CentralRepository,dbo
ctsazsimicrsmas.inso1a101c37461fa.database.windows.net,EDS_BC_Trans_Onprem4533_PUB,HCM_PS_COUNTRY_TBL_STG_CURR,dbo,10.142.196.148,CentralRepository,dbo
ctsazsimicrsmas.inso1a101c37461fa.database.windows.net,EDS_BC_Trans_Onprem4533_PUB,HCM_PS_DEPT_TBL_STG_CURR,dbo,10.142.196.148,CentralRepository,dbo
ctsazsimicrsmas.inso1a101c37461fa.database.windows.net,EDS_BC_Trans_Onprem4533_PUB,HCM_PS_JOBCODE_TBL_STG_CURR,dbo,10.142.196.148,CentralRepository,dbo
ctsazsimicrsmas.inso1a101c37461fa.database.windows.net,EDS_BC_Trans_Onprem4533_PUB,RHMS_tbl_EDS_RoleMaster_STG_CURR,dbo,10.142.196.148,CentralRepository,dbo
ctsazsimicrsmas.inso1a101c37461fa.database.windows.net,EDS_BC_Trans_Onprem4533_PUB,SFDC_Financial_Ultimate_Parent_Account_STG_CURR,dbo,10.142.196.148,CentralRepository,dbo
ctsazsimicrsmas.inso1a101c37461fa.database.windows.net,EDS_BC_Trans_Onprem4533_PUB,CentralRepository_ESA_Allocation_MIG,dbo,10.142.196.148,CentralRepository,dbo
ctsazsimicrsmas.inso1a101c37461fa.database.windows.net,EDS_BC_Trans_Onprem4533_PUB,DataRetention_AssociateRegionRecord_STG_CURR,dbo,10.142.196.148,CentralRepository,dbo
ctsazsimicrsmas.inso1a101c37461fa.database.windows.net,EDS_BC_Trans_Onprem4533_PUB,DataRetention_PurgeHold_STG_CURR,dbo,10.142.196.148,CentralRepository,dbo
ctsazsimicrsmas.inso1a101c37461fa.database.windows.net,EDS_BC_Trans_Onprem4533_PUB,DATARETENTION_VW_ASSOCIATE_LAST_PAYOUT_DETAILS_STG_CURR,dbo,10.142.196.148,CentralRepository,dbo
ctsazsimicrsmas.inso1a101c37461fa.database.windows.net,EDS_BC_Trans_Onprem4533_PUB,DATARETENTION_VW_COGNIZANT_ASSOCIATE_DETAILS_STG_CURR,dbo,10.142.196.148,CentralRepository,dbo
ctsazsimicrsmas.inso1a101c37461fa.database.windows.net,EDS_BC_Trans_Onprem4533_PUB,DATARETENTION_VW_COGNIZANT_CANDIDATE_DETAILS_STG_CURR,dbo,10.142.196.148,CentralRepository,dbo
ctsazsimicrsmas.inso1a101c37461fa.database.windows.net,EDS_BC_Trans_Onprem4533_PUB,DataRetention_vw_Ref_Region_FY_stg_curr,dbo,10.142.196.148,CentralRepository,dbo
ctsazsimicrsmas.inso1a101c37461fa.database.windows.net,EDS_BC_Trans_Onprem4533_PUB,DataRetention_VW_RETENTION_SCHEDULE_BUSINESSLOGIC_STG_CURR,dbo,10.142.196.148,CentralRepository,dbo
ctsazsimicrsmas.inso1a101c37461fa.database.windows.net,EDS_BC_Trans_Onprem4533_PUB,DATARETENTION_VW_TRAVEL_HISTORY_STG_CURR,dbo,10.142.196.148,CentralRepository,dbo
ctsazsimicrsmas.inso1a101c37461fa.database.windows.net,EDS_BC_Trans_Onprem4533_PUB,SFDC_Account_STG_CURR,dbo,10.142.196.148,CentralRepository,dbo
ctsazsimicrsmas.inso1a101c37461fa.database.windows.net,EDS_BC_Trans_Onprem4582_PUB,SFDC_Account_STG_CURR,dbo,10.142.196.151,CentralRepository,dbo
ctsazsimicrsmas.inso1a101c37461fa.database.windows.net,EDS_BC_Trans_Onprem4582_PUB,CentralRepository_Associate_Details_MIG,dbo,10.142.196.151,CentralRepository,dbo
ctsazsimicrsmas.inso1a101c37461fa.database.windows.net,EDS_BC_Trans_Onprem4582_PUB,CentralRepository_AssociateAddress_MIG,dbo,10.142.196.151,CentralRepository,dbo
ctsazsimicrsmas.inso1a101c37461fa.database.windows.net,EDS_BC_Trans_Onprem4582_PUB,CentralRepository_Contacts_MIG,dbo,10.142.196.151,CentralRepository,dbo
ctsazsimicrsmas.inso1a101c37461fa.database.windows.net,EDS_BC_Trans_Onprem4582_PUB,CentralRepository_DepartmentVerticalMapping_EDS,dbo,10.142.196.151,CentralRepository,dbo
ctsazsimicrsmas.inso1a101c37461fa.database.windows.net,EDS_BC_Trans_Onprem4582_PUB,CentralRepository_Email_Address_MIG,dbo,10.142.196.151,CentralRepository,dbo
ctsazsimicrsmas.inso1a101c37461fa.database.windows.net,EDS_BC_Trans_Onprem4582_PUB,CentralRepository_GSMS_AssociateSeatInfo_MIG,dbo,10.142.196.151,CentralRepository,dbo
ctsazsimicrsmas.inso1a101c37461fa.database.windows.net,EDS_BC_Trans_Onprem4582_PUB,CentralRepository_HCMLocation_MIG,dbo,10.142.196.151,CentralRepository,dbo
ctsazsimicrsmas.inso1a101c37461fa.database.windows.net,EDS_BC_Trans_Onprem4582_PUB,CentralRepository_JOB_Reference_MIG,dbo,10.142.196.151,CentralRepository,dbo
ctsazsimicrsmas.inso1a101c37461fa.database.windows.net,EDS_BC_Trans_Onprem4582_PUB,CentralRepository_JobFamilyMaster_MIG,dbo,10.142.196.151,CentralRepository,dbo
ctsazsimicrsmas.inso1a101c37461fa.database.windows.net,EDS_BC_Trans_Onprem4582_PUB,CentralRepository_PassportDetails_MIG,dbo,10.142.196.151,CentralRepository,dbo
ctsazsimicrsmas.inso1a101c37461fa.database.windows.net,EDS_BC_Trans_Onprem4582_PUB,CentralRepository_Project_MIG,dbo,10.142.196.151,CentralRepository,dbo
ctsazsimicrsmas.inso1a101c37461fa.database.windows.net,EDS_BC_Trans_Onprem4582_PUB,CentralRepository_RHMS_RoleDetails_MIG,dbo,10.142.196.151,CentralRepository,dbo
ctsazsimicrsmas.inso1a101c37461fa.database.windows.net,EDS_BC_Trans_Onprem4582_PUB,CentralRepository_SelfUpdateContacts_MIG,dbo,10.142.196.151,CentralRepository,dbo
ctsazsimicrsmas.inso1a101c37461fa.database.windows.net,EDS_BC_Trans_Onprem4582_PUB,CentralRepository_Set_ProjectStatus_MIG,dbo,10.142.196.151,CentralRepository,dbo
ctsazsimicrsmas.inso1a101c37461fa.database.windows.net,EDS_BC_Trans_Onprem4582_PUB,DataRetention_AssociateRetentionRecord_STG_CURR,dbo,10.142.196.151,CentralRepository,dbo
ctsazsimicrsmas.inso1a101c37461fa.database.windows.net,EDS_BC_Trans_Onprem4582_PUB,DataRetention_RegionDataRetentionRule_STG_CURR,dbo,10.142.196.151,CentralRepository,dbo
ctsazsimicrsmas.inso1a101c37461fa.database.windows.net,EDS_BC_Trans_Onprem4582_PUB,ESA_PS_CTS_PC_SS_DELG_STG_CURR,dbo,10.142.196.151,CentralRepository,dbo
ctsazsimicrsmas.inso1a101c37461fa.database.windows.net,EDS_BC_Trans_Onprem4582_PUB,ESA_PS_PROJECT_MGR_STG_CURR,dbo,10.142.196.151,CentralRepository,dbo
ctsazsimicrsmas.inso1a101c37461fa.database.windows.net,EDS_BC_Trans_Onprem4582_PUB,HCM_PF_Associate_Skills_STG_CURR,dbo,10.142.196.151,CentralRepository,dbo
ctsazsimicrsmas.inso1a101c37461fa.database.windows.net,EDS_BC_Trans_Onprem4582_PUB,HCM_PF_ParentChildMapping_STG_CURR_MIG,dbo,10.142.196.151,CentralRepository,dbo
ctsazsimicrsmas.inso1a101c37461fa.database.windows.net,EDS_BC_Trans_Onprem4582_PUB,HCM_PF_SKILL_CAT_ITEMS_STG_CURR_MIG,dbo,10.142.196.151,CentralRepository,dbo
ctsazsimicrsmas.inso1a101c37461fa.database.windows.net,EDS_BC_Trans_Onprem4582_PUB,HCM_PS_COUNTRY_TBL_STG_CURR,dbo,10.142.196.151,CentralRepository,dbo
ctsazsimicrsmas.inso1a101c37461fa.database.windows.net,EDS_BC_Trans_Onprem4582_PUB,HCM_PS_CT_TM_TBL_GBL_STG_CURR,dbo,10.142.196.151,CentralRepository,dbo
ctsazsimicrsmas.inso1a101c37461fa.database.windows.net,EDS_BC_Trans_Onprem4582_PUB,HCM_PS_DEPT_TBL_STG_CURR,dbo,10.142.196.151,CentralRepository,dbo
ctsazsimicrsmas.inso1a101c37461fa.database.windows.net,EDS_BC_Trans_Onprem4582_PUB,HCM_PS_JOBCODE_TBL_STG_CURR,dbo,10.142.196.151,CentralRepository,dbo
ctsazsimicrsmas.inso1a101c37461fa.database.windows.net,EDS_BC_Trans_Onprem4582_PUB,LM_vw_LocationMaster_STG_CURR,dbo,10.142.196.151,CentralRepository,dbo
ctsazsimicrsmas.inso1a101c37461fa.database.windows.net,EDS_BC_Trans_Onprem4582_PUB,CentralRepository_GSMS_Master_MIG,dbo,10.142.196.151,CentralRepository,dbo
ctsazsimicrsmas.inso1a101c37461fa.database.windows.net,EDS_BC_Trans_Onprem4582_PUB,CentralRepository_ESA_ProjectSupervisor_MIG,dbo,10.142.196.151,CentralRepository,dbo
ctsazsimicrsmas.inso1a101c37461fa.database.windows.net,EDS_BC_Trans_Onprem4582_PUB,DataRetention_AssociateRegionRecord_STG_CURR,dbo,10.142.196.151,CentralRepository,dbo
ctsazsimicrsmas.inso1a101c37461fa.database.windows.net,EDS_BC_Trans_Onprem4582_PUB,DataRetention_PurgeHold_STG_CURR,dbo,10.142.196.151,CentralRepository,dbo
ctsazsimicrsmas.inso1a101c37461fa.database.windows.net,EDS_BC_Trans_Onprem4582_PUB,DATARETENTION_VW_ASSOCIATE_LAST_PAYOUT_DETAILS_STG_CURR,dbo,10.142.196.151,CentralRepository,dbo
ctsazsimicrsmas.inso1a101c37461fa.database.windows.net,EDS_BC_Trans_Onprem4582_PUB,DATARETENTION_VW_COGNIZANT_ASSOCIATE_DETAILS_STG_CURR,dbo,10.142.196.151,CentralRepository,dbo
ctsazsimicrsmas.inso1a101c37461fa.database.windows.net,EDS_BC_Trans_Onprem4582_PUB,DATARETENTION_VW_COGNIZANT_CANDIDATE_DETAILS_STG_CURR,dbo,10.142.196.151,CentralRepository,dbo
ctsazsimicrsmas.inso1a101c37461fa.database.windows.net,EDS_BC_Trans_Onprem4582_PUB,DataRetention_vw_Ref_Region_FY_stg_curr,dbo,10.142.196.151,CentralRepository,dbo
ctsazsimicrsmas.inso1a101c37461fa.database.windows.net,EDS_BC_Trans_Onprem4582_PUB,DataRetention_VW_RETENTION_SCHEDULE_BUSINESSLOGIC_STG_CURR,dbo,10.142.196.151,CentralRepository,dbo
ctsazsimicrsmas.inso1a101c37461fa.database.windows.net,EDS_BC_Trans_Onprem4582_PUB,DATARETENTION_VW_TRAVEL_HISTORY_STG_CURR,dbo,10.142.196.151,CentralRepository,dbo
ctsazsimicrsmas.inso1a101c37461fa.database.windows.net,EDS_BC_Trans_Onprem4582_PUB,HCM_PS_CT_DEPT_TYPE_STG_CURR,dbo,10.142.196.151,CentralRepository,dbo
ctsazsimicrsmas.inso1a101c37461fa.database.windows.net,EDS_BC_Trans_Onprem4582_PUB,HCM_PS_CT_ODC_EMPL_TBL_STG_CURR,dbo,10.142.196.151,CentralRepository,dbo
ctsazsimicrsmas.inso1a101c37461fa.database.windows.net,EDS_BC_Trans_Onprem4582_PUB,HCM_PS_CT_STATE_TBL_VW_CRS_STG_CURR,dbo,10.142.196.151,CentralRepository,dbo
ctsazsimicrsmas.inso1a101c37461fa.database.windows.net,EDS_BC_Trans_Onprem4582_PUB,HCM_PS_PERS_NID_STG_CURR,dbo,10.142.196.151,CentralRepository,dbo
ctsazsimicrsmas.inso1a101c37461fa.database.windows.net,EDS_BC_Trans_Onprem4582_PUB,SHAPSHOT_KIRN_Test1,dbo,10.142.196.151,CentralRepository,dbo
ctsazsimicrsmas.inso1a101c37461fa.database.windows.net,EDS_BC_Trans_Onprem4582_PUB,CentralRepository_ESA_Allocation_MIG,dbo,10.142.196.151,CentralRepository,dbo
ctsazsimicrsmas.inso1a101c37461fa.database.windows.net,EDS_BC_Trans_Onprem4582_PUB,ESA_PS_CTPC_PRJSTS_TBL_STG_CURR,dbo,10.142.196.151,CentralRepository,dbo
ctsazsimicrsmas.inso1a101c37461fa.database.windows.net,EDS_BC_Trans_Onprem4582_PUB,HCM_PS_CT_ODC_TM_TBL_STG_CURR,dbo,10.142.196.151,CentralRepository,dbo
ctsazsimicrsmas.inso1a101c37461fa.database.windows.net,EDS_BC_Trans_Onprem4582_PUB,HCM_PS_CT_OUTLOOK_STG_STG_CURR,dbo,10.142.196.151,CentralRepository,dbo
ctsazsimicrsmas.inso1a101c37461fa.database.windows.net,EDS_BC_Trans_Onprem4582_PUB,HCM_PS_CT_SECFAC_STG_STG_CURR,dbo,10.142.196.151,CentralRepository,dbo
ctsazsimicrsmas.inso1a101c37461fa.database.windows.net,EDS_BC_Trans_Onprem4582_PUB,HCM_PS_PERSONAL_PHONE_STG_CURR,dbo,10.142.196.151,CentralRepository,dbo
ctsazsimicrsmas.inso1a101c37461fa.database.windows.net,EDS_BC_Trans_PGN_PUB,CentralRepository_Billing_Details_Mig,dbo,CTSAZSIMIPGN.INSO1A101C37461FA.DATABASE.WINDOWS.NET,CentralRepository,dbo
ctsazsimicrsmas.inso1a101c37461fa.database.windows.net,EDS_BC_Trans_PGN_PUB,SHAPSHOT_KIRN_Test1,dbo,CTSAZSIMIPGN.INSO1A101C37461FA.DATABASE.WINDOWS.NET,CentralRepository,dbo
ctsazsimicrsmas.inso1a101c37461fa.database.windows.net,EDS_BC_Trans_PGN_PUB,DataRetention_AssociateRegionRecord_STG_CURR,dbo,CTSAZSIMIPGN.INSO1A101C37461FA.DATABASE.WINDOWS.NET,CentralRepository,dbo
ctsazsimicrsmas.inso1a101c37461fa.database.windows.net,EDS_BC_Trans_PGN_PUB,CentralRepository_EAM_Leavedata_MIG,dbo,CTSAZSIMIPGN.INSO1A101C37461FA.DATABASE.WINDOWS.NET,CentralRepository,dbo
ctsazsimicrsmas.inso1a101c37461fa.database.windows.net,EDS_BC_Trans_PGN_PUB,CentralRepository_JOB_Reference_MIG,dbo,CTSAZSIMIPGN.INSO1A101C37461FA.DATABASE.WINDOWS.NET,CentralRepository,dbo
ctsazsimicrsmas.inso1a101c37461fa.database.windows.net,EDS_BC_Trans_PGN_PUB,CentralRepository_Department_TreeMaster_MIG,dbo,CTSAZSIMIPGN.INSO1A101C37461FA.DATABASE.WINDOWS.NET,CentralRepository,dbo
ctsazsimicrsmas.inso1a101c37461fa.database.windows.net,EDS_BC_Trans_PGN_PUB,DataRetention_AssociateRetentionRecord_STG_CURR,dbo,CTSAZSIMIPGN.INSO1A101C37461FA.DATABASE.WINDOWS.NET,CentralRepository,dbo
ctsazsimicrsmas.inso1a101c37461fa.database.windows.net,EDS_BC_Trans_PGN_PUB,HCM_PF_Associate_Skills_STG_CURR,dbo,CTSAZSIMIPGN.INSO1A101C37461FA.DATABASE.WINDOWS.NET,CentralRepository,dbo
ctsazsimicrsmas.inso1a101c37461fa.database.windows.net,EDS_BC_Trans_PGN_PUB,SFDC_Opportunity_STG_CURR,dbo,CTSAZSIMIPGN.INSO1A101C37461FA.DATABASE.WINDOWS.NET,CentralRepository,dbo
ctsazsimicrsmas.inso1a101c37461fa.database.windows.net,EDS_BC_Trans_PST_PUB,SFDC_Opportunity_STG_CURR,dbo,CTSAZSIMIPST.INSO1A101C37461FA.DATABASE.WINDOWS.NET,CentralRepository,dbo
ctsazsimicrsmas.inso1a101c37461fa.database.windows.net,EDS_BC_Trans_PST_PUB,CentralRepository_EAM_Leavedata_MIG,dbo,CTSAZSIMIPST.INSO1A101C37461FA.DATABASE.WINDOWS.NET,CentralRepository,dbo
ctsazsimicrsmas.inso1a101c37461fa.database.windows.net,EDS_BC_Trans_PST_PUB,CentralRepository_JOB_Reference_MIG,dbo,CTSAZSIMIPST.INSO1A101C37461FA.DATABASE.WINDOWS.NET,CentralRepository,dbo
ctsazsimicrsmas.inso1a101c37461fa.database.windows.net,EDS_BC_Trans_PST_PUB,DataRetention_AssociateRetentionRecord_STG_CURR,dbo,CTSAZSIMIPST.INSO1A101C37461FA.DATABASE.WINDOWS.NET,CentralRepository,dbo
ctsazsimicrsmas.inso1a101c37461fa.database.windows.net,EDS_BC_Trans_PST_PUB,HCM_PF_Associate_Skills_STG_CURR,dbo,CTSAZSIMIPST.INSO1A101C37461FA.DATABASE.WINDOWS.NET,CentralRepository,dbo
ctsazsimicrsmas.inso1a101c37461fa.database.windows.net,EDS_BC_Trans_PST_PUB,DataRetention_AssociateRegionRecord_STG_CURR,dbo,CTSAZSIMIPST.INSO1A101C37461FA.DATABASE.WINDOWS.NET,CentralRepository,dbo
ctsazsimicrsmas.inso1a101c37461fa.database.windows.net,EDS_BC_Trans_PST_PUB,LMS_TBL_TMX_ACTIVITY_STG_CURR,dbo,CTSAZSIMIPST.INSO1A101C37461FA.DATABASE.WINDOWS.NET,CentralRepository,dbo
ctsazsimicrsmas.inso1a101c37461fa.database.windows.net,EDS_BC_Trans_PST_PUB,CentralRepository_Billing_Details_Mig,dbo,CTSAZSIMIPST.INSO1A101C37461FA.DATABASE.WINDOWS.NET,CentralRepository,dbo
ctsazsimicrsmas.inso1a101c37461fa.database.windows.net,EDS_BC_Trans_PST_PUB,DAS_FutureMonthDiscount_STG_CURR,dbo,CTSAZSIMIPST.INSO1A101C37461FA.DATABASE.WINDOWS.NET,CentralRepository,dbo
ctsazsimicrsmas.inso1a101c37461fa.database.windows.net,EDS_BC_Trans_PST_PUB,SHAPSHOT_KIRN_Test1,dbo,CTSAZSIMIPST.INSO1A101C37461FA.DATABASE.WINDOWS.NET,CentralRepository,dbo
ctsazsimicrsmas.inso1a101c37461fa.database.windows.net,EDS_BC_Trans_PTM_PUB,CentralRepository_HCM_RoleAttributes_MIG,dbo,CTSAZSIMIPTM.INSO1A101C37461FA.DATABASE.WINDOWS.NET,CentralRepository,dbo
ctsazsimicrsmas.inso1a101c37461fa.database.windows.net,EDS_BC_Trans_PTM_PUB,CHIRE_REQUISITIONDETAILS_STG_CURR,dbo,CTSAZSIMIPTM.INSO1A101C37461FA.DATABASE.WINDOWS.NET,CentralRepository,dbo
ctsazsimicrsmas.inso1a101c37461fa.database.windows.net,EDS_BC_Trans_PTM_PUB,CHire_CandidateRequisitionMapping_STG_CURR,dbo,CTSAZSIMIPTM.INSO1A101C37461FA.DATABASE.WINDOWS.NET,CentralRepository,dbo
ctsazsimicrsmas.inso1a101c37461fa.database.windows.net,EDS_BC_Trans_PTM_PUB,SHAPSHOT_KIRN_Test1,dbo,CTSAZSIMIPTM.INSO1A101C37461FA.DATABASE.WINDOWS.NET,CentralRepository,dbo
ctsazsimicrsmas.inso1a101c37461fa.database.windows.net,EDS_BC_Trans_PTM_PUB,CentralRepository_EAM_Current_bal_MIG,dbo,CTSAZSIMIPTM.INSO1A101C37461FA.DATABASE.WINDOWS.NET,CentralRepository,dbo
ctsazsimicrsmas.inso1a101c37461fa.database.windows.net,EDS_BC_Trans_PTM_PUB,CentralRepository_HCM_RTBmember_MIG,dbo,CTSAZSIMIPTM.INSO1A101C37461FA.DATABASE.WINDOWS.NET,CentralRepository,dbo
ctsazsimicrsmas.inso1a101c37461fa.database.windows.net,EDS_BC_Trans_PTM_PUB,DataRetention_AssociateRegionRecord_STG_CURR,dbo,CTSAZSIMIPTM.INSO1A101C37461FA.DATABASE.WINDOWS.NET,CentralRepository,dbo
ctsazsimicrsmas.inso1a101c37461fa.database.windows.net,EDS_BC_Trans_PTM_PUB,LMS_TBL_TMX_ACTIVITY_STG_CURR,dbo,CTSAZSIMIPTM.INSO1A101C37461FA.DATABASE.WINDOWS.NET,CentralRepository,dbo
ctsazsimicrsmas.inso1a101c37461fa.database.windows.net,EDS_BC_Trans_PTM_PUB,CentralRepository_EAM_Leavedata_MIG,dbo,CTSAZSIMIPTM.INSO1A101C37461FA.DATABASE.WINDOWS.NET,CentralRepository,dbo
ctsazsimicrsmas.inso1a101c37461fa.database.windows.net,EDS_BC_Trans_PTM_PUB,CentralRepository_JOB_Reference_MIG,dbo,CTSAZSIMIPTM.INSO1A101C37461FA.DATABASE.WINDOWS.NET,CentralRepository,dbo
ctsazsimicrsmas.inso1a101c37461fa.database.windows.net,EDS_BC_Trans_PTM_PUB,DataRetention_AssociateRetentionRecord_STG_CURR,dbo,CTSAZSIMIPTM.INSO1A101C37461FA.DATABASE.WINDOWS.NET,CentralRepository,dbo
ctsazsimicrsmas.inso1a101c37461fa.database.windows.net,EDS_BC_Trans_PTM_PUB,HCM_PF_Associate_Skills_STG_CURR,dbo,CTSAZSIMIPTM.INSO1A101C37461FA.DATABASE.WINDOWS.NET,CentralRepository,dbo
