SourceServer,Publication,Article,SourceSchema,Subscriber,DestinationDatabase,DestinationSchema
ctsinazprdedssqlmi.inso1a101c37461fa.database.windows.net,EDS_PRD_DEAPPS1_SNAP_PUB,MAINSPRING_VW_EDS_Workpackage_STG_CURR,EDS_CURR_STG,CTSAZSIMIPDDEAPPS1.293366D454BB.DATABASE.WINDOWS.NET,Centralrepository,dbo
ctsinazprdedssqlmi.inso1a101c37461fa.database.windows.net,EDS_PRD_DEAPPS1_SNAP_PUB,MYCNTRCT_MCContractDetails_STG_CURR,EDS_CURR_STG,CTSAZSIMIPDDEAPPS1.293366D454BB.DATABASE.WINDOWS.NET,Centralrepository,dbo
ctsinazprdedssqlmi.inso1a101c37461fa.database.windows.net,EDS_PRD_DEAPPS1_SNAP_PUB,ESA_PS_CTS_IN_PCSOL_VW_STG_CURR,EDS_CURR_STG,CTSAZSIMIPDDEAPPS1.293366D454BB.DATABASE.WINDOWS.NET,Centralrepository,dbo
ctsinazprdedssqlmi.inso1a101c37461fa.database.windows.net,EDS_PRD_DEAPPS1_SNAP_PUB,Mainspring_VW_EDS_Projectallocation_STG_CURR,EDS_CURR_STG,CTSAZSIMIPDDEAPPS1.293366D454BB.DATABASE.WINDOWS.NET,Centralrepository,dbo
ctsinazprdedssqlmi.inso1a101c37461fa.database.windows.net,EDS_PRD_DEAPPS1_SNAP_PUB,Mainspring_VW_EDS_Archetypeprojectdemographics_STG_CURR,EDS_CURR_STG,CTSAZSIMIPDDEAPPS1.293366D454BB.DATABASE.WINDOWS.NET,Centralrepository,dbo
ctsinazprdedssqlmi.inso1a101c37461fa.database.windows.net,EDS_PRD_DEAPPS1_SNAP_PUB,SFDC_Opportunity_Team_STG_CURR,EDS_CURR_STG,CTSAZSIMIPDDEAPPS1.293366D454BB.DATABASE.WINDOWS.NET,Centralrepository,dbo
ctsinazprdedssqlmi.inso1a101c37461fa.database.windows.net,EDS_PRD_DEAPPS1_SNAP_PUB,CentralRepository_RHMS_RoleDetails_MIG_TEMP,CRS_BASE_TBL,CTSAZSIMIPDDEAPPS1.293366D454BB.DATABASE.WINDOWS.NET,Centralrepository,dbo
ctsinazprdedssqlmi.inso1a101c37461fa.database.windows.net,EDS_PRD_DEAPPS1_SNAP_PUB,CentralRepository_Horizontal_Manager_Mig,CRS_BASE_TBL,CTSAZSIMIPDDEAPPS1.293366D454BB.DATABASE.WINDOWS.NET,Centralrepository,dbo
ctsinazprdedssqlmi.inso1a101c37461fa.database.windows.net,EDS_PRD_DEAPPS1_SNAP_PUB,MAINSPRING_VW_EDS_Milestone_STG_CURR,EDS_CURR_STG,CTSAZSIMIPDDEAPPS1.293366D454BB.DATABASE.WINDOWS.NET,Centralrepository,dbo
ctsinazprdedssqlmi.inso1a101c37461fa.database.windows.net,EDS_PRD_DEAPPS1_SNAP_PUB,ESA_PS_CTS_IN_PCSBU_VW_STG_CURR,EDS_CURR_STG,CTSAZSIMIPDDEAPPS1.293366D454BB.DATABASE.WINDOWS.NET,Centralrepository,dbo
ctsinazprdedssqlmi.inso1a101c37461fa.database.windows.net,EDS_PRD_DEAPPS1_SNAP_PUB,MYCNTRCT_MCContractCustomerProject_STG_CURR,EDS_CURR_STG,CTSAZSIMIPDDEAPPS1.293366D454BB.DATABASE.WINDOWS.NET,Centralrepository,dbo
ctsinazprdedssqlmi.inso1a101c37461fa.database.windows.net,EDS_PRD_DEAPPS1_SNAP_PUB,IC_TICPROJECTGRID_STG_CURR,EDS_CURR_STG,CTSAZSIMIPDDEAPPS1.293366D454BB.DATABASE.WINDOWS.NET,Centralrepository,dbo
ctsinazprdedssqlmi.inso1a101c37461fa.database.windows.net,EDS_PRD_DEAPPS1_SNAP_PUB,MAINSPRING_VW_EDS_No_risk_declaration_STG_CURR,EDS_CURR_STG,CTSAZSIMIPDDEAPPS1.293366D454BB.DATABASE.WINDOWS.NET,Centralrepository,dbo
ctsinazprdedssqlmi.inso1a101c37461fa.database.windows.net,EDS_PRD_DEAPPS1_SNAP_PUB,MAINSPRING_VW_EDS_ACTIONITEM_STG_CURR,EDS_CURR_STG,CTSAZSIMIPDDEAPPS1.293366D454BB.DATABASE.WINDOWS.NET,Centralrepository,dbo
ctsinazprdedssqlmi.inso1a101c37461fa.database.windows.net,EDS_PRD_DEAPPS1_SNAP_PUB,ESA_PS_CTS_PC_PRJ_TMPL_STG_CURR,EDS_CURR_STG,CTSAZSIMIPDDEAPPS1.293366D454BB.DATABASE.WINDOWS.NET,Centralrepository,dbo
ctsinazprdedssqlmi.inso1a101c37461fa.database.windows.net,EDS_PRD_DEAPPS1_SNAP_PUB,wise_WinzoneRFPSubmission_STG_CURR,EDS_CURR_STG,CTSAZSIMIPDDEAPPS1.293366D454BB.DATABASE.WINDOWS.NET,Centralrepository,dbo
ctsinazprdedssqlmi.inso1a101c37461fa.database.windows.net,EDS_PRD_DEAPPS1_SNAP_PUB,MAINSPRING_VW_EDS_changerequest_STG_CURR,EDS_CURR_STG,CTSAZSIMIPDDEAPPS1.293366D454BB.DATABASE.WINDOWS.NET,Centralrepository,dbo
ctsinazprdedssqlmi.inso1a101c37461fa.database.windows.net,EDS_PRD_DEAPPS1_SNAP_PUB,ESA_PS_PGM_APPLICATION_STG_CURR,EDS_CURR_STG,CTSAZSIMIPDDEAPPS1.293366D454BB.DATABASE.WINDOWS.NET,Centralrepository,dbo
ctsinazprdedssqlmi.inso1a101c37461fa.database.windows.net,EDS_PRD_DEAPPS1_SNAP_PUB,ESA_PS_PGM_APPLAREA_AC_STG_CURR,EDS_CURR_STG,CTSAZSIMIPDDEAPPS1.293366D454BB.DATABASE.WINDOWS.NET,Centralrepository,dbo
ctsinazprdedssqlmi.inso1a101c37461fa.database.windows.net,EDS_PRD_DEAPPS1_SNAP_PUB,MAINSPRING_VW_EDS_Programdemographics_STG_CURR,EDS_CURR_STG,CTSAZSIMIPDDEAPPS1.293366D454BB.DATABASE.WINDOWS.NET,Centralrepository,dbo
ctsinazprdedssqlmi.inso1a101c37461fa.database.windows.net,EDS_PRD_DEAPPS1_SNAP_PUB,HCM_PS_JOB_TASK_TBL_STG_CURR,EDS_CURR_STG,CTSAZSIMIPDDEAPPS1.293366D454BB.DATABASE.WINDOWS.NET,Centralrepository,dbo
ctsinazprdedssqlmi.inso1a101c37461fa.database.windows.net,EDS_PRD_DEAPPS1_SNAP_PUB,ESA_PROJECTOPPORTUNITYLINKAGE_STG_CURR,EDS_CURR_STG,CTSAZSIMIPDDEAPPS1.293366D454BB.DATABASE.WINDOWS.NET,Centralrepository,dbo
ctsinazprdedssqlmi.inso1a101c37461fa.database.windows.net,EDS_PRD_DEAPPS1_SNAP_PUB,SFDC_Account_Team_STG_CURR,EDS_CURR_STG,CTSAZSIMIPDDEAPPS1.293366D454BB.DATABASE.WINDOWS.NET,Centralrepository,dbo
ctsinazprdedssqlmi.inso1a101c37461fa.database.windows.net,EDS_PRD_DEAPPS1_SNAP_PUB,SFDC_Opp_Serv_Line_Item_STG_CURR,EDS_CURR_STG,CTSAZSIMIPDDEAPPS1.293366D454BB.DATABASE.WINDOWS.NET,Centralrepository,dbo
ctsinazprdedssqlmi.inso1a101c37461fa.database.windows.net,EDS_PRD_DEAPPS1_SNAP_PUB,RHMS_tbl_EDS_BUVerticalEntityMasterData_STG_CURR,EDS_CURR_STG,CTSAZSIMIPDDEAPPS1.293366D454BB.DATABASE.WINDOWS.NET,Centralrepository,dbo
ctsinazprdedssqlmi.inso1a101c37461fa.database.windows.net,EDS_PRD_DEAPPS1_SNAP_PUB,CentralRepository_RHMS_PracticeArea_Master_MIG,CRS_BASE_TBL,CTSAZSIMIPDDEAPPS1.293366D454BB.DATABASE.WINDOWS.NET,Centralrepository,dbo
ctsinazprdedssqlmi.inso1a101c37461fa.database.windows.net,EDS_PRD_DEAPPS1_SNAP_PUB,CentralRepository_HCM_CCA_Roles_MIG,CRS_BASE_TBL,CTSAZSIMIPDDEAPPS1.293366D454BB.DATABASE.WINDOWS.NET,Centralrepository,dbo
ctsinazprdedssqlmi.inso1a101c37461fa.database.windows.net,EDS_PRD_DEAPPS1_SNAP_PUB,CentralRepository_RHMS_VerticalHierarchyEntityGrouping_MIG,CRS_BASE_TBL,CTSAZSIMIPDDEAPPS1.293366D454BB.DATABASE.WINDOWS.NET,Centralrepository,dbo
ctsinazprdedssqlmi.inso1a101c37461fa.database.windows.net,EDS_PRD_DEAPPS1_SNAP_PUB,RHMS_tbl_EDS_HorizontalToSLPA_Mapping_STG_CURR,EDS_CURR_STG,CTSAZSIMIPDDEAPPS1.293366D454BB.DATABASE.WINDOWS.NET,Centralrepository,dbo
ctsinazprdedssqlmi.inso1a101c37461fa.database.windows.net,EDS_PRD_DEAPPS1_SNAP_PUB,CentralRepository_RHMS_IndustrySegment_MIG,CRS_BASE_TBL,CTSAZSIMIPDDEAPPS1.293366D454BB.DATABASE.WINDOWS.NET,Centralrepository,dbo
ctsinazprdedssqlmi.inso1a101c37461fa.database.windows.net,EDS_PRD_DEAPPS1_SNAP_PUB,MAINSPRING_VW_EDS_DeliveryGovernance_STG_CURR,EDS_CURR_STG,CTSAZSIMIPDDEAPPS1.293366D454BB.DATABASE.WINDOWS.NET,Centralrepository,dbo
ctsinazprdedssqlmi.inso1a101c37461fa.database.windows.net,EDS_PRD_DEAPPS1_SNAP_PUB,CentralRepository_RHMS_ServiceLine_Master_MIG,CRS_BASE_TBL,CTSAZSIMIPDDEAPPS1.293366D454BB.DATABASE.WINDOWS.NET,Centralrepository,dbo
ctsinazprdedssqlmi.inso1a101c37461fa.database.windows.net,EDS_PRD_DEAPPS1_SNAP_PUB,SFDC_User_STG_CURR,EDS_CURR_STG,CTSAZSIMIPDDEAPPS1.293366D454BB.DATABASE.WINDOWS.NET,Centralrepository,dbo
ctsinazprdedssqlmi.inso1a101c37461fa.database.windows.net,EDS_PRD_DEAPPS1_SNAP_PUB,SFDC_Product_STG_CURR,EDS_CURR_STG,CTSAZSIMIPDDEAPPS1.293366D454BB.DATABASE.WINDOWS.NET,Centralrepository,dbo
ctsinazprdedssqlmi.inso1a101c37461fa.database.windows.net,EDS_PRD_DEAPPS1_SNAP_PUB,RHMS_tbl_EDS_RoleMaster_STG_CURR,EDS_CURR_STG,CTSAZSIMIPDDEAPPS1.293366D454BB.DATABASE.WINDOWS.NET,Centralrepository,dbo
ctsinazprdedssqlmi.inso1a101c37461fa.database.windows.net,EDS_PRD_DEAPPS1_SNAP_PUB,CentralRepository_Jobtask_MIG,CRS_BASE_TBL,CTSAZSIMIPDDEAPPS1.293366D454BB.DATABASE.WINDOWS.NET,Centralrepository,dbo
ctsinazprdedssqlmi.inso1a101c37461fa.database.windows.net,EDS_PRD_DEAPPS1_SNAP_PUB,SFDC_OpportunityLineItem_STG_CURR,EDS_CURR_STG,CTSAZSIMIPDDEAPPS1.293366D454BB.DATABASE.WINDOWS.NET,Centralrepository,dbo
ctsinazprdedssqlmi.inso1a101c37461fa.database.windows.net,EDS_PRD_DEAPPS1_SNAP_PUB,HCM_PS_CT_DEPT_TYPE_STG_CURR,EDS_CURR_STG,CTSAZSIMIPDDEAPPS1.293366D454BB.DATABASE.WINDOWS.NET,Centralrepository,dbo
ctsinazprdedssqlmi.inso1a101c37461fa.database.windows.net,EDS_PRD_DEAPPS1_SNAP_PUB,Mainspring_VW_EDS_PMPL_STG_CURR,EDS_CURR_STG,CTSAZSIMIPDDEAPPS1.293366D454BB.DATABASE.WINDOWS.NET,Centralrepository,dbo
ctsinazprdedssqlmi.inso1a101c37461fa.database.windows.net,EDS_PRD_DEAPPS1_SNAP_PUB,ESA_PS_CTS_RM_RL_HSTRY_STG_CURR,EDS_CURR_STG,CTSAZSIMIPDDEAPPS1.293366D454BB.DATABASE.WINDOWS.NET,Centralrepository,dbo
ctsinazprdedssqlmi.inso1a101c37461fa.database.windows.net,EDS_PRD_DEAPPS1_SNAP_PUB,CentralRepository_ESA_Allocation_MIG,CRS_BASE_TBL,CTSAZSIMIPDDEAPPS1.293366D454BB.DATABASE.WINDOWS.NET,Centralrepository,dbo
ctsinazprdedssqlmi.inso1a101c37461fa.database.windows.net,EDS_PRD_DEAPPS1_SNAP_PUB,ESA_PS_CTPC_PRJARC_MAP_STG_CURR,EDS_CURR_STG,CTSAZSIMIPDDEAPPS1.293366D454BB.DATABASE.WINDOWS.NET,Centralrepository,dbo
ctsinazprdedssqlmi.inso1a101c37461fa.database.windows.net,EDS_PRD_DEAPPS1_SNAP_PUB,HCM_PF_Associate_Skills_STG_CURR,EDS_CURR_STG,CTSAZSIMIPDDEAPPS1.293366D454BB.DATABASE.WINDOWS.NET,Centralrepository,dbo
ctsinazprdedssqlmi.inso1a101c37461fa.database.windows.net,EDS_PRD_DEAPPS1_SNAP_PUB,DataRetention_AssociateRetentionRecord_STG_CURR,EDS_CURR_STG,CTSAZSIMIPDDEAPPS1.293366D454BB.DATABASE.WINDOWS.NET,Centralrepository,dbo
ctsinazprdedssqlmi.inso1a101c37461fa.database.windows.net,EDS_PRD_DEAPPS1_SNAP_PUB,HCM_PS_JOBCODE_TBL_STG_CURR,EDS_CURR_STG,CTSAZSIMIPDDEAPPS1.293366D454BB.DATABASE.WINDOWS.NET,Centralrepository,dbo
ctsinazprdedssqlmi.inso1a101c37461fa.database.windows.net,EDS_PRD_DEAPPS1_SNAP_PUB,HCM_PS_DEPT_TBL_STG_CURR,EDS_CURR_STG,CTSAZSIMIPDDEAPPS1.293366D454BB.DATABASE.WINDOWS.NET,Centralrepository,dbo
ctsinazprdedssqlmi.inso1a101c37461fa.database.windows.net,EDS_PRD_DEAPPS1_SNAP_PUB,DataRetention_AssociateRegionRecord_STG_CURR,EDS_CURR_STG,CTSAZSIMIPDDEAPPS1.293366D454BB.DATABASE.WINDOWS.NET,Centralrepository,dbo
ctsinazprdedssqlmi.inso1a101c37461fa.database.windows.net,EDS_PRD_DEAPPS1_SNAP_PUB,ESA_PS_PROJECT_MGR_STG_CURR,EDS_CURR_STG,CTSAZSIMIPDDEAPPS1.293366D454BB.DATABASE.WINDOWS.NET,Centralrepository,dbo
ctsinazprdedssqlmi.inso1a101c37461fa.database.windows.net,EDS_PRD_DEAPPS1_SNAP_PUB,DATARETENTION_VW_COGNIZANT_CANDIDATE_DETAILS_STG_CURR,EDS_CURR_STG,CTSAZSIMIPDDEAPPS1.293366D454BB.DATABASE.WINDOWS.NET,Centralrepository,dbo
ctsinazprdedssqlmi.inso1a101c37461fa.database.windows.net,EDS_PRD_DEAPPS1_SNAP_PUB,CentralRepository_Associate_Details_MIG,CRS_BASE_TBL,CTSAZSIMIPDDEAPPS1.293366D454BB.DATABASE.WINDOWS.NET,Centralrepository,dbo
ctsinazprdedssqlmi.inso1a101c37461fa.database.windows.net,EDS_PRD_DEAPPS1_SNAP_PUB,DATARETENTION_VW_TRAVEL_HISTORY_STG_CURR,EDS_CURR_STG,CTSAZSIMIPDDEAPPS1.293366D454BB.DATABASE.WINDOWS.NET,Centralrepository,dbo
ctsinazprdedssqlmi.inso1a101c37461fa.database.windows.net,EDS_PRD_DEAPPS1_SNAP_PUB,CentralRepository_RHMS_RoleDetails_MIG,CRS_BASE_TBL,CTSAZSIMIPDDEAPPS1.293366D454BB.DATABASE.WINDOWS.NET,Centralrepository,dbo
ctsinazprdedssqlmi.inso1a101c37461fa.database.windows.net,EDS_PRD_DEAPPS1_SNAP_PUB,CentralRepository_Horizontal_master_MIG,CRS_BASE_TBL,CTSAZSIMIPDDEAPPS1.293366D454BB.DATABASE.WINDOWS.NET,Centralrepository,dbo
ctsinazprdedssqlmi.inso1a101c37461fa.database.windows.net,EDS_PRD_DEAPPS1_SNAP_PUB,DataRetention_vw_Ref_Region_FY_stg_curr,EDS_CURR_STG,CTSAZSIMIPDDEAPPS1.293366D454BB.DATABASE.WINDOWS.NET,Centralrepository,dbo
ctsinazprdedssqlmi.inso1a101c37461fa.database.windows.net,EDS_PRD_DEAPPS1_SNAP_PUB,ESA_PS_PROJ_TYPE_TBL_STG_CURR,EDS_CURR_STG,CTSAZSIMIPDDEAPPS1.293366D454BB.DATABASE.WINDOWS.NET,Centralrepository,dbo
ctsinazprdedssqlmi.inso1a101c37461fa.database.windows.net,EDS_PRD_DEAPPS1_SNAP_PUB,ESA_PS_CTS_PC_SS_DELG_STG_CURR,EDS_CURR_STG,CTSAZSIMIPDDEAPPS1.293366D454BB.DATABASE.WINDOWS.NET,Centralrepository,dbo
ctsinazprdedssqlmi.inso1a101c37461fa.database.windows.net,EDS_PRD_DEAPPS1_SNAP_PUB,HCM_PF_SKILL_CAT_ITEMS_STG_CURR_MIG,CRS_BASE_TBL,CTSAZSIMIPDDEAPPS1.293366D454BB.DATABASE.WINDOWS.NET,Centralrepository,dbo
ctsinazprdedssqlmi.inso1a101c37461fa.database.windows.net,EDS_PRD_DEAPPS1_SNAP_PUB,ESA_PS_CTS_PC_DEPT_VW_STG_CURR,EDS_CURR_STG,CTSAZSIMIPDDEAPPS1.293366D454BB.DATABASE.WINDOWS.NET,Centralrepository,dbo
ctsinazprdedssqlmi.inso1a101c37461fa.database.windows.net,EDS_PRD_DEAPPS1_SNAP_PUB,CentralRepository_JobFamilyMaster_MIG,CRS_BASE_TBL,CTSAZSIMIPDDEAPPS1.293366D454BB.DATABASE.WINDOWS.NET,Centralrepository,dbo
ctsinazprdedssqlmi.inso1a101c37461fa.database.windows.net,EDS_PRD_DEAPPS1_SNAP_PUB,CentralRepository_Project_Location_MIG,CRS_BASE_TBL,CTSAZSIMIPDDEAPPS1.293366D454BB.DATABASE.WINDOWS.NET,Centralrepository,dbo
ctsinazprdedssqlmi.inso1a101c37461fa.database.windows.net,EDS_PRD_DEAPPS1_SNAP_PUB,Centralrepository_PRISM_Actuals_mig,CRS_BASE_TBL,CTSAZSIMIPDDEAPPS1.293366D454BB.DATABASE.WINDOWS.NET,Centralrepository,dbo
ctsinazprdedssqlmi.inso1a101c37461fa.database.windows.net,EDS_PRD_DEAPPS1_SNAP_PUB,SFDC_Financial_Ultimate_Parent_Account_STG_CURR,EDS_CURR_STG,CTSAZSIMIPDDEAPPS1.293366D454BB.DATABASE.WINDOWS.NET,Centralrepository,dbo
ctsinazprdedssqlmi.inso1a101c37461fa.database.windows.net,EDS_PRD_DEAPPS1_SNAP_PUB,DATARETENTION_VW_ASSOCIATE_LAST_PAYOUT_DETAILS_STG_CURR,EDS_CURR_STG,CTSAZSIMIPDDEAPPS1.293366D454BB.DATABASE.WINDOWS.NET,Centralrepository,dbo
ctsinazprdedssqlmi.inso1a101c37461fa.database.windows.net,EDS_PRD_DEAPPS1_SNAP_PUB,DATARETENTION_VW_COGNIZANT_ASSOCIATE_DETAILS_STG_CURR,EDS_CURR_STG,CTSAZSIMIPDDEAPPS1.293366D454BB.DATABASE.WINDOWS.NET,Centralrepository,dbo
ctsinazprdedssqlmi.inso1a101c37461fa.database.windows.net,EDS_PRD_DEAPPS1_SNAP_PUB,DataRetention_RegionDataRetentionRule_STG_CURR,EDS_CURR_STG,CTSAZSIMIPDDEAPPS1.293366D454BB.DATABASE.WINDOWS.NET,Centralrepository,dbo
ctsinazprdedssqlmi.inso1a101c37461fa.database.windows.net,EDS_PRD_DEAPPS1_SNAP_PUB,ESA_PS_CTS_PRACTIC_TBL_STG_CURR,EDS_CURR_STG,CTSAZSIMIPDDEAPPS1.293366D454BB.DATABASE.WINDOWS.NET,Centralrepository,dbo
ctsinazprdedssqlmi.inso1a101c37461fa.database.windows.net,EDS_PRD_DEAPPS1_SNAP_PUB,LM_vw_LocationMaster_STG_CURR,EDS_CURR_STG,CTSAZSIMIPDDEAPPS1.293366D454BB.DATABASE.WINDOWS.NET,Centralrepository,dbo
ctsinazprdedssqlmi.inso1a101c37461fa.database.windows.net,EDS_PRD_DEAPPS1_SNAP_PUB,HCM_PS_COUNTRY_TBL_STG_CURR,EDS_CURR_STG,CTSAZSIMIPDDEAPPS1.293366D454BB.DATABASE.WINDOWS.NET,Centralrepository,dbo
ctsinazprdedssqlmi.inso1a101c37461fa.database.windows.net,EDS_PRD_DEAPPS1_SNAP_PUB,CentralRepository_Set_ProjectStatus_MIG,CRS_BASE_TBL,CTSAZSIMIPDDEAPPS1.293366D454BB.DATABASE.WINDOWS.NET,Centralrepository,dbo
ctsinazprdedssqlmi.inso1a101c37461fa.database.windows.net,EDS_PRD_DEAPPS1_SNAP_PUB,DataRetention_PurgeHold_STG_CURR,EDS_CURR_STG,CTSAZSIMIPDDEAPPS1.293366D454BB.DATABASE.WINDOWS.NET,Centralrepository,dbo
ctsinazprdedssqlmi.inso1a101c37461fa.database.windows.net,EDS_PRD_DEAPPS1_SNAP_PUB,CentralRepository_HCMLocation_MIG,CRS_BASE_TBL,CTSAZSIMIPDDEAPPS1.293366D454BB.DATABASE.WINDOWS.NET,Centralrepository,dbo
ctsinazprdedssqlmi.inso1a101c37461fa.database.windows.net,EDS_PRD_DEAPPS1_SNAP_PUB,CentralRepository_Project_MIG,CRS_BASE_TBL,CTSAZSIMIPDDEAPPS1.293366D454BB.DATABASE.WINDOWS.NET,Centralrepository,dbo
ctsinazprdedssqlmi.inso1a101c37461fa.database.windows.net,EDS_PRD_DEAPPS1_SNAP_PUB,DataRetention_VW_RETENTION_SCHEDULE_BUSINESSLOGIC_STG_CURR,EDS_CURR_STG,CTSAZSIMIPDDEAPPS1.293366D454BB.DATABASE.WINDOWS.NET,Centralrepository,dbo
ctsinazprdedssqlmi.inso1a101c37461fa.database.windows.net,EDS_PRD_DEAPPS1_SNAP_PUB,CentralRepository_DepartmentVerticalMapping,CRS_BASE_TBL,CTSAZSIMIPDDEAPPS1.293366D454BB.DATABASE.WINDOWS.NET,Centralrepository,dbo
ctsinazprdedssqlmi.inso1a101c37461fa.database.windows.net,EDS_PRD_DEAPPS1_SNAP_PUB,SFDC_Opportunity_STG_CURR,EDS_CURR_STG,CTSAZSIMIPDDEAPPS1.293366D454BB.DATABASE.WINDOWS.NET,Centralrepository,dbo
ctsinazprdedssqlmi.inso1a101c37461fa.database.windows.net,EDS_PRD_DEAPPS1_SNAP_PUB,SFDC_Account_STG_CURR,EDS_CURR_STG,CTSAZSIMIPDDEAPPS1.293366D454BB.DATABASE.WINDOWS.NET,Centralrepository,dbo
ctsinazprdedssqlmi.inso1a101c37461fa.database.windows.net,EDS_PRD_DEAPPS1_SNAP_PUB,SFDC_ASK_Response__c_STG_CURR,EDS_CURR_STG,CTSAZSIMIPDDEAPPS1.293366D454BB.DATABASE.WINDOWS.NET,Centralrepository,dbo
ctsinazprdedssqlmi.inso1a101c37461fa.database.windows.net,EDS_PRD_DEAPPS1_SNAP_PUB,MYCNTRCT_MCUploadedFile_STG_CURR,EDS_CURR_STG,CTSAZSIMIPDDEAPPS1.293366D454BB.DATABASE.WINDOWS.NET,Centralrepository,dbo
ctsinazprdedssqlmi.inso1a101c37461fa.database.windows.net,EDS_PRD_DEAPPS1_SNAP_PUB,Mainspring_VW_EDS_Projects_STG_CURR,EDS_CURR_STG,CTSAZSIMIPDDEAPPS1.293366D454BB.DATABASE.WINDOWS.NET,Centralrepository,dbo
ctsinazprdedssqlmi.inso1a101c37461fa.database.windows.net,EDS_PRD_IAAS_227_RSO_PUB,CentralRepository_Associate_Details_MIG,CRS_BASE_TBL,10.153.192.227,CentralRepository,dbo
ctsinazprdedssqlmi.inso1a101c37461fa.database.windows.net,EDS_PRD_IAAS_227_RSO_PUB,CentralRepository_Contacts_MIG,CRS_BASE_TBL,10.153.192.227,CentralRepository,dbo
ctsinazprdedssqlmi.inso1a101c37461fa.database.windows.net,EDS_PRD_IAAS_227_RSO_PUB,CentralRepository_SelfUpdateContacts_MIG,CRS_BASE_TBL,10.153.192.227,CentralRepository,dbo
ctsinazprdedssqlmi.inso1a101c37461fa.database.windows.net,EDS_PRD_IAAS_227_RSO_PUB,HCM_PS_DEPT_TBL_STG_CURR,EDS_CURR_STG,10.153.192.227,CentralRepository,dbo
ctsinazprdedssqlmi.inso1a101c37461fa.database.windows.net,EDS_PRD_IAAS_227_RSO_PUB,LMS_LOC_STG_CURR,EDS_CURR_STG,10.153.192.227,CentralRepository,dbo
ctsinazprdedssqlmi.inso1a101c37461fa.database.windows.net,EDS_PRD_IAAS_227_RSO_PUB,LMS_PERSON_STG_CURR,EDS_CURR_STG,10.153.192.227,CentralRepository,dbo
ctsinazprdedssqlmi.inso1a101c37461fa.database.windows.net,EDS_PRD_IAAS_227_RSO_PUB,LMS_REGISTRATIONOFFERINGTEMPLATE_STG_CURR,EDS_CURR_STG,10.153.192.227,CentralRepository,dbo
ctsinazprdedssqlmi.inso1a101c37461fa.database.windows.net,EDS_PRD_IAAS_227_RSO_PUB,LMS_STG_FAC_STG_CURR,EDS_CURR_STG,10.153.192.227,CentralRepository,dbo
ctsinazprdedssqlmi.inso1a101c37461fa.database.windows.net,EDS_PRD_IAAS_227_RSO_PUB,LMS_TBL_TMX_ACTADDITIONALPROP_STG_CURR,EDS_CURR_STG,10.153.192.227,CentralRepository,dbo
ctsinazprdedssqlmi.inso1a101c37461fa.database.windows.net,EDS_PRD_IAAS_227_RSO_PUB,LMS_TBL_TMX_ACTCBT_STG_CURR,EDS_CURR_STG,10.153.192.227,CentralRepository,dbo
ctsinazprdedssqlmi.inso1a101c37461fa.database.windows.net,EDS_PRD_IAAS_227_RSO_PUB,LMS_TBL_TMX_ACTIVITY_STG_CURR,EDS_CURR_STG,10.153.192.227,CentralRepository,dbo
ctsinazprdedssqlmi.inso1a101c37461fa.database.windows.net,EDS_PRD_IAAS_227_RSO_PUB,LMS_TBL_TMX_ATTEMPT_STG_CURR,EDS_CURR_STG,10.153.192.227,CentralRepository,dbo
ctsinazprdedssqlmi.inso1a101c37461fa.database.windows.net,EDS_PRD_IAAS_227_RSO_PUB,LMS_TBL_TMX_REGISTRATION_STG_CURR,EDS_CURR_STG,10.153.192.227,CentralRepository,dbo
ctsinazprdedssqlmi.inso1a101c37461fa.database.windows.net,EDS_PRD_MCAPPS1_RSO_PUB,Apple_Table_test_EDS,EDS_CURR_STG,CTSAZSIMIMCAPPS1.293366D454BB.DATABASE.WINDOWS.NET,CentralRepository,dbo
ctsinazprdedssqlmi.inso1a101c37461fa.database.windows.net,EDS_PRD_MCAPPS1_RSO_PUB,CentralRepository_ESA_Allocation_MIG,CRS_BASE_TBL,CTSAZSIMIMCAPPS1.293366D454BB.DATABASE.WINDOWS.NET,CentralRepository,dbo
ctsinazprdedssqlmi.inso1a101c37461fa.database.windows.net,EDS_PRD_MCAPPS1_RSO_PUB,HCM_PS_CT_GBL_HCM_SFBD_STG_CURR,EDS_CURR_STG,CTSAZSIMIMCAPPS1.293366D454BB.DATABASE.WINDOWS.NET,CentralRepository,dbo
ctsinazprdedssqlmi.inso1a101c37461fa.database.windows.net,EDS_PRD_MCAPPS1_RSO_PUB,LMS_TBL_TMX_ATTEMPT_STG_CURR,EDS_CURR_STG,CTSAZSIMIMCAPPS1.293366D454BB.DATABASE.WINDOWS.NET,CentralRepository,dbo
ctsinazprdedssqlmi.inso1a101c37461fa.database.windows.net,EDS_PRD_MCAPPS1_RSO_PUB,LMS_TBL_TMX_REGISTRATION_STG_CURR,EDS_CURR_STG,CTSAZSIMIMCAPPS1.293366D454BB.DATABASE.WINDOWS.NET,CentralRepository,dbo
ctsinazprdedssqlmi.inso1a101c37461fa.database.windows.net,EDS_PRD_MCAPPS1_RSO_PUB,LMS_TBL_TMX_REGTRANSASSOCIATION_STG_CURR,EDS_CURR_STG,CTSAZSIMIMCAPPS1.293366D454BB.DATABASE.WINDOWS.NET,CentralRepository,dbo
ctsinazprdedssqlmi.inso1a101c37461fa.database.windows.net,EDS_PRD_MCAPPS1_SNAP_PUB,CentralRepository_AssociateAddress_MIG,CRS_BASE_TBL,CTSAZSIMIMCAPPS1.293366D454BB.DATABASE.WINDOWS.NET,centralrepository,dbo
ctsinazprdedssqlmi.inso1a101c37461fa.database.windows.net,EDS_PRD_MCAPPS1_SNAP_PUB,SFDC_Financial_Ultimate_Parent_Account_STG_CURR,EDS_CURR_STG,CTSAZSIMIMCAPPS1.293366D454BB.DATABASE.WINDOWS.NET,CentralRepository,dbo
ctsinazprdedssqlmi.inso1a101c37461fa.database.windows.net,EDS_PRD_MCAPPS1_SNAP_PUB,CentralRepository_Associate_Details_MIG,CRS_BASE_TBL,CTSAZSIMIMCAPPS1.293366D454BB.DATABASE.WINDOWS.NET,CentralRepository,dbo
ctsinazprdedssqlmi.inso1a101c37461fa.database.windows.net,EDS_PRD_MCAPPS1_SNAP_PUB,CentralRepository_AssociatePool_MIG,CRS_BASE_TBL,CTSAZSIMIMCAPPS1.293366D454BB.DATABASE.WINDOWS.NET,CentralRepository,dbo
ctsinazprdedssqlmi.inso1a101c37461fa.database.windows.net,EDS_PRD_MCAPPS1_SNAP_PUB,CentralRepository_Contacts_MIG,CRS_BASE_TBL,CTSAZSIMIMCAPPS1.293366D454BB.DATABASE.WINDOWS.NET,CentralRepository,dbo
ctsinazprdedssqlmi.inso1a101c37461fa.database.windows.net,EDS_PRD_MCAPPS1_SNAP_PUB,CentralRepository_DepartmentVerticalMapping,CRS_BASE_TBL,CTSAZSIMIMCAPPS1.293366D454BB.DATABASE.WINDOWS.NET,CentralRepository,dbo
ctsinazprdedssqlmi.inso1a101c37461fa.database.windows.net,EDS_PRD_MCAPPS1_SNAP_PUB,CentralRepository_EAM_Leavedata_MIG,CRS_BASE_TBL,CTSAZSIMIMCAPPS1.293366D454BB.DATABASE.WINDOWS.NET,CentralRepository,dbo
ctsinazprdedssqlmi.inso1a101c37461fa.database.windows.net,EDS_PRD_MCAPPS1_SNAP_PUB,CentralRepository_Email_Address_MIG,CRS_BASE_TBL,CTSAZSIMIMCAPPS1.293366D454BB.DATABASE.WINDOWS.NET,CentralRepository,dbo
ctsinazprdedssqlmi.inso1a101c37461fa.database.windows.net,EDS_PRD_MCAPPS1_SNAP_PUB,CentralRepository_ESA_Horizontalserviceofferings_MIG,CRS_BASE_TBL,CTSAZSIMIMCAPPS1.293366D454BB.DATABASE.WINDOWS.NET,CentralRepository,dbo
ctsinazprdedssqlmi.inso1a101c37461fa.database.windows.net,EDS_PRD_MCAPPS1_SNAP_PUB,CentralRepository_GSMS_AssociateSeatInfo_MIG,CRS_BASE_TBL,CTSAZSIMIMCAPPS1.293366D454BB.DATABASE.WINDOWS.NET,CentralRepository,dbo
ctsinazprdedssqlmi.inso1a101c37461fa.database.windows.net,EDS_PRD_MCAPPS1_SNAP_PUB,CentralRepository_GSMS_Master_MIG,CRS_BASE_TBL,CTSAZSIMIMCAPPS1.293366D454BB.DATABASE.WINDOWS.NET,CentralRepository,dbo
ctsinazprdedssqlmi.inso1a101c37461fa.database.windows.net,EDS_PRD_MCAPPS1_SNAP_PUB,CentralRepository_GSMS_SeatMaster_MIG,CRS_BASE_TBL,CTSAZSIMIMCAPPS1.293366D454BB.DATABASE.WINDOWS.NET,CentralRepository,dbo
ctsinazprdedssqlmi.inso1a101c37461fa.database.windows.net,EDS_PRD_MCAPPS1_SNAP_PUB,CentralRepository_HCMLocation_MIG,CRS_BASE_TBL,CTSAZSIMIMCAPPS1.293366D454BB.DATABASE.WINDOWS.NET,CentralRepository,dbo
ctsinazprdedssqlmi.inso1a101c37461fa.database.windows.net,EDS_PRD_MCAPPS1_SNAP_PUB,CentralRepository_HolidayDate_MIG,CRS_BASE_TBL,CTSAZSIMIMCAPPS1.293366D454BB.DATABASE.WINDOWS.NET,CentralRepository,dbo
ctsinazprdedssqlmi.inso1a101c37461fa.database.windows.net,EDS_PRD_MCAPPS1_SNAP_PUB,CentralRepository_Horizontal_master_MIG,CRS_BASE_TBL,CTSAZSIMIMCAPPS1.293366D454BB.DATABASE.WINDOWS.NET,CentralRepository,dbo
ctsinazprdedssqlmi.inso1a101c37461fa.database.windows.net,EDS_PRD_MCAPPS1_SNAP_PUB,CentralRepository_JobFamilyMaster_MIG,CRS_BASE_TBL,CTSAZSIMIMCAPPS1.293366D454BB.DATABASE.WINDOWS.NET,CentralRepository,dbo
ctsinazprdedssqlmi.inso1a101c37461fa.database.windows.net,EDS_PRD_MCAPPS1_SNAP_PUB,CentralRepository_Pool_MIG,CRS_BASE_TBL,CTSAZSIMIMCAPPS1.293366D454BB.DATABASE.WINDOWS.NET,CentralRepository,dbo
ctsinazprdedssqlmi.inso1a101c37461fa.database.windows.net,EDS_PRD_MCAPPS1_SNAP_PUB,CentralRepository_Project_Location_MIG,CRS_BASE_TBL,CTSAZSIMIMCAPPS1.293366D454BB.DATABASE.WINDOWS.NET,CentralRepository,dbo
ctsinazprdedssqlmi.inso1a101c37461fa.database.windows.net,EDS_PRD_MCAPPS1_SNAP_PUB,CentralRepository_Project_MIG,CRS_BASE_TBL,CTSAZSIMIMCAPPS1.293366D454BB.DATABASE.WINDOWS.NET,CentralRepository,dbo
ctsinazprdedssqlmi.inso1a101c37461fa.database.windows.net,EDS_PRD_MCAPPS1_SNAP_PUB,CentralRepository_RHMS_RoleDetails_MIG,CRS_BASE_TBL,CTSAZSIMIMCAPPS1.293366D454BB.DATABASE.WINDOWS.NET,CentralRepository,dbo
ctsinazprdedssqlmi.inso1a101c37461fa.database.windows.net,EDS_PRD_MCAPPS1_SNAP_PUB,CentralRepository_SelfUpdateContacts_MIG,CRS_BASE_TBL,CTSAZSIMIMCAPPS1.293366D454BB.DATABASE.WINDOWS.NET,CentralRepository,dbo
ctsinazprdedssqlmi.inso1a101c37461fa.database.windows.net,EDS_PRD_MCAPPS1_SNAP_PUB,CentralRepository_Set_ProjectStatus_MIG,CRS_BASE_TBL,CTSAZSIMIMCAPPS1.293366D454BB.DATABASE.WINDOWS.NET,CentralRepository,dbo
ctsinazprdedssqlmi.inso1a101c37461fa.database.windows.net,EDS_PRD_MCAPPS1_SNAP_PUB,DataRetention_AssociateRegionRecord_STG_CURR,EDS_CURR_STG,CTSAZSIMIMCAPPS1.293366D454BB.DATABASE.WINDOWS.NET,CentralRepository,dbo
ctsinazprdedssqlmi.inso1a101c37461fa.database.windows.net,EDS_PRD_MCAPPS1_SNAP_PUB,DataRetention_AssociateRetentionRecord_STG_CURR,EDS_CURR_STG,CTSAZSIMIMCAPPS1.293366D454BB.DATABASE.WINDOWS.NET,CentralRepository,dbo
ctsinazprdedssqlmi.inso1a101c37461fa.database.windows.net,EDS_PRD_MCAPPS1_SNAP_PUB,DataRetention_PurgeHold_STG_CURR,EDS_CURR_STG,CTSAZSIMIMCAPPS1.293366D454BB.DATABASE.WINDOWS.NET,CentralRepository,dbo
ctsinazprdedssqlmi.inso1a101c37461fa.database.windows.net,EDS_PRD_MCAPPS1_SNAP_PUB,DataRetention_RegionDataRetentionRule_STG_CURR,EDS_CURR_STG,CTSAZSIMIMCAPPS1.293366D454BB.DATABASE.WINDOWS.NET,CentralRepository,dbo
ctsinazprdedssqlmi.inso1a101c37461fa.database.windows.net,EDS_PRD_MCAPPS1_SNAP_PUB,DATARETENTION_VW_ASSOCIATE_LAST_PAYOUT_DETAILS_STG_CURR,EDS_CURR_STG,CTSAZSIMIMCAPPS1.293366D454BB.DATABASE.WINDOWS.NET,CentralRepository,dbo
ctsinazprdedssqlmi.inso1a101c37461fa.database.windows.net,EDS_PRD_MCAPPS1_SNAP_PUB,DATARETENTION_VW_COGNIZANT_ASSOCIATE_DETAILS_STG_CURR,EDS_CURR_STG,CTSAZSIMIMCAPPS1.293366D454BB.DATABASE.WINDOWS.NET,CentralRepository,dbo
ctsinazprdedssqlmi.inso1a101c37461fa.database.windows.net,EDS_PRD_MCAPPS1_SNAP_PUB,DATARETENTION_VW_COGNIZANT_CANDIDATE_DETAILS_STG_CURR,EDS_CURR_STG,CTSAZSIMIMCAPPS1.293366D454BB.DATABASE.WINDOWS.NET,CentralRepository,dbo
ctsinazprdedssqlmi.inso1a101c37461fa.database.windows.net,EDS_PRD_MCAPPS1_SNAP_PUB,DataRetention_VW_RETENTION_SCHEDULE_BUSINESSLOGIC_STG_CURR,EDS_CURR_STG,CTSAZSIMIMCAPPS1.293366D454BB.DATABASE.WINDOWS.NET,CentralRepository,dbo
ctsinazprdedssqlmi.inso1a101c37461fa.database.windows.net,EDS_PRD_MCAPPS1_SNAP_PUB,DATARETENTION_VW_TRAVEL_HISTORY_STG_CURR,EDS_CURR_STG,CTSAZSIMIMCAPPS1.293366D454BB.DATABASE.WINDOWS.NET,CentralRepository,dbo
ctsinazprdedssqlmi.inso1a101c37461fa.database.windows.net,EDS_PRD_MCAPPS1_SNAP_PUB,ESA_PS_CTPC_HOR_EDS_VW_STG_CURR,EDS_CURR_STG,CTSAZSIMIMCAPPS1.293366D454BB.DATABASE.WINDOWS.NET,CentralRepository,dbo
ctsinazprdedssqlmi.inso1a101c37461fa.database.windows.net,EDS_PRD_MCAPPS1_SNAP_PUB,ESA_PS_CTS_PC_SS_DELG_STG_CURR,EDS_CURR_STG,CTSAZSIMIMCAPPS1.293366D454BB.DATABASE.WINDOWS.NET,CentralRepository,dbo
ctsinazprdedssqlmi.inso1a101c37461fa.database.windows.net,EDS_PRD_MCAPPS1_SNAP_PUB,ESA_PS_CTS_PRACTIC_TBL_STG_CURR,EDS_CURR_STG,CTSAZSIMIMCAPPS1.293366D454BB.DATABASE.WINDOWS.NET,CentralRepository,dbo
ctsinazprdedssqlmi.inso1a101c37461fa.database.windows.net,EDS_PRD_MCAPPS1_SNAP_PUB,ESA_PS_PROJECT_MGR_STG_CURR,EDS_CURR_STG,CTSAZSIMIMCAPPS1.293366D454BB.DATABASE.WINDOWS.NET,CentralRepository,dbo
ctsinazprdedssqlmi.inso1a101c37461fa.database.windows.net,EDS_PRD_MCAPPS1_SNAP_PUB,HCM_PF_Associate_Skills_STG_CURR,EDS_CURR_STG,CTSAZSIMIMCAPPS1.293366D454BB.DATABASE.WINDOWS.NET,CentralRepository,dbo
ctsinazprdedssqlmi.inso1a101c37461fa.database.windows.net,EDS_PRD_MCAPPS1_SNAP_PUB,HCM_PF_ParentChildMapping_STG_CURR_MIG,CRS_BASE_TBL,CTSAZSIMIMCAPPS1.293366D454BB.DATABASE.WINDOWS.NET,CentralRepository,dbo
ctsinazprdedssqlmi.inso1a101c37461fa.database.windows.net,EDS_PRD_MCAPPS1_SNAP_PUB,HCM_PF_SKILL_CAT_ITEMS_STG_CURR_MIG,CRS_BASE_TBL,CTSAZSIMIMCAPPS1.293366D454BB.DATABASE.WINDOWS.NET,CentralRepository,dbo
ctsinazprdedssqlmi.inso1a101c37461fa.database.windows.net,EDS_PRD_MCAPPS1_SNAP_PUB,HCM_PS_COUNTRY_TBL_STG_CURR,EDS_CURR_STG,CTSAZSIMIMCAPPS1.293366D454BB.DATABASE.WINDOWS.NET,CentralRepository,dbo
ctsinazprdedssqlmi.inso1a101c37461fa.database.windows.net,EDS_PRD_MCAPPS1_SNAP_PUB,HCM_PS_CT_CNTY_CD_TBL_STG_CURR,EDS_CURR_STG,CTSAZSIMIMCAPPS1.293366D454BB.DATABASE.WINDOWS.NET,CentralRepository,dbo
ctsinazprdedssqlmi.inso1a101c37461fa.database.windows.net,EDS_PRD_MCAPPS1_SNAP_PUB,HCM_PS_CT_GBL_HCM_MGRS_STG_CURR,EDS_CURR_STG,CTSAZSIMIMCAPPS1.293366D454BB.DATABASE.WINDOWS.NET,CentralRepository,dbo
ctsinazprdedssqlmi.inso1a101c37461fa.database.windows.net,EDS_PRD_MCAPPS1_SNAP_PUB,HCM_PS_CT_GBL_SFT_MSTR_STG_CURR,EDS_CURR_STG,CTSAZSIMIMCAPPS1.293366D454BB.DATABASE.WINDOWS.NET,CentralRepository,dbo
ctsinazprdedssqlmi.inso1a101c37461fa.database.windows.net,EDS_PRD_MCAPPS1_SNAP_PUB,HCM_PS_DEPT_TBL_STG_CURR,EDS_CURR_STG,CTSAZSIMIMCAPPS1.293366D454BB.DATABASE.WINDOWS.NET,CentralRepository,dbo
ctsinazprdedssqlmi.inso1a101c37461fa.database.windows.net,EDS_PRD_MCAPPS1_SNAP_PUB,HCM_PS_JOBCODE_TBL_STG_CURR,EDS_CURR_STG,CTSAZSIMIMCAPPS1.293366D454BB.DATABASE.WINDOWS.NET,CentralRepository,dbo
ctsinazprdedssqlmi.inso1a101c37461fa.database.windows.net,EDS_PRD_MCAPPS1_SNAP_PUB,LM_vw_LocationMaster_STG_CURR,EDS_CURR_STG,CTSAZSIMIMCAPPS1.293366D454BB.DATABASE.WINDOWS.NET,CentralRepository,dbo
ctsinazprdedssqlmi.inso1a101c37461fa.database.windows.net,EDS_PRD_MCAPPS1_SNAP_PUB,LMS_PERSON_STG_CURR,EDS_CURR_STG,CTSAZSIMIMCAPPS1.293366D454BB.DATABASE.WINDOWS.NET,CentralRepository,dbo
ctsinazprdedssqlmi.inso1a101c37461fa.database.windows.net,EDS_PRD_MCAPPS1_SNAP_PUB,LMS_PERSONOPTIONAL1_STG_CURR,EDS_CURR_STG,CTSAZSIMIMCAPPS1.293366D454BB.DATABASE.WINDOWS.NET,CentralRepository,dbo
ctsinazprdedssqlmi.inso1a101c37461fa.database.windows.net,EDS_PRD_MCAPPS1_SNAP_PUB,LMS_TBL_TMX_ACTIVITY_STG_CURR,EDS_CURR_STG,CTSAZSIMIMCAPPS1.293366D454BB.DATABASE.WINDOWS.NET,CentralRepository,dbo
ctsinazprdedssqlmi.inso1a101c37461fa.database.windows.net,EDS_PRD_MCAPPS1_SNAP_PUB,LMS_TBL_TMX_USERREQUIREDACT_STG_CURR,EDS_CURR_STG,CTSAZSIMIMCAPPS1.293366D454BB.DATABASE.WINDOWS.NET,CentralRepository,dbo
ctsinazprdedssqlmi.inso1a101c37461fa.database.windows.net,EDS_PRD_MCAPPS1_SNAP_PUB,RHMS_tbl_EDS_RoleMaster_STG_CURR,EDS_CURR_STG,CTSAZSIMIMCAPPS1.293366D454BB.DATABASE.WINDOWS.NET,CentralRepository,dbo
ctsinazprdedssqlmi.inso1a101c37461fa.database.windows.net,EDS_PRD_MCAPPS1_SNAP_PUB,ESA_PS_CTS_PC_DEPT_VW_STG_CURR,EDS_CURR_STG,CTSAZSIMIMCAPPS1.293366D454BB.DATABASE.WINDOWS.NET,CentralRepository,dbo
ctsinazprdedssqlmi.inso1a101c37461fa.database.windows.net,EDS_PRD_MCAPPS1_SNAP_PUB,SFDC_Account_STG_CURR,EDS_CURR_STG,CTSAZSIMIMCAPPS1.293366D454BB.DATABASE.WINDOWS.NET,CentralRepository,dbo
ctsinazprdedssqlmi.inso1a101c37461fa.database.windows.net,EDS_PRD_MCAPPS1_SNAP_PUB,DataRetention_vw_Ref_Region_FY_stg_curr,EDS_CURR_STG,CTSAZSIMIMCAPPS1.293366D454BB.DATABASE.WINDOWS.NET,CentralRepository,dbo
ctsinazprdedssqlmi.inso1a101c37461fa.database.windows.net,EDS_PRD_NCApps1_RSO_PUB,Apple_Table_test_EDS,EDS_CURR_STG,CTSAZPDMINCAPPS1.B96303A221DC.DATABASE.WINDOWS.NET,CentralRepository,dbo
ctsinazprdedssqlmi.inso1a101c37461fa.database.windows.net,EDS_PRD_NCApps1_RSO_PUB,CentralRepository_GSMS_SeatMaster_MIG,CRS_BASE_TBL,CTSAZPDMINCAPPS1.B96303A221DC.DATABASE.WINDOWS.NET,CentralRepository,dbo
ctsinazprdedssqlmi.inso1a101c37461fa.database.windows.net,EDS_PRD_NCApps1_RSO_PUB,CentralRepository_HCM_CCA_Roles_MIG,CRS_BASE_TBL,CTSAZPDMINCAPPS1.B96303A221DC.DATABASE.WINDOWS.NET,CentralRepository,dbo
ctsinazprdedssqlmi.inso1a101c37461fa.database.windows.net,EDS_PRD_NCApps1_RSO_PUB,CentralRepository_HCMLocation_MIG,CRS_BASE_TBL,CTSAZPDMINCAPPS1.B96303A221DC.DATABASE.WINDOWS.NET,CentralRepository,dbo
ctsinazprdedssqlmi.inso1a101c37461fa.database.windows.net,EDS_PRD_NCApps1_RSO_PUB,CentralRepository_Horizontal_master_MIG,CRS_BASE_TBL,CTSAZPDMINCAPPS1.B96303A221DC.DATABASE.WINDOWS.NET,CentralRepository,dbo
ctsinazprdedssqlmi.inso1a101c37461fa.database.windows.net,EDS_PRD_NCApps1_RSO_PUB,CentralRepository_JobFamilyMaster_MIG,CRS_BASE_TBL,CTSAZPDMINCAPPS1.B96303A221DC.DATABASE.WINDOWS.NET,CentralRepository,dbo
ctsinazprdedssqlmi.inso1a101c37461fa.database.windows.net,EDS_PRD_NCApps1_RSO_PUB,CentralRepository_Jobtask_MIG,CRS_BASE_TBL,CTSAZPDMINCAPPS1.B96303A221DC.DATABASE.WINDOWS.NET,CentralRepository,dbo
ctsinazprdedssqlmi.inso1a101c37461fa.database.windows.net,EDS_PRD_NCApps1_RSO_PUB,CentralRepository_JPMProfileItems_MIG,CRS_BASE_TBL,CTSAZPDMINCAPPS1.B96303A221DC.DATABASE.WINDOWS.NET,CentralRepository,dbo
ctsinazprdedssqlmi.inso1a101c37461fa.database.windows.net,EDS_PRD_NCApps1_RSO_PUB,CentralRepository_MyTravel_Details_MIG,CRS_BASE_TBL,CTSAZPDMINCAPPS1.B96303A221DC.DATABASE.WINDOWS.NET,CentralRepository,dbo
ctsinazprdedssqlmi.inso1a101c37461fa.database.windows.net,EDS_PRD_NCApps1_RSO_PUB,CentralRepository_PassportDetails_MIG,CRS_BASE_TBL,CTSAZPDMINCAPPS1.B96303A221DC.DATABASE.WINDOWS.NET,CentralRepository,dbo
ctsinazprdedssqlmi.inso1a101c37461fa.database.windows.net,EDS_PRD_NCApps1_RSO_PUB,CentralRepository_Pool_MIG,CRS_BASE_TBL,CTSAZPDMINCAPPS1.B96303A221DC.DATABASE.WINDOWS.NET,CentralRepository,dbo
ctsinazprdedssqlmi.inso1a101c37461fa.database.windows.net,EDS_PRD_NCApps1_RSO_PUB,CentralRepository_Project_Location_MIG,CRS_BASE_TBL,CTSAZPDMINCAPPS1.B96303A221DC.DATABASE.WINDOWS.NET,CentralRepository,dbo
ctsinazprdedssqlmi.inso1a101c37461fa.database.windows.net,EDS_PRD_NCApps1_RSO_PUB,CentralRepository_Project_MIG,CRS_BASE_TBL,CTSAZPDMINCAPPS1.B96303A221DC.DATABASE.WINDOWS.NET,CentralRepository,dbo
ctsinazprdedssqlmi.inso1a101c37461fa.database.windows.net,EDS_PRD_NCApps1_RSO_PUB,CentralRepository_RHMS_RoleDetails_MIG,CRS_BASE_TBL,CTSAZPDMINCAPPS1.B96303A221DC.DATABASE.WINDOWS.NET,CentralRepository,dbo
ctsinazprdedssqlmi.inso1a101c37461fa.database.windows.net,EDS_PRD_NCApps1_RSO_PUB,CentralRepository_RMG_ResourceRequest_MIG,CRS_BASE_TBL,CTSAZPDMINCAPPS1.B96303A221DC.DATABASE.WINDOWS.NET,CentralRepository,dbo
ctsinazprdedssqlmi.inso1a101c37461fa.database.windows.net,EDS_PRD_NCApps1_RSO_PUB,CentralRepository_SelfUpdateContacts_MIG,CRS_BASE_TBL,CTSAZPDMINCAPPS1.B96303A221DC.DATABASE.WINDOWS.NET,CentralRepository,dbo
ctsinazprdedssqlmi.inso1a101c37461fa.database.windows.net,EDS_PRD_NCApps1_RSO_PUB,CentralRepository_Set_ProjectStatus_MIG,CRS_BASE_TBL,CTSAZPDMINCAPPS1.B96303A221DC.DATABASE.WINDOWS.NET,CentralRepository,dbo
ctsinazprdedssqlmi.inso1a101c37461fa.database.windows.net,EDS_PRD_NCApps1_RSO_PUB,CHire_CandidateCurrentOffer_STG_CURR,EDS_CURR_STG,CTSAZPDMINCAPPS1.B96303A221DC.DATABASE.WINDOWS.NET,CentralRepository,dbo
ctsinazprdedssqlmi.inso1a101c37461fa.database.windows.net,EDS_PRD_NCApps1_RSO_PUB,CHire_CandidateHiredDetail_STG_CURR,EDS_CURR_STG,CTSAZPDMINCAPPS1.B96303A221DC.DATABASE.WINDOWS.NET,CentralRepository,dbo
ctsinazprdedssqlmi.inso1a101c37461fa.database.windows.net,EDS_PRD_NCApps1_RSO_PUB,CHire_CandidatePersonalDetail_STG_CURR,EDS_CURR_STG,CTSAZPDMINCAPPS1.B96303A221DC.DATABASE.WINDOWS.NET,CentralRepository,dbo
ctsinazprdedssqlmi.inso1a101c37461fa.database.windows.net,EDS_PRD_NCApps1_RSO_PUB,CHire_CandidateRequisitionMapping_STG_CURR,EDS_CURR_STG,CTSAZPDMINCAPPS1.B96303A221DC.DATABASE.WINDOWS.NET,CentralRepository,dbo
ctsinazprdedssqlmi.inso1a101c37461fa.database.windows.net,EDS_PRD_NCApps1_RSO_PUB,CHIRE_REQUISITIONDETAILS_STG_CURR,EDS_CURR_STG,CTSAZPDMINCAPPS1.B96303A221DC.DATABASE.WINDOWS.NET,CentralRepository,dbo
ctsinazprdedssqlmi.inso1a101c37461fa.database.windows.net,EDS_PRD_NCApps1_RSO_PUB,DataRetention_AssociateRegionRecord_STG_CURR,EDS_CURR_STG,CTSAZPDMINCAPPS1.B96303A221DC.DATABASE.WINDOWS.NET,CentralRepository,dbo
ctsinazprdedssqlmi.inso1a101c37461fa.database.windows.net,EDS_PRD_NCApps1_RSO_PUB,DataRetention_AssociateRetentionRecord_STG_CURR,EDS_CURR_STG,CTSAZPDMINCAPPS1.B96303A221DC.DATABASE.WINDOWS.NET,CentralRepository,dbo
ctsinazprdedssqlmi.inso1a101c37461fa.database.windows.net,EDS_PRD_NCApps1_RSO_PUB,DataRetention_PurgeHold_STG_CURR,EDS_CURR_STG,CTSAZPDMINCAPPS1.B96303A221DC.DATABASE.WINDOWS.NET,CentralRepository,dbo
ctsinazprdedssqlmi.inso1a101c37461fa.database.windows.net,EDS_PRD_NCApps1_RSO_PUB,DataRetention_RegionDataRetentionRule_STG_CURR,EDS_CURR_STG,CTSAZPDMINCAPPS1.B96303A221DC.DATABASE.WINDOWS.NET,CentralRepository,dbo
ctsinazprdedssqlmi.inso1a101c37461fa.database.windows.net,EDS_PRD_NCApps1_RSO_PUB,DATARETENTION_VW_ASSOCIATE_LAST_PAYOUT_DETAILS_STG_CURR,EDS_CURR_STG,CTSAZPDMINCAPPS1.B96303A221DC.DATABASE.WINDOWS.NET,CentralRepository,dbo
ctsinazprdedssqlmi.inso1a101c37461fa.database.windows.net,EDS_PRD_NCApps1_RSO_PUB,DATARETENTION_VW_COGNIZANT_ASSOCIATE_DETAILS_STG_CURR,EDS_CURR_STG,CTSAZPDMINCAPPS1.B96303A221DC.DATABASE.WINDOWS.NET,CentralRepository,dbo
ctsinazprdedssqlmi.inso1a101c37461fa.database.windows.net,EDS_PRD_NCApps1_RSO_PUB,DATARETENTION_VW_COGNIZANT_CANDIDATE_DETAILS_STG_CURR,EDS_CURR_STG,CTSAZPDMINCAPPS1.B96303A221DC.DATABASE.WINDOWS.NET,CentralRepository,dbo
ctsinazprdedssqlmi.inso1a101c37461fa.database.windows.net,EDS_PRD_NCApps1_RSO_PUB,DataRetention_VW_RETENTION_SCHEDULE_BUSINESSLOGIC_STG_CURR,EDS_CURR_STG,CTSAZPDMINCAPPS1.B96303A221DC.DATABASE.WINDOWS.NET,CentralRepository,dbo
ctsinazprdedssqlmi.inso1a101c37461fa.database.windows.net,EDS_PRD_NCApps1_RSO_PUB,DATARETENTION_VW_TRAVEL_HISTORY_STG_CURR,EDS_CURR_STG,CTSAZPDMINCAPPS1.B96303A221DC.DATABASE.WINDOWS.NET,CentralRepository,dbo
ctsinazprdedssqlmi.inso1a101c37461fa.database.windows.net,EDS_PRD_NCApps1_RSO_PUB,ESA_PS_CTPC_PRJSTS_TBL_STG_CURR,EDS_CURR_STG,CTSAZPDMINCAPPS1.B96303A221DC.DATABASE.WINDOWS.NET,CentralRepository,dbo
ctsinazprdedssqlmi.inso1a101c37461fa.database.windows.net,EDS_PRD_NCApps1_RSO_PUB,ESA_PS_CTRM_STTAG_STUP_STG_CURR,EDS_CURR_STG,CTSAZPDMINCAPPS1.B96303A221DC.DATABASE.WINDOWS.NET,CentralRepository,dbo
ctsinazprdedssqlmi.inso1a101c37461fa.database.windows.net,EDS_PRD_NCApps1_RSO_PUB,ESA_PS_CTS_LOC_ATRBT_STG_CURR,EDS_CURR_STG,CTSAZPDMINCAPPS1.B96303A221DC.DATABASE.WINDOWS.NET,CentralRepository,dbo
ctsinazprdedssqlmi.inso1a101c37461fa.database.windows.net,EDS_PRD_NCApps1_RSO_PUB,ESA_PS_CTS_PC_DEPT_VW_STG_CURR,EDS_CURR_STG,CTSAZPDMINCAPPS1.B96303A221DC.DATABASE.WINDOWS.NET,CentralRepository,dbo
ctsinazprdedssqlmi.inso1a101c37461fa.database.windows.net,EDS_PRD_NCApps1_RSO_PUB,ESA_PS_CTS_PC_SS_DELG_STG_CURR,EDS_CURR_STG,CTSAZPDMINCAPPS1.B96303A221DC.DATABASE.WINDOWS.NET,CentralRepository,dbo
ctsinazprdedssqlmi.inso1a101c37461fa.database.windows.net,EDS_PRD_NCApps1_RSO_PUB,ESA_PS_CTS_PRACTIC_TBL_STG_CURR,EDS_CURR_STG,CTSAZPDMINCAPPS1.B96303A221DC.DATABASE.WINDOWS.NET,CentralRepository,dbo
ctsinazprdedssqlmi.inso1a101c37461fa.database.windows.net,EDS_PRD_NCApps1_RSO_PUB,ESA_PS_CTS_RM_RL_HSTRY_STG_CURR,EDS_CURR_STG,CTSAZPDMINCAPPS1.B96303A221DC.DATABASE.WINDOWS.NET,CentralRepository,dbo
ctsinazprdedssqlmi.inso1a101c37461fa.database.windows.net,EDS_PRD_NCApps1_RSO_PUB,ESA_PS_CTSRM_LE_CRS_VW_STG_CURR,EDS_CURR_STG,CTSAZPDMINCAPPS1.B96303A221DC.DATABASE.WINDOWS.NET,CentralRepository,dbo
ctsinazprdedssqlmi.inso1a101c37461fa.database.windows.net,EDS_PRD_NCApps1_RSO_PUB,ESA_PS_PROJ_STATUS_TBL_STG_CURR,EDS_CURR_STG,CTSAZPDMINCAPPS1.B96303A221DC.DATABASE.WINDOWS.NET,CentralRepository,dbo
ctsinazprdedssqlmi.inso1a101c37461fa.database.windows.net,EDS_PRD_NCApps1_RSO_PUB,ESA_PS_PROJECT_MGR_STG_CURR,EDS_CURR_STG,CTSAZPDMINCAPPS1.B96303A221DC.DATABASE.WINDOWS.NET,CentralRepository,dbo
ctsinazprdedssqlmi.inso1a101c37461fa.database.windows.net,EDS_PRD_NCApps1_RSO_PUB,FMS_PS_DEPT_TBL_STG_CURR,EDS_CURR_STG,CTSAZPDMINCAPPS1.B96303A221DC.DATABASE.WINDOWS.NET,CentralRepository,dbo
ctsinazprdedssqlmi.inso1a101c37461fa.database.windows.net,EDS_PRD_NCApps1_RSO_PUB,FMS_PS_RT_RATE_TBL_STG_CURR,EDS_CURR_STG,CTSAZPDMINCAPPS1.B96303A221DC.DATABASE.WINDOWS.NET,CentralRepository,dbo
ctsinazprdedssqlmi.inso1a101c37461fa.database.windows.net,EDS_PRD_NCApps1_RSO_PUB,HCM_PF_Associate_Skills_STG_CURR,EDS_CURR_STG,CTSAZPDMINCAPPS1.B96303A221DC.DATABASE.WINDOWS.NET,CentralRepository,dbo
ctsinazprdedssqlmi.inso1a101c37461fa.database.windows.net,EDS_PRD_NCApps1_RSO_PUB,HCM_PF_ParentChildMapping_STG_CURR_MIG,CRS_BASE_TBL,CTSAZPDMINCAPPS1.B96303A221DC.DATABASE.WINDOWS.NET,CentralRepository,dbo
ctsinazprdedssqlmi.inso1a101c37461fa.database.windows.net,EDS_PRD_NCApps1_RSO_PUB,HCM_PF_SKILL_CAT_ITEMS_STG_CURR_MIG,CRS_BASE_TBL,CTSAZPDMINCAPPS1.B96303A221DC.DATABASE.WINDOWS.NET,CentralRepository,dbo
ctsinazprdedssqlmi.inso1a101c37461fa.database.windows.net,EDS_PRD_NCApps1_RSO_PUB,HCM_PS_BUS_UNIT_TBL_HR_STG_CURR,EDS_CURR_STG,CTSAZPDMINCAPPS1.B96303A221DC.DATABASE.WINDOWS.NET,CentralRepository,dbo
ctsinazprdedssqlmi.inso1a101c37461fa.database.windows.net,EDS_PRD_NCApps1_RSO_PUB,HCM_PS_COUNTRY_TBL_STG_CURR,EDS_CURR_STG,CTSAZPDMINCAPPS1.B96303A221DC.DATABASE.WINDOWS.NET,CentralRepository,dbo
ctsinazprdedssqlmi.inso1a101c37461fa.database.windows.net,EDS_PRD_NCApps1_RSO_PUB,HCM_PS_CT_DEPT_TYPE_STG_CURR,EDS_CURR_STG,CTSAZPDMINCAPPS1.B96303A221DC.DATABASE.WINDOWS.NET,CentralRepository,dbo
ctsinazprdedssqlmi.inso1a101c37461fa.database.windows.net,EDS_PRD_NCApps1_RSO_PUB,HCM_PS_CT_MA_EMP_CMPY_STG_CURR,EDS_CURR_STG,CTSAZPDMINCAPPS1.B96303A221DC.DATABASE.WINDOWS.NET,CentralRepository,dbo
ctsinazprdedssqlmi.inso1a101c37461fa.database.windows.net,EDS_PRD_NCApps1_RSO_PUB,HCM_PS_CT_ODC_EMPL_TBL_STG_CURR,EDS_CURR_STG,CTSAZPDMINCAPPS1.B96303A221DC.DATABASE.WINDOWS.NET,CentralRepository,dbo
ctsinazprdedssqlmi.inso1a101c37461fa.database.windows.net,EDS_PRD_NCApps1_RSO_PUB,HCM_PS_CT_ODC_TM_TBL_STG_CURR,EDS_CURR_STG,CTSAZPDMINCAPPS1.B96303A221DC.DATABASE.WINDOWS.NET,CentralRepository,dbo
ctsinazprdedssqlmi.inso1a101c37461fa.database.windows.net,EDS_PRD_NCApps1_RSO_PUB,HCM_PS_CT_STATE_TBL_VW_CRS_STG_CURR,EDS_CURR_STG,CTSAZPDMINCAPPS1.B96303A221DC.DATABASE.WINDOWS.NET,CentralRepository,dbo
ctsinazprdedssqlmi.inso1a101c37461fa.database.windows.net,EDS_PRD_NCApps1_RSO_PUB,HCM_PS_CT_TM_TBL_GBL_STG_CURR,EDS_CURR_STG,CTSAZPDMINCAPPS1.B96303A221DC.DATABASE.WINDOWS.NET,CentralRepository,dbo
ctsinazprdedssqlmi.inso1a101c37461fa.database.windows.net,EDS_PRD_NCApps1_RSO_PUB,HCM_PS_DEPT_TBL_STG_CURR,EDS_CURR_STG,CTSAZPDMINCAPPS1.B96303A221DC.DATABASE.WINDOWS.NET,CentralRepository,dbo
ctsinazprdedssqlmi.inso1a101c37461fa.database.windows.net,EDS_PRD_NCApps1_RSO_PUB,HCM_PS_JOB_TASK_TBL_STG_CURR,EDS_CURR_STG,CTSAZPDMINCAPPS1.B96303A221DC.DATABASE.WINDOWS.NET,CentralRepository,dbo
ctsinazprdedssqlmi.inso1a101c37461fa.database.windows.net,EDS_PRD_NCApps1_RSO_PUB,HCM_PS_JOBCODE_TBL_STG_CURR,EDS_CURR_STG,CTSAZPDMINCAPPS1.B96303A221DC.DATABASE.WINDOWS.NET,CentralRepository,dbo
ctsinazprdedssqlmi.inso1a101c37461fa.database.windows.net,EDS_PRD_NCApps1_RSO_PUB,HCM_PS_JPM_CAT_ITEMS_STG_CURR,EDS_CURR_STG,CTSAZPDMINCAPPS1.B96303A221DC.DATABASE.WINDOWS.NET,CentralRepository,dbo
ctsinazprdedssqlmi.inso1a101c37461fa.database.windows.net,EDS_PRD_NCApps1_RSO_PUB,HCM_PS_PERS_NID_STG_CURR,EDS_CURR_STG,CTSAZPDMINCAPPS1.B96303A221DC.DATABASE.WINDOWS.NET,CentralRepository,dbo
ctsinazprdedssqlmi.inso1a101c37461fa.database.windows.net,EDS_PRD_NCApps1_RSO_PUB,HCM_PS_PRIORWORK_EXPER_STG_CURR,EDS_CURR_STG,CTSAZPDMINCAPPS1.B96303A221DC.DATABASE.WINDOWS.NET,CentralRepository,dbo
ctsinazprdedssqlmi.inso1a101c37461fa.database.windows.net,EDS_PRD_NCApps1_RSO_PUB,HCM_PS_VISA_PERMIT_TBL_STG_CURR,EDS_CURR_STG,CTSAZPDMINCAPPS1.B96303A221DC.DATABASE.WINDOWS.NET,CentralRepository,dbo
ctsinazprdedssqlmi.inso1a101c37461fa.database.windows.net,EDS_PRD_NCApps1_RSO_PUB,LM_vw_LocationMaster_STG_CURR,EDS_CURR_STG,CTSAZPDMINCAPPS1.B96303A221DC.DATABASE.WINDOWS.NET,CentralRepository,dbo
ctsinazprdedssqlmi.inso1a101c37461fa.database.windows.net,EDS_PRD_NCApps1_RSO_PUB,LM_vw_SetIDMaster_STG_CURR,EDS_CURR_STG,CTSAZPDMINCAPPS1.B96303A221DC.DATABASE.WINDOWS.NET,CentralRepository,dbo
ctsinazprdedssqlmi.inso1a101c37461fa.database.windows.net,EDS_PRD_NCApps1_RSO_PUB,LMS_LOC_STG_CURR,EDS_CURR_STG,CTSAZPDMINCAPPS1.B96303A221DC.DATABASE.WINDOWS.NET,CentralRepository,dbo
ctsinazprdedssqlmi.inso1a101c37461fa.database.windows.net,EDS_PRD_NCApps1_RSO_PUB,LMS_PERSON_STG_CURR,EDS_CURR_STG,CTSAZPDMINCAPPS1.B96303A221DC.DATABASE.WINDOWS.NET,CentralRepository,dbo
ctsinazprdedssqlmi.inso1a101c37461fa.database.windows.net,EDS_PRD_NCApps1_RSO_PUB,LMS_REGISTRATIONOFFERINGTEMPLATE_STG_CURR,EDS_CURR_STG,CTSAZPDMINCAPPS1.B96303A221DC.DATABASE.WINDOWS.NET,CentralRepository,dbo
ctsinazprdedssqlmi.inso1a101c37461fa.database.windows.net,EDS_PRD_NCApps1_RSO_PUB,LMS_STG_FAC_STG_CURR,EDS_CURR_STG,CTSAZPDMINCAPPS1.B96303A221DC.DATABASE.WINDOWS.NET,CentralRepository,dbo
ctsinazprdedssqlmi.inso1a101c37461fa.database.windows.net,EDS_PRD_NCApps1_RSO_PUB,LMS_TBL_TMX_ACTADDITIONALPROP_STG_CURR,EDS_CURR_STG,CTSAZPDMINCAPPS1.B96303A221DC.DATABASE.WINDOWS.NET,CentralRepository,dbo
ctsinazprdedssqlmi.inso1a101c37461fa.database.windows.net,EDS_PRD_NCApps1_RSO_PUB,LMS_TBL_TMX_ACTCBT_STG_CURR,EDS_CURR_STG,CTSAZPDMINCAPPS1.B96303A221DC.DATABASE.WINDOWS.NET,CentralRepository,dbo
ctsinazprdedssqlmi.inso1a101c37461fa.database.windows.net,EDS_PRD_NCApps1_RSO_PUB,LMS_TBL_TMX_ACTIVITY_STG_CURR,EDS_CURR_STG,CTSAZPDMINCAPPS1.B96303A221DC.DATABASE.WINDOWS.NET,CentralRepository,dbo
ctsinazprdedssqlmi.inso1a101c37461fa.database.windows.net,EDS_PRD_NCApps1_RSO_PUB,LMS_TBL_TMX_ATTEMPT_STG_CURR,EDS_CURR_STG,CTSAZPDMINCAPPS1.B96303A221DC.DATABASE.WINDOWS.NET,CentralRepository,dbo
ctsinazprdedssqlmi.inso1a101c37461fa.database.windows.net,EDS_PRD_NCApps1_RSO_PUB,LMS_TBL_TMX_REGISTRATION_STG_CURR,EDS_CURR_STG,CTSAZPDMINCAPPS1.B96303A221DC.DATABASE.WINDOWS.NET,CentralRepository,dbo
ctsinazprdedssqlmi.inso1a101c37461fa.database.windows.net,EDS_PRD_NCApps1_RSO_PUB,LMS_TBL_TMX_REGTRANSASSOCIATION_STG_CURR,EDS_CURR_STG,CTSAZPDMINCAPPS1.B96303A221DC.DATABASE.WINDOWS.NET,CentralRepository,dbo
ctsinazprdedssqlmi.inso1a101c37461fa.database.windows.net,EDS_PRD_NCApps1_RSO_PUB,MAINSPRING_VW_EDS_DeliveryGovernance_STG_CURR,EDS_CURR_STG,CTSAZPDMINCAPPS1.B96303A221DC.DATABASE.WINDOWS.NET,CentralRepository,dbo
ctsinazprdedssqlmi.inso1a101c37461fa.database.windows.net,EDS_PRD_NCApps1_RSO_PUB,Mainspring_VW_EDS_PMPL_STG_CURR,EDS_CURR_STG,CTSAZPDMINCAPPS1.B96303A221DC.DATABASE.WINDOWS.NET,CentralRepository,dbo
ctsinazprdedssqlmi.inso1a101c37461fa.database.windows.net,EDS_PRD_NCApps1_RSO_PUB,ONBOARDING_Vw_BuddyApp_CandidateData_STG_CURR,EDS_CURR_STG,CTSAZPDMINCAPPS1.B96303A221DC.DATABASE.WINDOWS.NET,CentralRepository,dbo
ctsinazprdedssqlmi.inso1a101c37461fa.database.windows.net,EDS_PRD_NCApps1_RSO_PUB,RHMS_tbl_EDS_BUVerticalEntityMasterData_STG_CURR,EDS_CURR_STG,CTSAZPDMINCAPPS1.B96303A221DC.DATABASE.WINDOWS.NET,CentralRepository,dbo
ctsinazprdedssqlmi.inso1a101c37461fa.database.windows.net,EDS_PRD_NCApps1_RSO_PUB,RHMS_tbl_EDS_RoleMaster_STG_CURR,EDS_CURR_STG,CTSAZPDMINCAPPS1.B96303A221DC.DATABASE.WINDOWS.NET,CentralRepository,dbo
ctsinazprdedssqlmi.inso1a101c37461fa.database.windows.net,EDS_PRD_NCApps1_RSO_PUB,SFDC_Financial_Ultimate_Parent_Account_STG_CURR,EDS_CURR_STG,CTSAZPDMINCAPPS1.B96303A221DC.DATABASE.WINDOWS.NET,CentralRepository,dbo
ctsinazprdedssqlmi.inso1a101c37461fa.database.windows.net,EDS_PRD_NCApps1_RSO_PUB,SFDC_Forecast_STG_CURR,EDS_CURR_STG,CTSAZPDMINCAPPS1.B96303A221DC.DATABASE.WINDOWS.NET,CentralRepository,dbo
ctsinazprdedssqlmi.inso1a101c37461fa.database.windows.net,EDS_PRD_NCApps1_RSO_PUB,SFDC_Opp_Serv_Line_Item_STG_CURR,EDS_CURR_STG,CTSAZPDMINCAPPS1.B96303A221DC.DATABASE.WINDOWS.NET,CentralRepository,dbo
ctsinazprdedssqlmi.inso1a101c37461fa.database.windows.net,EDS_PRD_NCApps1_RSO_PUB,SFDC_Opportunity_Closure_STG_CURR,EDS_CURR_STG,CTSAZPDMINCAPPS1.B96303A221DC.DATABASE.WINDOWS.NET,CentralRepository,dbo
ctsinazprdedssqlmi.inso1a101c37461fa.database.windows.net,EDS_PRD_NCApps1_RSO_PUB,SFDC_OpportunityLineItem_STG_CURR,EDS_CURR_STG,CTSAZPDMINCAPPS1.B96303A221DC.DATABASE.WINDOWS.NET,CentralRepository,dbo
ctsinazprdedssqlmi.inso1a101c37461fa.database.windows.net,EDS_PRD_NCApps1_RSO_PUB,SFDC_Product_STG_CURR,EDS_CURR_STG,CTSAZPDMINCAPPS1.B96303A221DC.DATABASE.WINDOWS.NET,CentralRepository,dbo
ctsinazprdedssqlmi.inso1a101c37461fa.database.windows.net,EDS_PRD_NCApps1_RSO_PUB,SFDC_User_STG_CURR,EDS_CURR_STG,CTSAZPDMINCAPPS1.B96303A221DC.DATABASE.WINDOWS.NET,CentralRepository,dbo
ctsinazprdedssqlmi.inso1a101c37461fa.database.windows.net,EDS_PRD_NCApps1_RSO_PUB,TMP_vw_TMP_CRS_SO_Details_STG_CURR,EDS_CURR_STG,CTSAZPDMINCAPPS1.B96303A221DC.DATABASE.WINDOWS.NET,CentralRepository,dbo
ctsinazprdedssqlmi.inso1a101c37461fa.database.windows.net,EDS_PRD_NCApps1_RSO_PUB,CentralRepository_Action_MIG,CRS_BASE_TBL,CTSAZPDMINCAPPS1.B96303A221DC.DATABASE.WINDOWS.NET,CentralRepository,dbo
ctsinazprdedssqlmi.inso1a101c37461fa.database.windows.net,EDS_PRD_NCApps1_RSO_PUB,CentralRepository_Associate_Details_MIG,CRS_BASE_TBL,CTSAZPDMINCAPPS1.B96303A221DC.DATABASE.WINDOWS.NET,CentralRepository,dbo
ctsinazprdedssqlmi.inso1a101c37461fa.database.windows.net,EDS_PRD_NCApps1_RSO_PUB,CentralRepository_AssociateAddress_MIG,CRS_BASE_TBL,CTSAZPDMINCAPPS1.B96303A221DC.DATABASE.WINDOWS.NET,CentralRepository,dbo
ctsinazprdedssqlmi.inso1a101c37461fa.database.windows.net,EDS_PRD_NCApps1_RSO_PUB,CentralRepository_AssociatePool_MIG,CRS_BASE_TBL,CTSAZPDMINCAPPS1.B96303A221DC.DATABASE.WINDOWS.NET,CentralRepository,dbo
ctsinazprdedssqlmi.inso1a101c37461fa.database.windows.net,EDS_PRD_NCApps1_RSO_PUB,CENTRALREPOSITORY_CANDIDATEDETAILS_MIG,CRS_BASE_TBL,CTSAZPDMINCAPPS1.B96303A221DC.DATABASE.WINDOWS.NET,CentralRepository,dbo
ctsinazprdedssqlmi.inso1a101c37461fa.database.windows.net,EDS_PRD_NCApps1_RSO_PUB,CentralRepository_Company_Master_MIG,CRS_BASE_TBL,CTSAZPDMINCAPPS1.B96303A221DC.DATABASE.WINDOWS.NET,CentralRepository,dbo
ctsinazprdedssqlmi.inso1a101c37461fa.database.windows.net,EDS_PRD_NCApps1_RSO_PUB,CentralRepository_Contacts_MIG,CRS_BASE_TBL,CTSAZPDMINCAPPS1.B96303A221DC.DATABASE.WINDOWS.NET,CentralRepository,dbo
ctsinazprdedssqlmi.inso1a101c37461fa.database.windows.net,EDS_PRD_NCApps1_RSO_PUB,CentralRepository_Contracts,CRS_BASE_TBL,CTSAZPDMINCAPPS1.B96303A221DC.DATABASE.WINDOWS.NET,CentralRepository,dbo
ctsinazprdedssqlmi.inso1a101c37461fa.database.windows.net,EDS_PRD_NCApps1_RSO_PUB,CentralRepository_DepartmentVerticalMapping,CRS_BASE_TBL,CTSAZPDMINCAPPS1.B96303A221DC.DATABASE.WINDOWS.NET,CentralRepository,dbo
ctsinazprdedssqlmi.inso1a101c37461fa.database.windows.net,EDS_PRD_NCApps1_RSO_PUB,CentralRepository_Email_Address_MIG,CRS_BASE_TBL,CTSAZPDMINCAPPS1.B96303A221DC.DATABASE.WINDOWS.NET,CentralRepository,dbo
ctsinazprdedssqlmi.inso1a101c37461fa.database.windows.net,EDS_PRD_NCApps1_RSO_PUB,CentralRepository_EmergencyContact_MIG,CRS_BASE_TBL,CTSAZPDMINCAPPS1.B96303A221DC.DATABASE.WINDOWS.NET,CentralRepository,dbo
ctsinazprdedssqlmi.inso1a101c37461fa.database.windows.net,EDS_PRD_NCApps1_RSO_PUB,CentralRepository_Entity_Details_MIG,CRS_BASE_TBL,CTSAZPDMINCAPPS1.B96303A221DC.DATABASE.WINDOWS.NET,CentralRepository,dbo
ctsinazprdedssqlmi.inso1a101c37461fa.database.windows.net,EDS_PRD_NCApps1_RSO_PUB,CentralRepository_ESA_Allocation_MIG,CRS_BASE_TBL,CTSAZPDMINCAPPS1.B96303A221DC.DATABASE.WINDOWS.NET,CentralRepository,dbo
ctsinazprdedssqlmi.inso1a101c37461fa.database.windows.net,EDS_PRD_NCApps1_RSO_PUB,CentralRepository_ESA_ProjectSupervisor_MIG,CRS_BASE_TBL,CTSAZPDMINCAPPS1.B96303A221DC.DATABASE.WINDOWS.NET,CentralRepository,dbo
ctsinazprdedssqlmi.inso1a101c37461fa.database.windows.net,EDS_PRD_NCApps1_RSO_PUB,CentralRepository_Grade_Master_MIG,CRS_BASE_TBL,CTSAZPDMINCAPPS1.B96303A221DC.DATABASE.WINDOWS.NET,CentralRepository,dbo
ctsinazprdedssqlmi.inso1a101c37461fa.database.windows.net,EDS_PRD_NCApps1_RSO_PUB,CentralRepository_GSMS_AssociateSeatInfo_MIG,CRS_BASE_TBL,CTSAZPDMINCAPPS1.B96303A221DC.DATABASE.WINDOWS.NET,CentralRepository,dbo
ctsinazprdedssqlmi.inso1a101c37461fa.database.windows.net,EDS_PRD_NCApps1_RSO_PUB,CentralRepository_GSMS_Master_MIG,CRS_BASE_TBL,CTSAZPDMINCAPPS1.B96303A221DC.DATABASE.WINDOWS.NET,CentralRepository,dbo
ctsinazprdedssqlmi.inso1a101c37461fa.database.windows.net,EDS_PRD_NCApps1_SNAP_PUB,Mainspring_VW_EDS_Projects_STG_CURR,EDS_CURR_STG,CTSAZPDMINCAPPS1.B96303A221DC.DATABASE.WINDOWS.NET,CentralRepository,dbo
ctsinazprdedssqlmi.inso1a101c37461fa.database.windows.net,EDS_PRD_NCApps1_SNAP_PUB,CentralRepository_JOB_Reference_MIG,CRS_BASE_TBL,CTSAZPDMINCAPPS1.B96303A221DC.DATABASE.WINDOWS.NET,CentralRepository,dbo
ctsinazprdedssqlmi.inso1a101c37461fa.database.windows.net,EDS_PRD_NCApps1_SNAP_PUB,SFDC_Opportunity_STG_CURR,EDS_CURR_STG,CTSAZPDMINCAPPS1.B96303A221DC.DATABASE.WINDOWS.NET,CentralRepository,dbo
ctsinazprdedssqlmi.inso1a101c37461fa.database.windows.net,EDS_PRD_NCApps1_SNAP_PUB,SFDC_Account_STG_CURR,EDS_CURR_STG,CTSAZPDMINCAPPS1.B96303A221DC.DATABASE.WINDOWS.NET,CentralRepository,dbo
ctsinazprdedssqlmi.inso1a101c37461fa.database.windows.net,EDS_PRD_NCApps1_SNAP_PUB,DataRetention_vw_Ref_Region_FY_stg_curr,EDS_CURR_STG,CTSAZPDMINCAPPS1.B96303A221DC.DATABASE.WINDOWS.NET,CentralRepository,dbo
ctsinazprdedssqlmi.inso1a101c37461fa.database.windows.net,EDS_PRD_NCApps2_RSO_PUB,cca_rdp_st_ld_report_vw_skillup_STG_CURR_CRS,EDS_CURR_STG,CTSAZPDMINCAPPS2.B96303A221DC.DATABASE.WINDOWS.NET,CentralRepository,dbo
ctsinazprdedssqlmi.inso1a101c37461fa.database.windows.net,EDS_PRD_NCApps2_RSO_PUB,CentralRepository_Associate_Details_MIG,CRS_BASE_TBL,CTSAZPDMINCAPPS2.B96303A221DC.DATABASE.WINDOWS.NET,CentralRepository,dbo
ctsinazprdedssqlmi.inso1a101c37461fa.database.windows.net,EDS_PRD_NCApps2_RSO_PUB,CentralRepository_Associate_Skills_MIG,CRS_BASE_TBL,CTSAZPDMINCAPPS2.B96303A221DC.DATABASE.WINDOWS.NET,CentralRepository,dbo
ctsinazprdedssqlmi.inso1a101c37461fa.database.windows.net,EDS_PRD_NCApps2_RSO_PUB,CentralRepository_DepartmentVerticalMapping,CRS_BASE_TBL,CTSAZPDMINCAPPS2.B96303A221DC.DATABASE.WINDOWS.NET,CentralRepository,dbo
ctsinazprdedssqlmi.inso1a101c37461fa.database.windows.net,EDS_PRD_NCApps2_RSO_PUB,CentralRepository_ESA_Allocation_MIG,CRS_BASE_TBL,CTSAZPDMINCAPPS2.B96303A221DC.DATABASE.WINDOWS.NET,CentralRepository,dbo
ctsinazprdedssqlmi.inso1a101c37461fa.database.windows.net,EDS_PRD_NCApps2_RSO_PUB,CentralRepository_GSMS_AssociateSeatInfo_MIG,CRS_BASE_TBL,CTSAZPDMINCAPPS2.B96303A221DC.DATABASE.WINDOWS.NET,CentralRepository,dbo
ctsinazprdedssqlmi.inso1a101c37461fa.database.windows.net,EDS_PRD_NCApps2_RSO_PUB,CentralRepository_GSMS_Master_MIG,CRS_BASE_TBL,CTSAZPDMINCAPPS2.B96303A221DC.DATABASE.WINDOWS.NET,CentralRepository,dbo
ctsinazprdedssqlmi.inso1a101c37461fa.database.windows.net,EDS_PRD_NCApps2_RSO_PUB,CentralRepository_GSMS_SeatMaster_MIG,CRS_BASE_TBL,CTSAZPDMINCAPPS2.B96303A221DC.DATABASE.WINDOWS.NET,CentralRepository,dbo
ctsinazprdedssqlmi.inso1a101c37461fa.database.windows.net,EDS_PRD_NCApps2_RSO_PUB,CentralRepository_HCM_CCA_Roles_MIG,CRS_BASE_TBL,CTSAZPDMINCAPPS2.B96303A221DC.DATABASE.WINDOWS.NET,CentralRepository,dbo
ctsinazprdedssqlmi.inso1a101c37461fa.database.windows.net,EDS_PRD_NCApps2_RSO_PUB,CentralRepository_HCM_RoleAttributes_MIG,CRS_BASE_TBL,CTSAZPDMINCAPPS2.B96303A221DC.DATABASE.WINDOWS.NET,CentralRepository,dbo
ctsinazprdedssqlmi.inso1a101c37461fa.database.windows.net,EDS_PRD_NCApps2_RSO_PUB,CentralRepository_HCM_RTBmember_MIG,CRS_BASE_TBL,CTSAZPDMINCAPPS2.B96303A221DC.DATABASE.WINDOWS.NET,CentralRepository,dbo
ctsinazprdedssqlmi.inso1a101c37461fa.database.windows.net,EDS_PRD_NCApps2_RSO_PUB,CentralRepository_HCMLocation_MIG,CRS_BASE_TBL,CTSAZPDMINCAPPS2.B96303A221DC.DATABASE.WINDOWS.NET,CentralRepository,dbo
ctsinazprdedssqlmi.inso1a101c37461fa.database.windows.net,EDS_PRD_NCApps2_RSO_PUB,CentralRepository_Horizontal_master_MIG,CRS_BASE_TBL,CTSAZPDMINCAPPS2.B96303A221DC.DATABASE.WINDOWS.NET,CentralRepository,dbo
ctsinazprdedssqlmi.inso1a101c37461fa.database.windows.net,EDS_PRD_NCApps2_RSO_PUB,CentralRepository_JobFamilyMaster_MIG,CRS_BASE_TBL,CTSAZPDMINCAPPS2.B96303A221DC.DATABASE.WINDOWS.NET,CentralRepository,dbo
ctsinazprdedssqlmi.inso1a101c37461fa.database.windows.net,EDS_PRD_NCApps2_RSO_PUB,CentralRepository_Jobtask_MIG,CRS_BASE_TBL,CTSAZPDMINCAPPS2.B96303A221DC.DATABASE.WINDOWS.NET,CentralRepository,dbo
ctsinazprdedssqlmi.inso1a101c37461fa.database.windows.net,EDS_PRD_NCApps2_RSO_PUB,CentralRepository_LMS_ADM_EvalForm_MIG,CRS_BASE_TBL,CTSAZPDMINCAPPS2.B96303A221DC.DATABASE.WINDOWS.NET,CentralRepository,dbo
ctsinazprdedssqlmi.inso1a101c37461fa.database.windows.net,EDS_PRD_NCApps2_RSO_PUB,CentralRepository_Project_MIG,CRS_BASE_TBL,CTSAZPDMINCAPPS2.B96303A221DC.DATABASE.WINDOWS.NET,CentralRepository,dbo
ctsinazprdedssqlmi.inso1a101c37461fa.database.windows.net,EDS_PRD_NCApps2_RSO_PUB,CentralRepository_RHMS_RoleDetails_MIG,CRS_BASE_TBL,CTSAZPDMINCAPPS2.B96303A221DC.DATABASE.WINDOWS.NET,CentralRepository,dbo
ctsinazprdedssqlmi.inso1a101c37461fa.database.windows.net,EDS_PRD_NCApps2_RSO_PUB,CentralRepository_RMG_ResourceRequest_MIG,CRS_BASE_TBL,CTSAZPDMINCAPPS2.B96303A221DC.DATABASE.WINDOWS.NET,CentralRepository,dbo
ctsinazprdedssqlmi.inso1a101c37461fa.database.windows.net,EDS_PRD_NCApps2_RSO_PUB,DataRetention_AssociateRegionRecord_STG_CURR,EDS_CURR_STG,CTSAZPDMINCAPPS2.B96303A221DC.DATABASE.WINDOWS.NET,CentralRepository,dbo
ctsinazprdedssqlmi.inso1a101c37461fa.database.windows.net,EDS_PRD_NCApps2_RSO_PUB,DataRetention_AssociateRetentionRecord_STG_CURR,EDS_CURR_STG,CTSAZPDMINCAPPS2.B96303A221DC.DATABASE.WINDOWS.NET,CentralRepository,dbo
ctsinazprdedssqlmi.inso1a101c37461fa.database.windows.net,EDS_PRD_NCApps2_RSO_PUB,DataRetention_PurgeHold_STG_CURR,EDS_CURR_STG,CTSAZPDMINCAPPS2.B96303A221DC.DATABASE.WINDOWS.NET,CentralRepository,dbo
ctsinazprdedssqlmi.inso1a101c37461fa.database.windows.net,EDS_PRD_NCApps2_RSO_PUB,DataRetention_RegionDataRetentionRule_STG_CURR,EDS_CURR_STG,CTSAZPDMINCAPPS2.B96303A221DC.DATABASE.WINDOWS.NET,CentralRepository,dbo
ctsinazprdedssqlmi.inso1a101c37461fa.database.windows.net,EDS_PRD_NCApps2_RSO_PUB,DATARETENTION_VW_ASSOCIATE_LAST_PAYOUT_DETAILS_STG_CURR,EDS_CURR_STG,CTSAZPDMINCAPPS2.B96303A221DC.DATABASE.WINDOWS.NET,CentralRepository,dbo
ctsinazprdedssqlmi.inso1a101c37461fa.database.windows.net,EDS_PRD_NCApps2_RSO_PUB,DATARETENTION_VW_COGNIZANT_ASSOCIATE_DETAILS_STG_CURR,EDS_CURR_STG,CTSAZPDMINCAPPS2.B96303A221DC.DATABASE.WINDOWS.NET,CentralRepository,dbo
ctsinazprdedssqlmi.inso1a101c37461fa.database.windows.net,EDS_PRD_NCApps2_RSO_PUB,DATARETENTION_VW_COGNIZANT_CANDIDATE_DETAILS_STG_CURR,EDS_CURR_STG,CTSAZPDMINCAPPS2.B96303A221DC.DATABASE.WINDOWS.NET,CentralRepository,dbo
ctsinazprdedssqlmi.inso1a101c37461fa.database.windows.net,EDS_PRD_NCApps2_RSO_PUB,DataRetention_VW_RETENTION_SCHEDULE_BUSINESSLOGIC_STG_CURR,EDS_CURR_STG,CTSAZPDMINCAPPS2.B96303A221DC.DATABASE.WINDOWS.NET,CentralRepository,dbo
ctsinazprdedssqlmi.inso1a101c37461fa.database.windows.net,EDS_PRD_NCApps2_RSO_PUB,DATARETENTION_VW_TRAVEL_HISTORY_STG_CURR,EDS_CURR_STG,CTSAZPDMINCAPPS2.B96303A221DC.DATABASE.WINDOWS.NET,CentralRepository,dbo
ctsinazprdedssqlmi.inso1a101c37461fa.database.windows.net,EDS_PRD_NCApps2_RSO_PUB,ESA_PS_CTPC_PRJSTS_TBL_STG_CURR,EDS_CURR_STG,CTSAZPDMINCAPPS2.B96303A221DC.DATABASE.WINDOWS.NET,CentralRepository,dbo
ctsinazprdedssqlmi.inso1a101c37461fa.database.windows.net,EDS_PRD_NCApps2_RSO_PUB,ESA_PS_CTS_PC_SS_DELG_STG_CURR,EDS_CURR_STG,CTSAZPDMINCAPPS2.B96303A221DC.DATABASE.WINDOWS.NET,CentralRepository,dbo
ctsinazprdedssqlmi.inso1a101c37461fa.database.windows.net,EDS_PRD_NCApps2_RSO_PUB,ESA_PS_CTS_PRACTIC_TBL_STG_CURR,EDS_CURR_STG,CTSAZPDMINCAPPS2.B96303A221DC.DATABASE.WINDOWS.NET,CentralRepository,dbo
ctsinazprdedssqlmi.inso1a101c37461fa.database.windows.net,EDS_PRD_NCApps2_RSO_PUB,ESA_PS_CTS_RM_RL_HSTRY_STG_CURR,EDS_CURR_STG,CTSAZPDMINCAPPS2.B96303A221DC.DATABASE.WINDOWS.NET,CentralRepository,dbo
ctsinazprdedssqlmi.inso1a101c37461fa.database.windows.net,EDS_PRD_NCApps2_RSO_PUB,ESA_PS_PROJECT_MGR_STG_CURR,EDS_CURR_STG,CTSAZPDMINCAPPS2.B96303A221DC.DATABASE.WINDOWS.NET,CentralRepository,dbo
ctsinazprdedssqlmi.inso1a101c37461fa.database.windows.net,EDS_PRD_NCApps2_RSO_PUB,FMS_PS_CTS_GL_LVL_TBL_STG_CURR,EDS_CURR_STG,CTSAZPDMINCAPPS2.B96303A221DC.DATABASE.WINDOWS.NET,CentralRepository,dbo
ctsinazprdedssqlmi.inso1a101c37461fa.database.windows.net,EDS_PRD_NCApps2_RSO_PUB,HCM_PF_Associate_Skills_STG_CURR,EDS_CURR_STG,CTSAZPDMINCAPPS2.B96303A221DC.DATABASE.WINDOWS.NET,CentralRepository,dbo
ctsinazprdedssqlmi.inso1a101c37461fa.database.windows.net,EDS_PRD_NCApps2_RSO_PUB,HCM_PF_ParentChildMapping_STG_CURR_MIG,CRS_BASE_TBL,CTSAZPDMINCAPPS2.B96303A221DC.DATABASE.WINDOWS.NET,CentralRepository,dbo
ctsinazprdedssqlmi.inso1a101c37461fa.database.windows.net,EDS_PRD_NCApps2_RSO_PUB,HCM_PF_SKILL_CAT_ITEMS_STG_CURR_MIG,CRS_BASE_TBL,CTSAZPDMINCAPPS2.B96303A221DC.DATABASE.WINDOWS.NET,CentralRepository,dbo
ctsinazprdedssqlmi.inso1a101c37461fa.database.windows.net,EDS_PRD_NCApps2_RSO_PUB,HCM_PS_CM_ROLE_COMPS_STG_CURR,EDS_CURR_STG,CTSAZPDMINCAPPS2.B96303A221DC.DATABASE.WINDOWS.NET,CentralRepository,dbo
ctsinazprdedssqlmi.inso1a101c37461fa.database.windows.net,EDS_PRD_NCApps2_RSO_PUB,HCM_PS_COUNTRY_TBL_STG_CURR,EDS_CURR_STG,CTSAZPDMINCAPPS2.B96303A221DC.DATABASE.WINDOWS.NET,CentralRepository,dbo
ctsinazprdedssqlmi.inso1a101c37461fa.database.windows.net,EDS_PRD_NCApps2_RSO_PUB,HCM_PS_CT_CLUSTERSETUP_STG_CURR,EDS_CURR_STG,CTSAZPDMINCAPPS2.B96303A221DC.DATABASE.WINDOWS.NET,CentralRepository,dbo
ctsinazprdedssqlmi.inso1a101c37461fa.database.windows.net,EDS_PRD_NCApps2_RSO_PUB,HCM_PS_CT_DEPT_TYPE_STG_CURR,EDS_CURR_STG,CTSAZPDMINCAPPS2.B96303A221DC.DATABASE.WINDOWS.NET,CentralRepository,dbo
ctsinazprdedssqlmi.inso1a101c37461fa.database.windows.net,EDS_PRD_NCApps2_RSO_PUB,HCM_PS_CT_TM_TBL_GBL_STG_CURR,EDS_CURR_STG,CTSAZPDMINCAPPS2.B96303A221DC.DATABASE.WINDOWS.NET,CentralRepository,dbo
ctsinazprdedssqlmi.inso1a101c37461fa.database.windows.net,EDS_PRD_NCApps2_RSO_PUB,HCM_PS_DEPT_TBL_STG_CURR,EDS_CURR_STG,CTSAZPDMINCAPPS2.B96303A221DC.DATABASE.WINDOWS.NET,CentralRepository,dbo
ctsinazprdedssqlmi.inso1a101c37461fa.database.windows.net,EDS_PRD_NCApps2_RSO_PUB,HCM_PS_JOB_TASK_TBL_STG_CURR,EDS_CURR_STG,CTSAZPDMINCAPPS2.B96303A221DC.DATABASE.WINDOWS.NET,CentralRepository,dbo
ctsinazprdedssqlmi.inso1a101c37461fa.database.windows.net,EDS_PRD_NCApps2_RSO_PUB,HCM_PS_JOBCODE_TBL_STG_CURR,EDS_CURR_STG,CTSAZPDMINCAPPS2.B96303A221DC.DATABASE.WINDOWS.NET,CentralRepository,dbo
ctsinazprdedssqlmi.inso1a101c37461fa.database.windows.net,EDS_PRD_NCApps2_RSO_PUB,HCM_PS_JPM_CAT_GMEMB_STG_CURR,EDS_CURR_STG,CTSAZPDMINCAPPS2.B96303A221DC.DATABASE.WINDOWS.NET,CentralRepository,dbo
ctsinazprdedssqlmi.inso1a101c37461fa.database.windows.net,EDS_PRD_NCApps2_RSO_PUB,HCM_PS_JPM_CAT_ITEMS_STG_CURR,EDS_CURR_STG,CTSAZPDMINCAPPS2.B96303A221DC.DATABASE.WINDOWS.NET,CentralRepository,dbo
ctsinazprdedssqlmi.inso1a101c37461fa.database.windows.net,EDS_PRD_NCApps2_RSO_PUB,LM_vw_LocationMaster_STG_CURR,EDS_CURR_STG,CTSAZPDMINCAPPS2.B96303A221DC.DATABASE.WINDOWS.NET,CentralRepository,dbo
ctsinazprdedssqlmi.inso1a101c37461fa.database.windows.net,EDS_PRD_NCApps2_RSO_PUB,LMS_ACTFILTERS_STG_CURR,EDS_CURR_STG,CTSAZPDMINCAPPS2.B96303A221DC.DATABASE.WINDOWS.NET,CentralRepository,dbo
ctsinazprdedssqlmi.inso1a101c37461fa.database.windows.net,EDS_PRD_NCApps2_RSO_PUB,LMS_ACTIVITYRDPASSOCIATIONS_STG_CURR,EDS_CURR_STG,CTSAZPDMINCAPPS2.B96303A221DC.DATABASE.WINDOWS.NET,CentralRepository,dbo
ctsinazprdedssqlmi.inso1a101c37461fa.database.windows.net,EDS_PRD_NCApps2_RSO_PUB,LMS_ACTIVITYSKILL_STG_CURR,EDS_CURR_STG,CTSAZPDMINCAPPS2.B96303A221DC.DATABASE.WINDOWS.NET,CentralRepository,dbo
ctsinazprdedssqlmi.inso1a101c37461fa.database.windows.net,EDS_PRD_NCApps2_RSO_PUB,LMS_ACTIVITYVIRTUALLABDETAIL_STG_CURR,EDS_CURR_STG,CTSAZPDMINCAPPS2.B96303A221DC.DATABASE.WINDOWS.NET,CentralRepository,dbo
ctsinazprdedssqlmi.inso1a101c37461fa.database.windows.net,EDS_PRD_NCApps2_RSO_PUB,LMS_ACTLABEL_STG_CURR,EDS_CURR_STG,CTSAZPDMINCAPPS2.B96303A221DC.DATABASE.WINDOWS.NET,CentralRepository,dbo
ctsinazprdedssqlmi.inso1a101c37461fa.database.windows.net,EDS_PRD_NCApps2_RSO_PUB,LMS_DIMENSIONVALUE_STG_CURR,EDS_CURR_STG,CTSAZPDMINCAPPS2.B96303A221DC.DATABASE.WINDOWS.NET,CentralRepository,dbo
ctsinazprdedssqlmi.inso1a101c37461fa.database.windows.net,EDS_PRD_NCApps2_RSO_PUB,LMS_DOMACT_STG_CURR,EDS_CURR_STG,CTSAZPDMINCAPPS2.B96303A221DC.DATABASE.WINDOWS.NET,CentralRepository,dbo
ctsinazprdedssqlmi.inso1a101c37461fa.database.windows.net,EDS_PRD_NCApps2_RSO_PUB,LMS_LAUNCHMTD_STG_CURR,EDS_CURR_STG,CTSAZPDMINCAPPS2.B96303A221DC.DATABASE.WINDOWS.NET,CentralRepository,dbo
ctsinazprdedssqlmi.inso1a101c37461fa.database.windows.net,EDS_PRD_NCApps2_RSO_PUB,LMS_LEMTD_STG_CURR,EDS_CURR_STG,CTSAZPDMINCAPPS2.B96303A221DC.DATABASE.WINDOWS.NET,CentralRepository,dbo
ctsinazprdedssqlmi.inso1a101c37461fa.database.windows.net,EDS_PRD_NCApps2_RSO_PUB,LMS_LOC_STG_CURR,EDS_CURR_STG,CTSAZPDMINCAPPS2.B96303A221DC.DATABASE.WINDOWS.NET,CentralRepository,dbo
ctsinazprdedssqlmi.inso1a101c37461fa.database.windows.net,EDS_PRD_NCApps2_RSO_PUB,LMS_MEDIAMANAGER_STG_CURR,EDS_CURR_STG,CTSAZPDMINCAPPS2.B96303A221DC.DATABASE.WINDOWS.NET,CentralRepository,dbo
ctsinazprdedssqlmi.inso1a101c37461fa.database.windows.net,EDS_PRD_NCApps2_RSO_PUB,LMS_ORGANIZATION_STG_CURR,EDS_CURR_STG,CTSAZPDMINCAPPS2.B96303A221DC.DATABASE.WINDOWS.NET,CentralRepository,dbo
ctsinazprdedssqlmi.inso1a101c37461fa.database.windows.net,EDS_PRD_NCApps2_RSO_PUB,LMS_PERSON_STG_CURR,EDS_CURR_STG,CTSAZPDMINCAPPS2.B96303A221DC.DATABASE.WINDOWS.NET,CentralRepository,dbo
ctsinazprdedssqlmi.inso1a101c37461fa.database.windows.net,EDS_PRD_NCApps2_RSO_PUB,LMS_PERSONACQUIREDSKILL_STG_CURR,EDS_CURR_STG,CTSAZPDMINCAPPS2.B96303A221DC.DATABASE.WINDOWS.NET,CentralRepository,dbo
ctsinazprdedssqlmi.inso1a101c37461fa.database.windows.net,EDS_PRD_NCApps2_RSO_PUB,LMS_REGISTRATIONOFFERINGTEMPLATE_STG_CURR,EDS_CURR_STG,CTSAZPDMINCAPPS2.B96303A221DC.DATABASE.WINDOWS.NET,CentralRepository,dbo
ctsinazprdedssqlmi.inso1a101c37461fa.database.windows.net,EDS_PRD_NCApps2_RSO_PUB,LMS_SKILLMASTER_STG_CURR,EDS_CURR_STG,CTSAZPDMINCAPPS2.B96303A221DC.DATABASE.WINDOWS.NET,CentralRepository,dbo
ctsinazprdedssqlmi.inso1a101c37461fa.database.windows.net,EDS_PRD_NCApps2_RSO_PUB,LMS_STG_ActAudReq_STG_CURR,EDS_CURR_STG,CTSAZPDMINCAPPS2.B96303A221DC.DATABASE.WINDOWS.NET,CentralRepository,dbo
ctsinazprdedssqlmi.inso1a101c37461fa.database.windows.net,EDS_PRD_NCApps2_RSO_PUB,LMS_STG_ActEval_STG_CURR,EDS_CURR_STG,CTSAZPDMINCAPPS2.B96303A221DC.DATABASE.WINDOWS.NET,CentralRepository,dbo
ctsinazprdedssqlmi.inso1a101c37461fa.database.windows.net,EDS_PRD_NCApps2_RSO_PUB,LMS_STG_ACTRDPJOB_STG_CURR,EDS_CURR_STG,CTSAZPDMINCAPPS2.B96303A221DC.DATABASE.WINDOWS.NET,CentralRepository,dbo
ctsinazprdedssqlmi.inso1a101c37461fa.database.windows.net,EDS_PRD_NCApps2_RSO_PUB,LMS_STG_ACTRDPORG_STG_CURR,EDS_CURR_STG,CTSAZPDMINCAPPS2.B96303A221DC.DATABASE.WINDOWS.NET,CentralRepository,dbo
ctsinazprdedssqlmi.inso1a101c37461fa.database.windows.net,EDS_PRD_NCApps2_RSO_PUB,LMS_STG_Code_STG_CURR,EDS_CURR_STG,CTSAZPDMINCAPPS2.B96303A221DC.DATABASE.WINDOWS.NET,CentralRepository,dbo
ctsinazprdedssqlmi.inso1a101c37461fa.database.windows.net,EDS_PRD_NCApps2_RSO_PUB,LMS_STG_CONVERTTIMEZONEDATA_STG_CURR,EDS_CURR_STG,CTSAZPDMINCAPPS2.B96303A221DC.DATABASE.WINDOWS.NET,CentralRepository,dbo
ctsinazprdedssqlmi.inso1a101c37461fa.database.windows.net,EDS_PRD_NCApps2_RSO_PUB,LMS_STG_FAC_STG_CURR,EDS_CURR_STG,CTSAZPDMINCAPPS2.B96303A221DC.DATABASE.WINDOWS.NET,CentralRepository,dbo
ctsinazprdedssqlmi.inso1a101c37461fa.database.windows.net,EDS_PRD_NCApps2_RSO_PUB,LMS_STG_Inst_STG_CURR,EDS_CURR_STG,CTSAZPDMINCAPPS2.B96303A221DC.DATABASE.WINDOWS.NET,CentralRepository,dbo
ctsinazprdedssqlmi.inso1a101c37461fa.database.windows.net,EDS_PRD_NCApps2_RSO_PUB,LMS_STG_Job_STG_CURR,EDS_CURR_STG,CTSAZPDMINCAPPS2.B96303A221DC.DATABASE.WINDOWS.NET,CentralRepository,dbo
ctsinazprdedssqlmi.inso1a101c37461fa.database.windows.net,EDS_PRD_NCApps2_RSO_PUB,LMS_STG_STARRATING_ACTIVITYEMP_STG_CURR,EDS_CURR_STG,CTSAZPDMINCAPPS2.B96303A221DC.DATABASE.WINDOWS.NET,CentralRepository,dbo
ctsinazprdedssqlmi.inso1a101c37461fa.database.windows.net,EDS_PRD_NCApps2_RSO_PUB,LMS_STG_TIMEZONE_STG_CURR,EDS_CURR_STG,CTSAZPDMINCAPPS2.B96303A221DC.DATABASE.WINDOWS.NET,CentralRepository,dbo
ctsinazprdedssqlmi.inso1a101c37461fa.database.windows.net,EDS_PRD_NCApps2_RSO_PUB,LMS_STG_TIMEZONEDATA_STG_CURR,EDS_CURR_STG,CTSAZPDMINCAPPS2.B96303A221DC.DATABASE.WINDOWS.NET,CentralRepository,dbo
ctsinazprdedssqlmi.inso1a101c37461fa.database.windows.net,EDS_PRD_NCApps2_RSO_PUB,LMS_STG_TopicWiseScoreDetails_STG_CURR,EDS_CURR_STG,CTSAZPDMINCAPPS2.B96303A221DC.DATABASE.WINDOWS.NET,CentralRepository,dbo
ctsinazprdedssqlmi.inso1a101c37461fa.database.windows.net,EDS_PRD_NCApps2_RSO_PUB,LMS_STG_VIRTUALLABINFO_STG_CURR,EDS_CURR_STG,CTSAZPDMINCAPPS2.B96303A221DC.DATABASE.WINDOWS.NET,CentralRepository,dbo
ctsinazprdedssqlmi.inso1a101c37461fa.database.windows.net,EDS_PRD_NCApps2_RSO_PUB,LMS_TBL_ADM_EVALANSWER_STG_CURR,EDS_CURR_STG,CTSAZPDMINCAPPS2.B96303A221DC.DATABASE.WINDOWS.NET,CentralRepository,dbo
ctsinazprdedssqlmi.inso1a101c37461fa.database.windows.net,EDS_PRD_NCApps2_RSO_PUB,LMS_TBL_ADM_EVALSTATUS_STG_CURR,EDS_CURR_STG,CTSAZPDMINCAPPS2.B96303A221DC.DATABASE.WINDOWS.NET,CentralRepository,dbo
ctsinazprdedssqlmi.inso1a101c37461fa.database.windows.net,EDS_PRD_NCApps2_RSO_PUB,LMS_TBL_LMS_EVALQUESTION_STG_CURR,EDS_CURR_STG,CTSAZPDMINCAPPS2.B96303A221DC.DATABASE.WINDOWS.NET,CentralRepository,dbo
ctsinazprdedssqlmi.inso1a101c37461fa.database.windows.net,EDS_PRD_NCApps2_RSO_PUB,LMS_TBL_TAX_ITEM_STG_CURR,EDS_CURR_STG,CTSAZPDMINCAPPS2.B96303A221DC.DATABASE.WINDOWS.NET,CentralRepository,dbo
ctsinazprdedssqlmi.inso1a101c37461fa.database.windows.net,EDS_PRD_NCApps2_RSO_PUB,LMS_TBL_TAX_NODE_STG_CURR,EDS_CURR_STG,CTSAZPDMINCAPPS2.B96303A221DC.DATABASE.WINDOWS.NET,CentralRepository,dbo
ctsinazprdedssqlmi.inso1a101c37461fa.database.windows.net,EDS_PRD_NCApps2_RSO_PUB,LMS_TBL_TMX_ACTADDITIONALPROP_STG_CURR,EDS_CURR_STG,CTSAZPDMINCAPPS2.B96303A221DC.DATABASE.WINDOWS.NET,CentralRepository,dbo
ctsinazprdedssqlmi.inso1a101c37461fa.database.windows.net,EDS_PRD_NCApps2_RSO_PUB,LMS_TBL_TMX_ACTAUD_STG_CURR,EDS_CURR_STG,CTSAZPDMINCAPPS2.B96303A221DC.DATABASE.WINDOWS.NET,CentralRepository,dbo
ctsinazprdedssqlmi.inso1a101c37461fa.database.windows.net,EDS_PRD_NCApps2_RSO_PUB,LMS_TBL_TMX_ACTCBT_STG_CURR,EDS_CURR_STG,CTSAZPDMINCAPPS2.B96303A221DC.DATABASE.WINDOWS.NET,CentralRepository,dbo
ctsinazprdedssqlmi.inso1a101c37461fa.database.windows.net,EDS_PRD_NCApps2_RSO_PUB,LMS_TBL_TMX_ACTINST_STG_CURR,EDS_CURR_STG,CTSAZPDMINCAPPS2.B96303A221DC.DATABASE.WINDOWS.NET,CentralRepository,dbo
ctsinazprdedssqlmi.inso1a101c37461fa.database.windows.net,EDS_PRD_NCApps2_RSO_PUB,LMS_TBL_TMX_ACTIVITY_STG_CURR,EDS_CURR_STG,CTSAZPDMINCAPPS2.B96303A221DC.DATABASE.WINDOWS.NET,CentralRepository,dbo
ctsinazprdedssqlmi.inso1a101c37461fa.database.windows.net,EDS_PRD_NCApps2_RSO_PUB,LMS_TBL_TMX_ACTLINKS_STG_CURR,EDS_CURR_STG,CTSAZPDMINCAPPS2.B96303A221DC.DATABASE.WINDOWS.NET,CentralRepository,dbo
ctsinazprdedssqlmi.inso1a101c37461fa.database.windows.net,EDS_PRD_NCApps2_RSO_PUB,LMS_TBL_TMX_ACTLOC_STG_CURR,EDS_CURR_STG,CTSAZPDMINCAPPS2.B96303A221DC.DATABASE.WINDOWS.NET,CentralRepository,dbo
ctsinazprdedssqlmi.inso1a101c37461fa.database.windows.net,EDS_PRD_NCApps2_RSO_PUB,LMS_TBL_TMX_ACTMETADATA_STG_CURR,EDS_CURR_STG,CTSAZPDMINCAPPS2.B96303A221DC.DATABASE.WINDOWS.NET,CentralRepository,dbo
ctsinazprdedssqlmi.inso1a101c37461fa.database.windows.net,EDS_PRD_NCApps2_RSO_PUB,LMS_TBL_TMX_ACTOPT_STG_CURR,EDS_CURR_STG,CTSAZPDMINCAPPS2.B96303A221DC.DATABASE.WINDOWS.NET,CentralRepository,dbo
ctsinazprdedssqlmi.inso1a101c37461fa.database.windows.net,EDS_PRD_NCApps2_RSO_PUB,LMS_TBL_TMX_ACTPREQ_STG_CURR,EDS_CURR_STG,CTSAZPDMINCAPPS2.B96303A221DC.DATABASE.WINDOWS.NET,CentralRepository,dbo
ctsinazprdedssqlmi.inso1a101c37461fa.database.windows.net,EDS_PRD_NCApps2_RSO_PUB,LMS_TBL_TMX_ATTEMPT_STG_CURR,EDS_CURR_STG,CTSAZPDMINCAPPS2.B96303A221DC.DATABASE.WINDOWS.NET,CentralRepository,dbo
ctsinazprdedssqlmi.inso1a101c37461fa.database.windows.net,EDS_PRD_NCApps2_RSO_PUB,LMS_TBL_TMX_AUDIENCE_STG_CURR,EDS_CURR_STG,CTSAZPDMINCAPPS2.B96303A221DC.DATABASE.WINDOWS.NET,CentralRepository,dbo
ctsinazprdedssqlmi.inso1a101c37461fa.database.windows.net,EDS_PRD_NCApps2_RSO_PUB,LMS_TBL_TMX_DATASETUSERS_STG_CURR,EDS_CURR_STG,CTSAZPDMINCAPPS2.B96303A221DC.DATABASE.WINDOWS.NET,CentralRepository,dbo
ctsinazprdedssqlmi.inso1a101c37461fa.database.windows.net,EDS_PRD_NCApps2_RSO_PUB,LMS_TBL_TMX_REGISTRATION_STG_CURR,EDS_CURR_STG,CTSAZPDMINCAPPS2.B96303A221DC.DATABASE.WINDOWS.NET,CentralRepository,dbo
ctsinazprdedssqlmi.inso1a101c37461fa.database.windows.net,EDS_PRD_NCApps2_RSO_PUB,LMS_TBL_TMX_REGTRACK_STG_CURR,EDS_CURR_STG,CTSAZPDMINCAPPS2.B96303A221DC.DATABASE.WINDOWS.NET,CentralRepository,dbo
ctsinazprdedssqlmi.inso1a101c37461fa.database.windows.net,EDS_PRD_NCApps2_RSO_PUB,LMS_TBL_TMX_REGTRANSASSOCIATION_STG_CURR,EDS_CURR_STG,CTSAZPDMINCAPPS2.B96303A221DC.DATABASE.WINDOWS.NET,CentralRepository,dbo
ctsinazprdedssqlmi.inso1a101c37461fa.database.windows.net,EDS_PRD_NCApps2_RSO_PUB,LMS_TBL_TMX_RULESETAUD_STG_CURR,EDS_CURR_STG,CTSAZPDMINCAPPS2.B96303A221DC.DATABASE.WINDOWS.NET,CentralRepository,dbo
ctsinazprdedssqlmi.inso1a101c37461fa.database.windows.net,EDS_PRD_NCApps2_RSO_PUB,LMS_TBL_TMX_RULESETDATASET_STG_CURR,EDS_CURR_STG,CTSAZPDMINCAPPS2.B96303A221DC.DATABASE.WINDOWS.NET,CentralRepository,dbo
ctsinazprdedssqlmi.inso1a101c37461fa.database.windows.net,EDS_PRD_NCApps2_RSO_PUB,LMS_TBL_TMX_USERREQUIREDACT_STG_CURR,EDS_CURR_STG,CTSAZPDMINCAPPS2.B96303A221DC.DATABASE.WINDOWS.NET,CentralRepository,dbo
ctsinazprdedssqlmi.inso1a101c37461fa.database.windows.net,EDS_PRD_NCApps2_RSO_PUB,LMS_USERVMASSIGNMENT_STG_CURR,EDS_CURR_STG,CTSAZPDMINCAPPS2.B96303A221DC.DATABASE.WINDOWS.NET,CentralRepository,dbo
ctsinazprdedssqlmi.inso1a101c37461fa.database.windows.net,EDS_PRD_NCApps2_RSO_PUB,LMS_VIRTUALLABTRANSACTION_STG_CURR,EDS_CURR_STG,CTSAZPDMINCAPPS2.B96303A221DC.DATABASE.WINDOWS.NET,CentralRepository,dbo
ctsinazprdedssqlmi.inso1a101c37461fa.database.windows.net,EDS_PRD_NCApps2_RSO_PUB,MySkills_MS_DemandUnit_Master_STG_CURR,EDS_CURR_STG,CTSAZPDMINCAPPS2.B96303A221DC.DATABASE.WINDOWS.NET,CentralRepository,dbo
ctsinazprdedssqlmi.inso1a101c37461fa.database.windows.net,EDS_PRD_NCApps2_RSO_PUB,MySkills_MS_DemandUnit_Skills_STG_CURR,EDS_CURR_STG,CTSAZPDMINCAPPS2.B96303A221DC.DATABASE.WINDOWS.NET,CentralRepository,dbo
ctsinazprdedssqlmi.inso1a101c37461fa.database.windows.net,EDS_PRD_NCApps2_RSO_PUB,MySkills_MS_Service_Master_STG_CURR,EDS_CURR_STG,CTSAZPDMINCAPPS2.B96303A221DC.DATABASE.WINDOWS.NET,CentralRepository,dbo
ctsinazprdedssqlmi.inso1a101c37461fa.database.windows.net,EDS_PRD_NCApps2_RSO_PUB,MySkills_MS_SkillCluster_Master_STG_CURR,EDS_CURR_STG,CTSAZPDMINCAPPS2.B96303A221DC.DATABASE.WINDOWS.NET,CentralRepository,dbo
ctsinazprdedssqlmi.inso1a101c37461fa.database.windows.net,EDS_PRD_NCApps2_RSO_PUB,MySkills_MS_SkillCluster_Practices_STG_CURR,EDS_CURR_STG,CTSAZPDMINCAPPS2.B96303A221DC.DATABASE.WINDOWS.NET,CentralRepository,dbo
ctsinazprdedssqlmi.inso1a101c37461fa.database.windows.net,EDS_PRD_NCApps2_RSO_PUB,MySkills_MS_SkillCluster_Services_STG_CURR,EDS_CURR_STG,CTSAZPDMINCAPPS2.B96303A221DC.DATABASE.WINDOWS.NET,CentralRepository,dbo
ctsinazprdedssqlmi.inso1a101c37461fa.database.windows.net,EDS_PRD_NCApps2_RSO_PUB,MySkills_MS_SkillCluster_Skills_STG_CURR,EDS_CURR_STG,CTSAZPDMINCAPPS2.B96303A221DC.DATABASE.WINDOWS.NET,CentralRepository,dbo
ctsinazprdedssqlmi.inso1a101c37461fa.database.windows.net,EDS_PRD_NCApps2_RSO_PUB,PRISM_HRMS_FINAL,EDS_STG_PROV,CTSAZPDMINCAPPS2.B96303A221DC.DATABASE.WINDOWS.NET,CentralRepository,dbo
ctsinazprdedssqlmi.inso1a101c37461fa.database.windows.net,EDS_PRD_NCApps2_RSO_PUB,RHMS_tbl_EDS_BUVerticalEntityMasterData_STG_CURR,EDS_CURR_STG,CTSAZPDMINCAPPS2.B96303A221DC.DATABASE.WINDOWS.NET,CentralRepository,dbo
ctsinazprdedssqlmi.inso1a101c37461fa.database.windows.net,EDS_PRD_NCApps2_RSO_PUB,SFDC_Financial_Ultimate_Parent_Account_STG_CURR,EDS_CURR_STG,CTSAZPDMINCAPPS2.B96303A221DC.DATABASE.WINDOWS.NET,CentralRepository,dbo
ctsinazprdedssqlmi.inso1a101c37461fa.database.windows.net,EDS_PRD_NCApps2_RSO_PUB,AcdmyRprt_cca_rdp_st_ld_report_vw_skillup_STG_CURR,EDS_CURR_STG,CTSAZPDMINCAPPS2.B96303A221DC.DATABASE.WINDOWS.NET,CentralRepository,dbo
ctsinazprdedssqlmi.inso1a101c37461fa.database.windows.net,EDS_PRD_NCApps2_SNAP_PUB,CentralRepository_JOB_Reference_MIG,CRS_BASE_TBL,CTSAZPDMINCAPPS2.B96303A221DC.DATABASE.WINDOWS.NET,CentralRepository,dbo
ctsinazprdedssqlmi.inso1a101c37461fa.database.windows.net,EDS_PRD_NCApps2_SNAP_PUB,MySkills_UserSkillingPath_STG_CURR,EDS_CURR_STG,CTSAZPDMINCAPPS2.B96303A221DC.DATABASE.WINDOWS.NET,CentralRepository,dbo
ctsinazprdedssqlmi.inso1a101c37461fa.database.windows.net,EDS_PRD_NCApps2_SNAP_PUB,DataRetention_vw_Ref_Region_FY_stg_curr,EDS_CURR_STG,CTSAZPDMINCAPPS2.B96303A221DC.DATABASE.WINDOWS.NET,CentralRepository,dbo
ctsinazprdedssqlmi.inso1a101c37461fa.database.windows.net,EDS_PRD_NCApps2_SNAP_PUB,SFDC_Account_STG_CURR,EDS_CURR_STG,CTSAZPDMINCAPPS2.B96303A221DC.DATABASE.WINDOWS.NET,CentralRepository,dbo
ctsinazprdedssqlmi.inso1a101c37461fa.database.windows.net,EDS_PRD_PAAS_DR_SNAP_PUB,CentralRepository_HCM_RTBmember_MIG,CRS_BASE_TBL,CTSAZDRMIBCCRS.INSO1A101C37461FA.DATABASE.WINDOWS.NET,ent_data_store_sub,dbo
ctsinazprdedssqlmi.inso1a101c37461fa.database.windows.net,EDS_PRD_PAAS_DR_SNAP_PUB,CentralRepository_ESA_JobData_MIG,CRS_BASE_TBL,CTSAZDRMIBCCRS.INSO1A101C37461FA.DATABASE.WINDOWS.NET,ent_data_store_sub,dbo
ctsinazprdedssqlmi.inso1a101c37461fa.database.windows.net,EDS_PRD_PAAS_DR_SNAP_PUB,SFDC_Forecast_STG_CURR,EDS_CURR_STG,CTSAZDRMIBCCRS.INSO1A101C37461FA.DATABASE.WINDOWS.NET,ent_data_store_sub,dbo
ctsinazprdedssqlmi.inso1a101c37461fa.database.windows.net,EDS_PRD_PAAS_DR_SNAP_PUB,CentralRepository_EAM_Current_bal_MIG,CRS_BASE_TBL,CTSAZDRMIBCCRS.INSO1A101C37461FA.DATABASE.WINDOWS.NET,ent_data_store_sub,dbo
ctsinazprdedssqlmi.inso1a101c37461fa.database.windows.net,EDS_PRD_PAAS_DR_SNAP_PUB,ESA_PS_CTS_IN_ITM_STG_STG_CURR,EDS_CURR_STG,CTSAZDRMIBCCRS.INSO1A101C37461FA.DATABASE.WINDOWS.NET,ent_data_store_sub,dbo
ctsinazprdedssqlmi.inso1a101c37461fa.database.windows.net,EDS_PRD_PAAS_DR_SNAP_PUB,CentralRepository_Talview_Techios_Applicantskills,CRS_BASE_TBL,CTSAZDRMIBCCRS.INSO1A101C37461FA.DATABASE.WINDOWS.NET,ent_data_store_sub,dbo
ctsinazprdedssqlmi.inso1a101c37461fa.database.windows.net,EDS_PRD_PAAS_DR_SNAP_PUB,SFDC_Account_Team_STG_CURR,EDS_CURR_STG,CTSAZDRMIBCCRS.INSO1A101C37461FA.DATABASE.WINDOWS.NET,ent_data_store_sub,dbo
ctsinazprdedssqlmi.inso1a101c37461fa.database.windows.net,EDS_PRD_PAAS_DR_SNAP_PUB,CHire_CandidateEducation_STG_CURR,EDS_CURR_STG,CTSAZDRMIBCCRS.INSO1A101C37461FA.DATABASE.WINDOWS.NET,ent_data_store_sub,dbo
ctsinazprdedssqlmi.inso1a101c37461fa.database.windows.net,EDS_PRD_PAAS_DR_SNAP_PUB,ESA_PS_CTS_BILL_ROLE_STG_CURR,EDS_CURR_STG,CTSAZDRMIBCCRS.INSO1A101C37461FA.DATABASE.WINDOWS.NET,ent_data_store_sub,dbo
ctsinazprdedssqlmi.inso1a101c37461fa.database.windows.net,EDS_PRD_PAAS_DR_SNAP_PUB,CHire_RRCollaborators_STG_CURR,EDS_CURR_STG,CTSAZDRMIBCCRS.INSO1A101C37461FA.DATABASE.WINDOWS.NET,ent_data_store_sub,dbo
ctsinazprdedssqlmi.inso1a101c37461fa.database.windows.net,EDS_PRD_PAAS_DR_SNAP_PUB,CentralRepository_HCM_Offerlettercontentdetails_MIG,CRS_BASE_TBL,CTSAZDRMIBCCRS.INSO1A101C37461FA.DATABASE.WINDOWS.NET,ent_data_store_sub,dbo
ctsinazprdedssqlmi.inso1a101c37461fa.database.windows.net,EDS_PRD_PAAS_DR_SNAP_PUB,CentralRepository_Rate_Master_MIG,CRS_BASE_TBL,CTSAZDRMIBCCRS.INSO1A101C37461FA.DATABASE.WINDOWS.NET,ent_data_store_sub,dbo
ctsinazprdedssqlmi.inso1a101c37461fa.database.windows.net,EDS_PRD_PAAS_DR_SNAP_PUB,SFDC_Opp_Serv_Line_Item_STG_CURR,EDS_CURR_STG,CTSAZDRMIBCCRS.INSO1A101C37461FA.DATABASE.WINDOWS.NET,ent_data_store_sub,dbo
ctsinazprdedssqlmi.inso1a101c37461fa.database.windows.net,EDS_PRD_PAAS_DR_SNAP_PUB,CentralRepository_HCM_ResignationReasonDetails_MIG,CRS_BASE_TBL,CTSAZDRMIBCCRS.INSO1A101C37461FA.DATABASE.WINDOWS.NET,ent_data_store_sub,dbo
ctsinazprdedssqlmi.inso1a101c37461fa.database.windows.net,EDS_PRD_PAAS_DR_SNAP_PUB,ESA_PS_CTS_RTSET_DTL_STG_CURR,EDS_CURR_STG,CTSAZDRMIBCCRS.INSO1A101C37461FA.DATABASE.WINDOWS.NET,ent_data_store_sub,dbo
ctsinazprdedssqlmi.inso1a101c37461fa.database.windows.net,EDS_PRD_PAAS_DR_SNAP_PUB,Centralrepository_OnboardingCandidateId_MIG,CRS_BASE_TBL,CTSAZDRMIBCCRS.INSO1A101C37461FA.DATABASE.WINDOWS.NET,ent_data_store_sub,dbo
ctsinazprdedssqlmi.inso1a101c37461fa.database.windows.net,EDS_PRD_PAAS_DR_SNAP_PUB,Centralrepository_Chronus_ReverseFeedData_MIG,CRS_BASE_TBL,CTSAZDRMIBCCRS.INSO1A101C37461FA.DATABASE.WINDOWS.NET,ent_data_store_sub,dbo
ctsinazprdedssqlmi.inso1a101c37461fa.database.windows.net,EDS_PRD_PAAS_DR_SNAP_PUB,ESA_PS_CTS_CRS_TMINV_STG_CURR,EDS_CURR_STG,CTSAZDRMIBCCRS.INSO1A101C37461FA.DATABASE.WINDOWS.NET,ent_data_store_sub,dbo
ctsinazprdedssqlmi.inso1a101c37461fa.database.windows.net,EDS_PRD_PAAS_DR_SNAP_PUB,CentralRepository_HCM_Workaddress_MIG,CRS_BASE_TBL,CTSAZDRMIBCCRS.INSO1A101C37461FA.DATABASE.WINDOWS.NET,ent_data_store_sub,dbo
ctsinazprdedssqlmi.inso1a101c37461fa.database.windows.net,EDS_PRD_PAAS_DR_SNAP_PUB,LMS_VIRTUALLABTRANSACTION_STG_CURR,EDS_CURR_STG,CTSAZDRMIBCCRS.INSO1A101C37461FA.DATABASE.WINDOWS.NET,ent_data_store_sub,dbo
ctsinazprdedssqlmi.inso1a101c37461fa.database.windows.net,EDS_PRD_PAAS_DR_SNAP_PUB,LMS_STG_Code_STG_CURR,EDS_CURR_STG,CTSAZDRMIBCCRS.INSO1A101C37461FA.DATABASE.WINDOWS.NET,ent_data_store_sub,dbo
ctsinazprdedssqlmi.inso1a101c37461fa.database.windows.net,EDS_PRD_PAAS_DR_SNAP_PUB,CentralRepository_HCM_USDatedetails_MIG,CRS_BASE_TBL,CTSAZDRMIBCCRS.INSO1A101C37461FA.DATABASE.WINDOWS.NET,ent_data_store_sub,dbo
ctsinazprdedssqlmi.inso1a101c37461fa.database.windows.net,EDS_PRD_PAAS_DR_SNAP_PUB,MySkills_MS_SkillCluster_Skills_STG_CURR,EDS_CURR_STG,CTSAZDRMIBCCRS.INSO1A101C37461FA.DATABASE.WINDOWS.NET,ent_data_store_sub,dbo
ctsinazprdedssqlmi.inso1a101c37461fa.database.windows.net,EDS_PRD_PAAS_DR_SNAP_PUB,HCM_PS_CT_SECFAC_STG_STG_CURR,EDS_CURR_STG,CTSAZDRMIBCCRS.INSO1A101C37461FA.DATABASE.WINDOWS.NET,ent_data_store_sub,dbo
ctsinazprdedssqlmi.inso1a101c37461fa.database.windows.net,EDS_PRD_PAAS_DR_SNAP_PUB,CHire_Requisitionpostingdetails_STG_CURR,EDS_CURR_STG,CTSAZDRMIBCCRS.INSO1A101C37461FA.DATABASE.WINDOWS.NET,ent_data_store_sub,dbo
ctsinazprdedssqlmi.inso1a101c37461fa.database.windows.net,EDS_PRD_PAAS_DR_SNAP_PUB,Beeline_CRS_WorkerDownloadData_Transaction_STG_HST,EDS_STG,CTSAZDRMIBCCRS.INSO1A101C37461FA.DATABASE.WINDOWS.NET,ent_data_store_sub,dbo
ctsinazprdedssqlmi.inso1a101c37461fa.database.windows.net,EDS_PRD_PAAS_DR_SNAP_PUB,CentralRepository_HCM_ProjectPOC_mig,CRS_BASE_TBL,CTSAZDRMIBCCRS.INSO1A101C37461FA.DATABASE.WINDOWS.NET,ent_data_store_sub,dbo
ctsinazprdedssqlmi.inso1a101c37461fa.database.windows.net,EDS_PRD_PAAS_DR_SNAP_PUB,MyCareer_tAssociateResumedetails_STG_CURR,EDS_CURR_STG,CTSAZDRMIBCCRS.INSO1A101C37461FA.DATABASE.WINDOWS.NET,ent_data_store_sub,dbo
ctsinazprdedssqlmi.inso1a101c37461fa.database.windows.net,EDS_PRD_PAAS_DR_SNAP_PUB,FMS_PS_CTS_VDR_LOC_STG_STG_CURR,EDS_CURR_STG,CTSAZDRMIBCCRS.INSO1A101C37461FA.DATABASE.WINDOWS.NET,ent_data_store_sub,dbo
ctsinazprdedssqlmi.inso1a101c37461fa.database.windows.net,EDS_PRD_PAAS_DR_SNAP_PUB,CentralRepository_PRISM_Unbilledageing_mig,CRS_BASE_TBL,CTSAZDRMIBCCRS.INSO1A101C37461FA.DATABASE.WINDOWS.NET,ent_data_store_sub,dbo
ctsinazprdedssqlmi.inso1a101c37461fa.database.windows.net,EDS_PRD_PAAS_DR_SNAP_PUB,FMS_PS_CTS_VNDR_IDN_VW_STG_CURR,EDS_CURR_STG,CTSAZDRMIBCCRS.INSO1A101C37461FA.DATABASE.WINDOWS.NET,ent_data_store_sub,dbo
ctsinazprdedssqlmi.inso1a101c37461fa.database.windows.net,EDS_PRD_PAAS_DR_SNAP_PUB,CHire_NetworkLocationMasterList_STG_CURR,EDS_CURR_STG,CTSAZDRMIBCCRS.INSO1A101C37461FA.DATABASE.WINDOWS.NET,ent_data_store_sub,dbo
ctsinazprdedssqlmi.inso1a101c37461fa.database.windows.net,EDS_PRD_PAAS_DR_SNAP_PUB,SFDC_Renewal_Expansion_Projects_STG_CURR,EDS_CURR_STG,CTSAZDRMIBCCRS.INSO1A101C37461FA.DATABASE.WINDOWS.NET,ent_data_store_sub,dbo
ctsinazprdedssqlmi.inso1a101c37461fa.database.windows.net,EDS_PRD_PAAS_DR_SNAP_PUB,CentralRepository_Beeline_WorkerDownloadData_Transaction_MIG,CRS_BASE_TBL,CTSAZDRMIBCCRS.INSO1A101C37461FA.DATABASE.WINDOWS.NET,ent_data_store_sub,dbo
ctsinazprdedssqlmi.inso1a101c37461fa.database.windows.net,EDS_PRD_PAAS_DR_SNAP_PUB,CentralRepository_Cash_collection_details_MIG,CRS_BASE_TBL,CTSAZDRMIBCCRS.INSO1A101C37461FA.DATABASE.WINDOWS.NET,ent_data_store_sub,dbo
ctsinazprdedssqlmi.inso1a101c37461fa.database.windows.net,EDS_PRD_PAAS_DR_SNAP_PUB,TMP_vw_TMP_CRS_Associate_Pool_Details_STG_CURR,EDS_CURR_STG,CTSAZDRMIBCCRS.INSO1A101C37461FA.DATABASE.WINDOWS.NET,ent_data_store_sub,dbo
ctsinazprdedssqlmi.inso1a101c37461fa.database.windows.net,EDS_PRD_PAAS_DR_SNAP_PUB,FMS_PS_CTS_VNDR_WJURVW_STG_CURR,EDS_CURR_STG,CTSAZDRMIBCCRS.INSO1A101C37461FA.DATABASE.WINDOWS.NET,ent_data_store_sub,dbo
ctsinazprdedssqlmi.inso1a101c37461fa.database.windows.net,EDS_PRD_PAAS_DR_SNAP_PUB,LMS_ACTIVITYVIRTUALLABDETAIL_STG_CURR,EDS_CURR_STG,CTSAZDRMIBCCRS.INSO1A101C37461FA.DATABASE.WINDOWS.NET,ent_data_store_sub,dbo
ctsinazprdedssqlmi.inso1a101c37461fa.database.windows.net,EDS_PRD_PAAS_DR_SNAP_PUB,HCM_PS_LOCAL_TAX_TBL_STG_CURR,EDS_CURR_STG,CTSAZDRMIBCCRS.INSO1A101C37461FA.DATABASE.WINDOWS.NET,ent_data_store_sub,dbo
ctsinazprdedssqlmi.inso1a101c37461fa.database.windows.net,EDS_PRD_PAAS_DR_SNAP_PUB,CentralRepository_Beeline_WorkerDownloadData_MIG,CRS_BASE_TBL,CTSAZDRMIBCCRS.INSO1A101C37461FA.DATABASE.WINDOWS.NET,ent_data_store_sub,dbo
ctsinazprdedssqlmi.inso1a101c37461fa.database.windows.net,EDS_PRD_PAAS_DR_SNAP_PUB,HCM_PS_CT_GBL_SFT_MSTR_STG_CURR,EDS_CURR_STG,CTSAZDRMIBCCRS.INSO1A101C37461FA.DATABASE.WINDOWS.NET,ent_data_store_sub,dbo
ctsinazprdedssqlmi.inso1a101c37461fa.database.windows.net,EDS_PRD_PAAS_DR_SNAP_PUB,LMS_TBL_TMX_USERREQUIREDACT_STG_CURR,EDS_CURR_STG,CTSAZDRMIBCCRS.INSO1A101C37461FA.DATABASE.WINDOWS.NET,ent_data_store_sub,dbo
ctsinazprdedssqlmi.inso1a101c37461fa.database.windows.net,EDS_PRD_PAAS_DR_SNAP_PUB,HCM_PS_CT_DEPT_TYPE_STG_CURR,EDS_CURR_STG,CTSAZDRMIBCCRS.INSO1A101C37461FA.DATABASE.WINDOWS.NET,ent_data_store_sub,dbo
ctsinazprdedssqlmi.inso1a101c37461fa.database.windows.net,EDS_PRD_PAAS_DR_SNAP_PUB,CentralRepository_Jobtask_MIG,CRS_BASE_TBL,CTSAZDRMIBCCRS.INSO1A101C37461FA.DATABASE.WINDOWS.NET,ent_data_store_sub,dbo
ctsinazprdedssqlmi.inso1a101c37461fa.database.windows.net,EDS_PRD_PAAS_DR_SNAP_PUB,CHire_CandidateHiredDetail_STG_CURR,EDS_CURR_STG,CTSAZDRMIBCCRS.INSO1A101C37461FA.DATABASE.WINDOWS.NET,ent_data_store_sub,dbo
ctsinazprdedssqlmi.inso1a101c37461fa.database.windows.net,EDS_PRD_PAAS_DR_SNAP_PUB,HCM_PS_PERS_NID_STG_CURR,EDS_CURR_STG,CTSAZDRMIBCCRS.INSO1A101C37461FA.DATABASE.WINDOWS.NET,ent_data_store_sub,dbo
ctsinazprdedssqlmi.inso1a101c37461fa.database.windows.net,EDS_PRD_PAAS_DR_SNAP_PUB,ESA_PS_CTS_RM_RL_HSTRY_STG_CURR,EDS_CURR_STG,CTSAZDRMIBCCRS.INSO1A101C37461FA.DATABASE.WINDOWS.NET,ent_data_store_sub,dbo
ctsinazprdedssqlmi.inso1a101c37461fa.database.windows.net,EDS_PRD_PAAS_DR_SNAP_PUB,HCM_PS_JOB_TASK_TBL_STG_CURR,EDS_CURR_STG,CTSAZDRMIBCCRS.INSO1A101C37461FA.DATABASE.WINDOWS.NET,ent_data_store_sub,dbo
ctsinazprdedssqlmi.inso1a101c37461fa.database.windows.net,EDS_PRD_PAAS_DR_SNAP_PUB,HCM_PS_CT_ODC_EMPL_TBL_STG_CURR,EDS_CURR_STG,CTSAZDRMIBCCRS.INSO1A101C37461FA.DATABASE.WINDOWS.NET,ent_data_store_sub,dbo
ctsinazprdedssqlmi.inso1a101c37461fa.database.windows.net,EDS_PRD_PAAS_DR_SNAP_PUB,EUMS_V_EumsToCrsData_STG_CURR,EDS_CURR_STG,CTSAZDRMIBCCRS.INSO1A101C37461FA.DATABASE.WINDOWS.NET,ent_data_store_sub,dbo
ctsinazprdedssqlmi.inso1a101c37461fa.database.windows.net,EDS_PRD_PAAS_DR_SNAP_PUB,FMS_PS_RT_RATE_TBL_STG_CURR,EDS_CURR_STG,CTSAZDRMIBCCRS.INSO1A101C37461FA.DATABASE.WINDOWS.NET,ent_data_store_sub,dbo
ctsinazprdedssqlmi.inso1a101c37461fa.database.windows.net,EDS_PRD_PAAS_DR_SNAP_PUB,LM_vw_ReplicationMaster_STG_CURR,EDS_CURR_STG,CTSAZDRMIBCCRS.INSO1A101C37461FA.DATABASE.WINDOWS.NET,ent_data_store_sub,dbo
ctsinazprdedssqlmi.inso1a101c37461fa.database.windows.net,EDS_PRD_PAAS_DR_SNAP_PUB,HCM_PS_CT_CLUSTERSETUP_STG_CURR,EDS_CURR_STG,CTSAZDRMIBCCRS.INSO1A101C37461FA.DATABASE.WINDOWS.NET,ent_data_store_sub,dbo
ctsinazprdedssqlmi.inso1a101c37461fa.database.windows.net,EDS_PRD_PAAS_DR_SNAP_PUB,CentralRepository_HCM_CCA_Roles_MIG,CRS_BASE_TBL,CTSAZDRMIBCCRS.INSO1A101C37461FA.DATABASE.WINDOWS.NET,ent_data_store_sub,dbo
ctsinazprdedssqlmi.inso1a101c37461fa.database.windows.net,EDS_PRD_PAAS_DR_SNAP_PUB,CentralRepository_DependentName_MIG,CRS_BASE_TBL,CTSAZDRMIBCCRS.INSO1A101C37461FA.DATABASE.WINDOWS.NET,ent_data_store_sub,dbo
ctsinazprdedssqlmi.inso1a101c37461fa.database.windows.net,EDS_PRD_PAAS_DR_SNAP_PUB,CentralRepository_DependentPhonenumber_MIG,CRS_BASE_TBL,CTSAZDRMIBCCRS.INSO1A101C37461FA.DATABASE.WINDOWS.NET,ent_data_store_sub,dbo
ctsinazprdedssqlmi.inso1a101c37461fa.database.windows.net,EDS_PRD_PAAS_DR_SNAP_PUB,CentralRepository_DependentRelationship_MIG,CRS_BASE_TBL,CTSAZDRMIBCCRS.INSO1A101C37461FA.DATABASE.WINDOWS.NET,ent_data_store_sub,dbo
ctsinazprdedssqlmi.inso1a101c37461fa.database.windows.net,EDS_PRD_PAAS_DR_SNAP_PUB,CentralRepository_MyTravel_Details_MIG,CRS_BASE_TBL,CTSAZDRMIBCCRS.INSO1A101C37461FA.DATABASE.WINDOWS.NET,ent_data_store_sub,dbo
ctsinazprdedssqlmi.inso1a101c37461fa.database.windows.net,EDS_PRD_PAAS_DR_SNAP_PUB,CentralRepository_Cdeploy_Associateproposaldetails_MIG,CRS_BASE_TBL,CTSAZDRMIBCCRS.INSO1A101C37461FA.DATABASE.WINDOWS.NET,ent_data_store_sub,dbo
ctsinazprdedssqlmi.inso1a101c37461fa.database.windows.net,EDS_PRD_PAAS_DR_SNAP_PUB,Centralrepository_HCM_LeafLevelProficiency_MIG,CRS_BASE_TBL,CTSAZDRMIBCCRS.INSO1A101C37461FA.DATABASE.WINDOWS.NET,ent_data_store_sub,dbo
ctsinazprdedssqlmi.inso1a101c37461fa.database.windows.net,EDS_PRD_PAAS_DR_SNAP_PUB,CentralRepository_AssociateNationality_MIG,CRS_BASE_TBL,CTSAZDRMIBCCRS.INSO1A101C37461FA.DATABASE.WINDOWS.NET,ent_data_store_sub,dbo
ctsinazprdedssqlmi.inso1a101c37461fa.database.windows.net,EDS_PRD_PAAS_DR_SNAP_PUB,HCM_PS_PRIORWORK_EXPER_STG_CURR,EDS_CURR_STG,CTSAZDRMIBCCRS.INSO1A101C37461FA.DATABASE.WINDOWS.NET,ent_data_store_sub,dbo
ctsinazprdedssqlmi.inso1a101c37461fa.database.windows.net,EDS_PRD_PAAS_DR_SNAP_PUB,SFDC_Opportunity_STG_CURR,EDS_CURR_STG,CTSAZDRMIBCCRS.INSO1A101C37461FA.DATABASE.WINDOWS.NET,ent_data_store_sub,dbo
ctsinazprdedssqlmi.inso1a101c37461fa.database.windows.net,EDS_PRD_PAAS_DR_SNAP_PUB,CentralRepository_JPMProfileItems_MIG,CRS_BASE_TBL,CTSAZDRMIBCCRS.INSO1A101C37461FA.DATABASE.WINDOWS.NET,ent_data_store_sub,dbo
ctsinazprdedssqlmi.inso1a101c37461fa.database.windows.net,EDS_PRD_PAAS_DR_SNAP_PUB,HCM_PS_JPM_CAT_GMEMB_STG_CURR,EDS_CURR_STG,CTSAZDRMIBCCRS.INSO1A101C37461FA.DATABASE.WINDOWS.NET,ent_data_store_sub,dbo
ctsinazprdedssqlmi.inso1a101c37461fa.database.windows.net,EDS_PRD_PAAS_DR_SNAP_PUB,HCM_PS_CM_ROLE_COMPS_STG_CURR,EDS_CURR_STG,CTSAZDRMIBCCRS.INSO1A101C37461FA.DATABASE.WINDOWS.NET,ent_data_store_sub,dbo
ctsinazprdedssqlmi.inso1a101c37461fa.database.windows.net,EDS_PRD_PAAS_DR_SNAP_PUB,HCM_PS_JPM_CAT_I_RLAT_STG_CURR,EDS_CURR_STG,CTSAZDRMIBCCRS.INSO1A101C37461FA.DATABASE.WINDOWS.NET,ent_data_store_sub,dbo
ctsinazprdedssqlmi.inso1a101c37461fa.database.windows.net,EDS_PRD_PAAS_DR_SNAP_PUB,RHMS_tbl_EDS_BUVerticalEntityMasterData_STG_CURR,EDS_CURR_STG,CTSAZDRMIBCCRS.INSO1A101C37461FA.DATABASE.WINDOWS.NET,ent_data_store_sub,dbo
ctsinazprdedssqlmi.inso1a101c37461fa.database.windows.net,EDS_PRD_PAAS_DR_SNAP_PUB,ESA_PS_CTS_TECHNLGY_VW_STG_CURR,EDS_CURR_STG,CTSAZDRMIBCCRS.INSO1A101C37461FA.DATABASE.WINDOWS.NET,ent_data_store_sub,dbo
ctsinazprdedssqlmi.inso1a101c37461fa.database.windows.net,EDS_PRD_PAAS_DR_SNAP_PUB,HCM_PS_CT_MA_EMP_CMPY_STG_CURR,EDS_CURR_STG,CTSAZDRMIBCCRS.INSO1A101C37461FA.DATABASE.WINDOWS.NET,ent_data_store_sub,dbo
ctsinazprdedssqlmi.inso1a101c37461fa.database.windows.net,EDS_PRD_PAAS_DR_SNAP_PUB,ESA_PS_CTRM_STTAG_STUP_STG_CURR,EDS_CURR_STG,CTSAZDRMIBCCRS.INSO1A101C37461FA.DATABASE.WINDOWS.NET,ent_data_store_sub,dbo
ctsinazprdedssqlmi.inso1a101c37461fa.database.windows.net,EDS_PRD_PAAS_DR_SNAP_PUB,SEZ_VWGETLOCATIONDETAILS_STG_CURR,EDS_CURR_STG,CTSAZDRMIBCCRS.INSO1A101C37461FA.DATABASE.WINDOWS.NET,ent_data_store_sub,dbo
ctsinazprdedssqlmi.inso1a101c37461fa.database.windows.net,EDS_PRD_PAAS_DR_SNAP_PUB,ESA_PS_CTS_RM_DPTPL_MP_STG_CURR,EDS_CURR_STG,CTSAZDRMIBCCRS.INSO1A101C37461FA.DATABASE.WINDOWS.NET,ent_data_store_sub,dbo
ctsinazprdedssqlmi.inso1a101c37461fa.database.windows.net,EDS_PRD_PAAS_DR_SNAP_PUB,HCM_PS_NID_TYPE_TBL_STG_CURR,EDS_CURR_STG,CTSAZDRMIBCCRS.INSO1A101C37461FA.DATABASE.WINDOWS.NET,ent_data_store_sub,dbo
ctsinazprdedssqlmi.inso1a101c37461fa.database.windows.net,EDS_PRD_PAAS_DR_SNAP_PUB,CentralRepository_XLAT_Translate_MIG,CRS_BASE_TBL,CTSAZDRMIBCCRS.INSO1A101C37461FA.DATABASE.WINDOWS.NET,ent_data_store_sub,dbo
ctsinazprdedssqlmi.inso1a101c37461fa.database.windows.net,EDS_PRD_PAAS_DR_SNAP_PUB,HCM_PS_JPM_CAT_GROUPS_STG_CURR,EDS_CURR_STG,CTSAZDRMIBCCRS.INSO1A101C37461FA.DATABASE.WINDOWS.NET,ent_data_store_sub,dbo
ctsinazprdedssqlmi.inso1a101c37461fa.database.windows.net,EDS_PRD_PAAS_DR_SNAP_PUB,HCM_PS_VISA_PERMIT_TBL_STG_CURR,EDS_CURR_STG,CTSAZDRMIBCCRS.INSO1A101C37461FA.DATABASE.WINDOWS.NET,ent_data_store_sub,dbo
ctsinazprdedssqlmi.inso1a101c37461fa.database.windows.net,EDS_PRD_PAAS_DR_SNAP_PUB,CentralRepository_Company_Master_MIG,CRS_BASE_TBL,CTSAZDRMIBCCRS.INSO1A101C37461FA.DATABASE.WINDOWS.NET,ent_data_store_sub,dbo
ctsinazprdedssqlmi.inso1a101c37461fa.database.windows.net,EDS_PRD_PAAS_DR_SNAP_PUB,HCM_PS_SETID_TBL_STG_CURR,EDS_CURR_STG,CTSAZDRMIBCCRS.INSO1A101C37461FA.DATABASE.WINDOWS.NET,ent_data_store_sub,dbo
ctsinazprdedssqlmi.inso1a101c37461fa.database.windows.net,EDS_PRD_PAAS_DR_SNAP_PUB,CentralRepository_Action_MIG,CRS_BASE_TBL,CTSAZDRMIBCCRS.INSO1A101C37461FA.DATABASE.WINDOWS.NET,ent_data_store_sub,dbo
ctsinazprdedssqlmi.inso1a101c37461fa.database.windows.net,EDS_PRD_PAAS_DR_SNAP_PUB,CentralRepository_Action_Reason_MIG,CRS_BASE_TBL,CTSAZDRMIBCCRS.INSO1A101C37461FA.DATABASE.WINDOWS.NET,ent_data_store_sub,dbo
ctsinazprdedssqlmi.inso1a101c37461fa.database.windows.net,EDS_PRD_PAAS_DR_SNAP_PUB,ESA_PS_CTS_FMS_HCM_DEP_STG_CURR,EDS_CURR_STG,CTSAZDRMIBCCRS.INSO1A101C37461FA.DATABASE.WINDOWS.NET,ent_data_store_sub,dbo
ctsinazprdedssqlmi.inso1a101c37461fa.database.windows.net,EDS_PRD_PAAS_DR_SNAP_PUB,RHMS_tbl_EDS_HorizontalToSLPA_Mapping_STG_CURR,EDS_CURR_STG,CTSAZDRMIBCCRS.INSO1A101C37461FA.DATABASE.WINDOWS.NET,ent_data_store_sub,dbo
ctsinazprdedssqlmi.inso1a101c37461fa.database.windows.net,EDS_PRD_PAAS_DR_SNAP_PUB,HCM_PS_CT_STATE_TBL_VW_CRS_STG_CURR,EDS_CURR_STG,CTSAZDRMIBCCRS.INSO1A101C37461FA.DATABASE.WINDOWS.NET,ent_data_store_sub,dbo
ctsinazprdedssqlmi.inso1a101c37461fa.database.windows.net,EDS_PRD_PAAS_DR_SNAP_PUB,HCM_PS_REG_REGION_TBL_STG_CURR,EDS_CURR_STG,CTSAZDRMIBCCRS.INSO1A101C37461FA.DATABASE.WINDOWS.NET,ent_data_store_sub,dbo
ctsinazprdedssqlmi.inso1a101c37461fa.database.windows.net,EDS_PRD_PAAS_DR_SNAP_PUB,HCM_PS_MAJOR_TBL_STG_CURR,EDS_CURR_STG,CTSAZDRMIBCCRS.INSO1A101C37461FA.DATABASE.WINDOWS.NET,ent_data_store_sub,dbo
ctsinazprdedssqlmi.inso1a101c37461fa.database.windows.net,EDS_PRD_PAAS_DR_SNAP_PUB,HCM_PS_CITIZEN_STS_TBL_STG_CURR,EDS_CURR_STG,CTSAZDRMIBCCRS.INSO1A101C37461FA.DATABASE.WINDOWS.NET,ent_data_store_sub,dbo
ctsinazprdedssqlmi.inso1a101c37461fa.database.windows.net,EDS_PRD_PAAS_DR_SNAP_PUB,HCM_PS_CT_FIN_MIS_STUP_STG_CURR,EDS_CURR_STG,CTSAZDRMIBCCRS.INSO1A101C37461FA.DATABASE.WINDOWS.NET,ent_data_store_sub,dbo
ctsinazprdedssqlmi.inso1a101c37461fa.database.windows.net,EDS_PRD_PAAS_DR_SNAP_PUB,LM_vw_SetIDMaster_STG_CURR,EDS_CURR_STG,CTSAZDRMIBCCRS.INSO1A101C37461FA.DATABASE.WINDOWS.NET,ent_data_store_sub,dbo
ctsinazprdedssqlmi.inso1a101c37461fa.database.windows.net,EDS_PRD_PAAS_DR_SNAP_PUB,ESA_PS_CTS_PC_SB_HR_MP_STG_CURR,EDS_CURR_STG,CTSAZDRMIBCCRS.INSO1A101C37461FA.DATABASE.WINDOWS.NET,ent_data_store_sub,dbo
ctsinazprdedssqlmi.inso1a101c37461fa.database.windows.net,EDS_PRD_PAAS_DR_SNAP_PUB,DataRetention_AssociateRegionRecord_STG_CURR,EDS_CURR_STG,CTSAZDRMIBCCRS.INSO1A101C37461FA.DATABASE.WINDOWS.NET,ent_data_store_sub,dbo
ctsinazprdedssqlmi.inso1a101c37461fa.database.windows.net,EDS_PRD_PAAS_DR_SNAP_PUB,DataRetention_PurgeHold_STG_CURR,EDS_CURR_STG,CTSAZDRMIBCCRS.INSO1A101C37461FA.DATABASE.WINDOWS.NET,ent_data_store_sub,dbo
ctsinazprdedssqlmi.inso1a101c37461fa.database.windows.net,EDS_PRD_PAAS_DR_SNAP_PUB,LMS_TBL_TMX_ACTIVITY_STG_CURR,EDS_CURR_STG,CTSAZDRMIBCCRS.INSO1A101C37461FA.DATABASE.WINDOWS.NET,ent_data_store_sub,dbo
ctsinazprdedssqlmi.inso1a101c37461fa.database.windows.net,EDS_PRD_PAAS_DR_SNAP_PUB,DATARETENTION_VW_ASSOCIATE_LAST_PAYOUT_DETAILS_STG_CURR,EDS_CURR_STG,CTSAZDRMIBCCRS.INSO1A101C37461FA.DATABASE.WINDOWS.NET,ent_data_store_sub,dbo
ctsinazprdedssqlmi.inso1a101c37461fa.database.windows.net,EDS_PRD_PAAS_DR_SNAP_PUB,DATARETENTION_VW_COGNIZANT_CANDIDATE_DETAILS_STG_CURR,EDS_CURR_STG,CTSAZDRMIBCCRS.INSO1A101C37461FA.DATABASE.WINDOWS.NET,ent_data_store_sub,dbo
ctsinazprdedssqlmi.inso1a101c37461fa.database.windows.net,EDS_PRD_PAAS_DR_SNAP_PUB,DataRetention_vw_Ref_Region_FY_stg_curr,EDS_CURR_STG,CTSAZDRMIBCCRS.INSO1A101C37461FA.DATABASE.WINDOWS.NET,ent_data_store_sub,dbo
ctsinazprdedssqlmi.inso1a101c37461fa.database.windows.net,EDS_PRD_PAAS_DR_SNAP_PUB,ESA_PS_PROJ_TYPE_TBL_STG_CURR,EDS_CURR_STG,CTSAZDRMIBCCRS.INSO1A101C37461FA.DATABASE.WINDOWS.NET,ent_data_store_sub,dbo
ctsinazprdedssqlmi.inso1a101c37461fa.database.windows.net,EDS_PRD_PAAS_DR_SNAP_PUB,DataRetention_VW_RETENTION_SCHEDULE_BUSINESSLOGIC_STG_CURR,EDS_CURR_STG,CTSAZDRMIBCCRS.INSO1A101C37461FA.DATABASE.WINDOWS.NET,ent_data_store_sub,dbo
ctsinazprdedssqlmi.inso1a101c37461fa.database.windows.net,EDS_PRD_PAAS_DR_SNAP_PUB,ESA_PS_CTS_GRADE_ROLE_STG_CURR,EDS_CURR_STG,CTSAZDRMIBCCRS.INSO1A101C37461FA.DATABASE.WINDOWS.NET,ent_data_store_sub,dbo
ctsinazprdedssqlmi.inso1a101c37461fa.database.windows.net,EDS_PRD_PAAS_DR_SNAP_PUB,ESA_PS_CTSRM_LE_CRS_VW_STG_CURR,EDS_CURR_STG,CTSAZDRMIBCCRS.INSO1A101C37461FA.DATABASE.WINDOWS.NET,ent_data_store_sub,dbo
ctsinazprdedssqlmi.inso1a101c37461fa.database.windows.net,EDS_PRD_PAAS_DR_SNAP_PUB,FMS_PS_DEPT_TBL_STG_CURR,EDS_CURR_STG,CTSAZDRMIBCCRS.INSO1A101C37461FA.DATABASE.WINDOWS.NET,ent_data_store_sub,dbo
ctsinazprdedssqlmi.inso1a101c37461fa.database.windows.net,EDS_PRD_PAAS_DR_SNAP_PUB,LMS_PERSON_STG_CURR,EDS_CURR_STG,CTSAZDRMIBCCRS.INSO1A101C37461FA.DATABASE.WINDOWS.NET,ent_data_store_sub,dbo
ctsinazprdedssqlmi.inso1a101c37461fa.database.windows.net,EDS_PRD_PAAS_DR_SNAP_PUB,DATARETENTION_VW_COGNIZANT_ASSOCIATE_DETAILS_STG_CURR,EDS_CURR_STG,CTSAZDRMIBCCRS.INSO1A101C37461FA.DATABASE.WINDOWS.NET,ent_data_store_sub,dbo
ctsinazprdedssqlmi.inso1a101c37461fa.database.windows.net,EDS_PRD_PAAS_DR_SNAP_PUB,CentralRepository_ESA_ProjectSupervisor_MIG,CRS_BASE_TBL,CTSAZDRMIBCCRS.INSO1A101C37461FA.DATABASE.WINDOWS.NET,ent_data_store_sub,dbo
ctsinazprdedssqlmi.inso1a101c37461fa.database.windows.net,EDS_PRD_PAAS_DR_SNAP_PUB,DATARETENTION_VW_TRAVEL_HISTORY_STG_CURR,EDS_CURR_STG,CTSAZDRMIBCCRS.INSO1A101C37461FA.DATABASE.WINDOWS.NET,ent_data_store_sub,dbo
ctsinazprdedssqlmi.inso1a101c37461fa.database.windows.net,EDS_PRD_PAAS_DR_SNAP_PUB,CentralRepository_Contracts,CRS_BASE_TBL,CTSAZDRMIBCCRS.INSO1A101C37461FA.DATABASE.WINDOWS.NET,ent_data_store_sub,dbo
ctsinazprdedssqlmi.inso1a101c37461fa.database.windows.net,EDS_PRD_PAAS_DR_SNAP_PUB,HCM_PS_CT_CNTY_CD_TBL_STG_CURR,EDS_CURR_STG,CTSAZDRMIBCCRS.INSO1A101C37461FA.DATABASE.WINDOWS.NET,ent_data_store_sub,dbo
ctsinazprdedssqlmi.inso1a101c37461fa.database.windows.net,EDS_PRD_PAAS_DR_SNAP_PUB,CentralRepository_GSMS_SeatMaster_MIG,CRS_BASE_TBL,CTSAZDRMIBCCRS.INSO1A101C37461FA.DATABASE.WINDOWS.NET,ent_data_store_sub,dbo
ctsinazprdedssqlmi.inso1a101c37461fa.database.windows.net,EDS_PRD_PAAS_DR_SNAP_PUB,HCM_PS_CT_CIS_SL_PL_STG_CURR,EDS_CURR_STG,CTSAZDRMIBCCRS.INSO1A101C37461FA.DATABASE.WINDOWS.NET,ent_data_store_sub,dbo
ctsinazprdedssqlmi.inso1a101c37461fa.database.windows.net,EDS_PRD_PAAS_DR_SNAP_PUB,CentralRepository_NAPayroll_NRADetails_MIG,CRS_BASE_TBL,CTSAZDRMIBCCRS.INSO1A101C37461FA.DATABASE.WINDOWS.NET,ent_data_store_sub,dbo
ctsinazprdedssqlmi.inso1a101c37461fa.database.windows.net,EDS_PRD_PAAS_DR_SNAP_PUB,Beeline_WorkerDownloadData_STG_CURR,EDS_CURR_STG,CTSAZDRMIBCCRS.INSO1A101C37461FA.DATABASE.WINDOWS.NET,ent_data_store_sub,dbo
ctsinazprdedssqlmi.inso1a101c37461fa.database.windows.net,EDS_PRD_PAAS_DR_SNAP_PUB,FMS_PS_CTS_VNDR_LOC_VW_STG_CURR,EDS_CURR_STG,CTSAZDRMIBCCRS.INSO1A101C37461FA.DATABASE.WINDOWS.NET,ent_data_store_sub,dbo
ctsinazprdedssqlmi.inso1a101c37461fa.database.windows.net,EDS_PRD_PAAS_DR_SNAP_PUB,CentralRepository_HCM_VacationLeaveBalance_MIG,CRS_BASE_TBL,CTSAZDRMIBCCRS.INSO1A101C37461FA.DATABASE.WINDOWS.NET,ent_data_store_sub,dbo
ctsinazprdedssqlmi.inso1a101c37461fa.database.windows.net,EDS_PRD_PAAS_DR_SNAP_PUB,ESA_PS_CTS_CRS_RTTR_STG_CURR,EDS_CURR_STG,CTSAZDRMIBCCRS.INSO1A101C37461FA.DATABASE.WINDOWS.NET,ent_data_store_sub,dbo
ctsinazprdedssqlmi.inso1a101c37461fa.database.windows.net,EDS_PRD_PAAS_DR_SNAP_PUB,FMS_PS_CTS_VNDR_ID_STG_STG_CURR,EDS_CURR_STG,CTSAZDRMIBCCRS.INSO1A101C37461FA.DATABASE.WINDOWS.NET,ent_data_store_sub,dbo
ctsinazprdedssqlmi.inso1a101c37461fa.database.windows.net,EDS_PRD_PAAS_DR_SNAP_PUB,LMS_REGISTRATIONOFFERINGTEMPLATE_STG_CURR,EDS_CURR_STG,CTSAZDRMIBCCRS.INSO1A101C37461FA.DATABASE.WINDOWS.NET,ent_data_store_sub,dbo
ctsinazprdedssqlmi.inso1a101c37461fa.database.windows.net,EDS_PRD_PAAS_DR_SNAP_PUB,CentralRepository_Revenue_Details_MIG,CRS_BASE_TBL,CTSAZDRMIBCCRS.INSO1A101C37461FA.DATABASE.WINDOWS.NET,ent_data_store_sub,dbo
ctsinazprdedssqlmi.inso1a101c37461fa.database.windows.net,EDS_PRD_PAAS_DR_SNAP_PUB,ESA_PS_CTS_CRS_TM_CONT_STG_CURR,EDS_CURR_STG,CTSAZDRMIBCCRS.INSO1A101C37461FA.DATABASE.WINDOWS.NET,ent_data_store_sub,dbo
ctsinazprdedssqlmi.inso1a101c37461fa.database.windows.net,EDS_PRD_PAAS_DR_SNAP_PUB,LMS_USERVMASSIGNMENT_STG_CURR,EDS_CURR_STG,CTSAZDRMIBCCRS.INSO1A101C37461FA.DATABASE.WINDOWS.NET,ent_data_store_sub,dbo
ctsinazprdedssqlmi.inso1a101c37461fa.database.windows.net,EDS_PRD_PAAS_DR_SNAP_PUB,FMS_PS_CTS_VNDR_WTHDVW_STG_CURR,EDS_CURR_STG,CTSAZDRMIBCCRS.INSO1A101C37461FA.DATABASE.WINDOWS.NET,ent_data_store_sub,dbo
ctsinazprdedssqlmi.inso1a101c37461fa.database.windows.net,EDS_PRD_PAAS_DR_SNAP_PUB,CHire_Requisitionotherlocationdetails_STG_CURR,EDS_CURR_STG,CTSAZDRMIBCCRS.INSO1A101C37461FA.DATABASE.WINDOWS.NET,ent_data_store_sub,dbo
ctsinazprdedssqlmi.inso1a101c37461fa.database.windows.net,EDS_PRD_PAAS_DR_SNAP_PUB,HCM_PS_CT_ACA_TR_LEV0_STG_CURR,EDS_CURR_STG,CTSAZDRMIBCCRS.INSO1A101C37461FA.DATABASE.WINDOWS.NET,ent_data_store_sub,dbo
ctsinazprdedssqlmi.inso1a101c37461fa.database.windows.net,EDS_PRD_PAAS_DR_SNAP_PUB,ESA_PROJECTOPPORTUNITYLINKAGE_STG_CURR,EDS_CURR_STG,CTSAZDRMIBCCRS.INSO1A101C37461FA.DATABASE.WINDOWS.NET,ent_data_store_sub,dbo
ctsinazprdedssqlmi.inso1a101c37461fa.database.windows.net,EDS_PRD_PAAS_DR_SNAP_PUB,Centralrepository_ForecastFBD_CRS_MIG,CRS_BASE_TBL,CTSAZDRMIBCCRS.INSO1A101C37461FA.DATABASE.WINDOWS.NET,ent_data_store_sub,dbo
ctsinazprdedssqlmi.inso1a101c37461fa.database.windows.net,EDS_PRD_PAAS_DR_SNAP_PUB,FMS_PS_CTS_VNDR_ADDRVW_STG_CURR,EDS_CURR_STG,CTSAZDRMIBCCRS.INSO1A101C37461FA.DATABASE.WINDOWS.NET,ent_data_store_sub,dbo
ctsinazprdedssqlmi.inso1a101c37461fa.database.windows.net,EDS_PRD_PAAS_DR_SNAP_PUB,CentralRepository_HCM_DirectDepositApprovalStatus_MIG,CRS_BASE_TBL,CTSAZDRMIBCCRS.INSO1A101C37461FA.DATABASE.WINDOWS.NET,ent_data_store_sub,dbo
ctsinazprdedssqlmi.inso1a101c37461fa.database.windows.net,EDS_PRD_PAAS_DR_SNAP_PUB,CentralRepository_ProjectRequest_details_MIG,CRS_BASE_TBL,CTSAZDRMIBCCRS.INSO1A101C37461FA.DATABASE.WINDOWS.NET,ent_data_store_sub,dbo
ctsinazprdedssqlmi.inso1a101c37461fa.database.windows.net,EDS_PRD_PAAS_DR_SNAP_PUB,CentralRepository_HCM_Associate_School_Data_MIG,CRS_BASE_TBL,CTSAZDRMIBCCRS.INSO1A101C37461FA.DATABASE.WINDOWS.NET,ent_data_store_sub,dbo
ctsinazprdedssqlmi.inso1a101c37461fa.database.windows.net,EDS_PRD_PAAS_DR_SNAP_PUB,LMS_TBL_TAX_NODE_STG_CURR,EDS_CURR_STG,CTSAZDRMIBCCRS.INSO1A101C37461FA.DATABASE.WINDOWS.NET,ent_data_store_sub,dbo
ctsinazprdedssqlmi.inso1a101c37461fa.database.windows.net,EDS_PRD_PAAS_DR_SNAP_PUB,CentralRepository_Associate_Wise_Revenue_Details_MIG,CRS_BASE_TBL,CTSAZDRMIBCCRS.INSO1A101C37461FA.DATABASE.WINDOWS.NET,ent_data_store_sub,dbo
ctsinazprdedssqlmi.inso1a101c37461fa.database.windows.net,EDS_PRD_PAAS_DR_SNAP_PUB,CentralRepository_Fixed_Bid_Revenue_forecast_report_Mig,CRS_BASE_TBL,CTSAZDRMIBCCRS.INSO1A101C37461FA.DATABASE.WINDOWS.NET,ent_data_store_sub,dbo
ctsinazprdedssqlmi.inso1a101c37461fa.database.windows.net,EDS_PRD_PAAS_DR_SNAP_PUB,CentralRepository_RateSetTrans_MIG,CRS_BASE_TBL,CTSAZDRMIBCCRS.INSO1A101C37461FA.DATABASE.WINDOWS.NET,ent_data_store_sub,dbo
ctsinazprdedssqlmi.inso1a101c37461fa.database.windows.net,EDS_PRD_PAAS_DR_SNAP_PUB,CentralRepository_ProjectEntity_Mapping_details_Mig,CRS_BASE_TBL,CTSAZDRMIBCCRS.INSO1A101C37461FA.DATABASE.WINDOWS.NET,ent_data_store_sub,dbo
ctsinazprdedssqlmi.inso1a101c37461fa.database.windows.net,EDS_PRD_PAAS_DR_SNAP_PUB,SEZ_VWGETASSOCIATESEZSTATUSDETAILS_STG_CURR,EDS_CURR_STG,CTSAZDRMIBCCRS.INSO1A101C37461FA.DATABASE.WINDOWS.NET,ent_data_store_sub,dbo
ctsinazprdedssqlmi.inso1a101c37461fa.database.windows.net,EDS_PRD_PAAS_DR_SNAP_PUB,CentralRepository_BeelineWorkerDownloadData_ExceptionHandling_MIG,CRS_BASE_TBL,CTSAZDRMIBCCRS.INSO1A101C37461FA.DATABASE.WINDOWS.NET,ent_data_store_sub,dbo
ctsinazprdedssqlmi.inso1a101c37461fa.database.windows.net,EDS_PRD_PAAS_DR_SNAP_PUB,MySkills_MS_DemandUnit_Skills_STG_CURR,EDS_CURR_STG,CTSAZDRMIBCCRS.INSO1A101C37461FA.DATABASE.WINDOWS.NET,ent_data_store_sub,dbo
ctsinazprdedssqlmi.inso1a101c37461fa.database.windows.net,EDS_PRD_PAAS_DR_SNAP_PUB,FMS_PS_CTS_ARB_VCHR_VW_STG_CURR,EDS_CURR_STG,CTSAZDRMIBCCRS.INSO1A101C37461FA.DATABASE.WINDOWS.NET,ent_data_store_sub,dbo
ctsinazprdedssqlmi.inso1a101c37461fa.database.windows.net,EDS_PRD_PAAS_DR_SNAP_PUB,ESA_PS_CTPC_PRJSTS_TBL_STG_CURR,EDS_CURR_STG,CTSAZDRMIBCCRS.INSO1A101C37461FA.DATABASE.WINDOWS.NET,ent_data_store_sub,dbo
ctsinazprdedssqlmi.inso1a101c37461fa.database.windows.net,EDS_PRD_PAAS_DR_SNAP_PUB,HCM_PS_CT_OUTLOOK_STG_STG_CURR,EDS_CURR_STG,CTSAZDRMIBCCRS.INSO1A101C37461FA.DATABASE.WINDOWS.NET,ent_data_store_sub,dbo
ctsinazprdedssqlmi.inso1a101c37461fa.database.windows.net,EDS_PRD_PAAS_DR_SNAP_PUB,FMS_PS_CTS_VDR_SUP_STG_STG_CURR,EDS_CURR_STG,CTSAZDRMIBCCRS.INSO1A101C37461FA.DATABASE.WINDOWS.NET,ent_data_store_sub,dbo
ctsinazprdedssqlmi.inso1a101c37461fa.database.windows.net,EDS_PRD_PAAS_DR_SNAP_PUB,Centralrepository_HCM_USAssociateDetailsHistory_MIG,CRS_BASE_TBL,CTSAZDRMIBCCRS.INSO1A101C37461FA.DATABASE.WINDOWS.NET,ent_data_store_sub,dbo
ctsinazprdedssqlmi.inso1a101c37461fa.database.windows.net,EDS_PRD_PAAS_DR_SNAP_PUB,HCM_PS_CT_ODC_TM_TBL_STG_CURR,EDS_CURR_STG,CTSAZDRMIBCCRS.INSO1A101C37461FA.DATABASE.WINDOWS.NET,ent_data_store_sub,dbo
ctsinazprdedssqlmi.inso1a101c37461fa.database.windows.net,EDS_PRD_PAAS_DR_SNAP_PUB,Beeline_CRS_WorkerDownloadData_ExceptionHandling_STG_CURR,EDS_CURR_STG,CTSAZDRMIBCCRS.INSO1A101C37461FA.DATABASE.WINDOWS.NET,ent_data_store_sub,dbo
ctsinazprdedssqlmi.inso1a101c37461fa.database.windows.net,EDS_PRD_PAAS_DR_SNAP_PUB,HCM_PS_CT_UAN_NBR_TBL_STG_CURR,EDS_CURR_STG,CTSAZDRMIBCCRS.INSO1A101C37461FA.DATABASE.WINDOWS.NET,ent_data_store_sub,dbo
ctsinazprdedssqlmi.inso1a101c37461fa.database.windows.net,EDS_PRD_PAAS_DR_SNAP_PUB,MYCCR_MyCareer_ProfilePercentage_STG_CURR,EDS_CURR_STG,CTSAZDRMIBCCRS.INSO1A101C37461FA.DATABASE.WINDOWS.NET,ent_data_store_sub,dbo
ctsinazprdedssqlmi.inso1a101c37461fa.database.windows.net,EDS_PRD_PAAS_DR_SNAP_PUB,Centralrepository_HCM_AssociateExitinterviewData_mig,CRS_BASE_TBL,CTSAZDRMIBCCRS.INSO1A101C37461FA.DATABASE.WINDOWS.NET,ent_data_store_sub,dbo
ctsinazprdedssqlmi.inso1a101c37461fa.database.windows.net,EDS_PRD_PAAS_DR_SNAP_PUB,ESA_PS_CTS_PC_WZOPP_VW_STG_CURR,EDS_CURR_STG,CTSAZDRMIBCCRS.INSO1A101C37461FA.DATABASE.WINDOWS.NET,ent_data_store_sub,dbo
ctsinazprdedssqlmi.inso1a101c37461fa.database.windows.net,EDS_PRD_PAAS_DR_SNAP_PUB,HCM_PS_CT_PF_NUMBER_STG_CURR,EDS_CURR_STG,CTSAZDRMIBCCRS.INSO1A101C37461FA.DATABASE.WINDOWS.NET,ent_data_store_sub,dbo
ctsinazprdedssqlmi.inso1a101c37461fa.database.windows.net,EDS_PRD_PAAS_DR_SNAP_PUB,FMS_PS_VENDOR_STG_CURR,EDS_CURR_STG,CTSAZDRMIBCCRS.INSO1A101C37461FA.DATABASE.WINDOWS.NET,ent_data_store_sub,dbo
ctsinazprdedssqlmi.inso1a101c37461fa.database.windows.net,EDS_PRD_PAAS_DR_SNAP_PUB,CentralRepository_JOB_DELETED_Reference_MIG,CRS_BASE_TBL,CTSAZDRMIBCCRS.INSO1A101C37461FA.DATABASE.WINDOWS.NET,ent_data_store_sub,dbo
ctsinazprdedssqlmi.inso1a101c37461fa.database.windows.net,EDS_PRD_PAAS_DR_SNAP_PUB,ONBOARDING_Vw_BuddyApp_CandidateData_STG_CURR,EDS_CURR_STG,CTSAZDRMIBCCRS.INSO1A101C37461FA.DATABASE.WINDOWS.NET,ent_data_store_sub,dbo
ctsinazprdedssqlmi.inso1a101c37461fa.database.windows.net,EDS_PRD_PAAS_DR_SNAP_PUB,CentralRepository_ESA_ProjectIdentifier_MIG,CRS_BASE_TBL,CTSAZDRMIBCCRS.INSO1A101C37461FA.DATABASE.WINDOWS.NET,ent_data_store_sub,dbo
ctsinazprdedssqlmi.inso1a101c37461fa.database.windows.net,EDS_PRD_PAAS_DR_SNAP_PUB,FMS_PS_CTS_VNDR_CNTCVW_STG_CURR,EDS_CURR_STG,CTSAZDRMIBCCRS.INSO1A101C37461FA.DATABASE.WINDOWS.NET,ent_data_store_sub,dbo
ctsinazprdedssqlmi.inso1a101c37461fa.database.windows.net,EDS_PRD_PAAS_DR_SNAP_PUB,CentralRepository_HCM_Salaryplan_MIG,CRS_BASE_TBL,CTSAZDRMIBCCRS.INSO1A101C37461FA.DATABASE.WINDOWS.NET,ent_data_store_sub,dbo
ctsinazprdedssqlmi.inso1a101c37461fa.database.windows.net,EDS_PRD_PAAS_DR_SNAP_PUB,FMS_PS_CTS_VNDR_STG_STG_CURR,EDS_CURR_STG,CTSAZDRMIBCCRS.INSO1A101C37461FA.DATABASE.WINDOWS.NET,ent_data_store_sub,dbo
ctsinazprdedssqlmi.inso1a101c37461fa.database.windows.net,EDS_PRD_PAAS_DR_SNAP_PUB,ESA_PS_CTS_REGNCD_VW_STG_CURR,EDS_CURR_STG,CTSAZDRMIBCCRS.INSO1A101C37461FA.DATABASE.WINDOWS.NET,ent_data_store_sub,dbo
ctsinazprdedssqlmi.inso1a101c37461fa.database.windows.net,EDS_PRD_PAAS_DR_SNAP_PUB,FMS_PS_CTS_PMT_TRMS_VW_STG_CURR,EDS_CURR_STG,CTSAZDRMIBCCRS.INSO1A101C37461FA.DATABASE.WINDOWS.NET,ent_data_store_sub,dbo
ctsinazprdedssqlmi.inso1a101c37461fa.database.windows.net,EDS_PRD_PAAS_DR_SNAP_PUB,CentralRepository_RHMS_VerticalHierarchyEntityGrouping_MIG,CRS_BASE_TBL,CTSAZDRMIBCCRS.INSO1A101C37461FA.DATABASE.WINDOWS.NET,ent_data_store_sub,dbo
ctsinazprdedssqlmi.inso1a101c37461fa.database.windows.net,EDS_PRD_PAAS_DR_SNAP_PUB,CentralRepository_RHMS_Customer_Market_MIG,CRS_BASE_TBL,CTSAZDRMIBCCRS.INSO1A101C37461FA.DATABASE.WINDOWS.NET,ent_data_store_sub,dbo
ctsinazprdedssqlmi.inso1a101c37461fa.database.windows.net,EDS_PRD_PAAS_DR_SNAP_PUB,ESA_PS_CTS_ALLOC_CRS_VW_STG_CURR,EDS_CURR_STG,CTSAZDRMIBCCRS.INSO1A101C37461FA.DATABASE.WINDOWS.NET,ent_data_store_sub,dbo
ctsinazprdedssqlmi.inso1a101c37461fa.database.windows.net,EDS_PRD_PAAS_DR_SNAP_PUB,FMS_PS_CTS_PYMT_DET_VW_STG_CURR,EDS_CURR_STG,CTSAZDRMIBCCRS.INSO1A101C37461FA.DATABASE.WINDOWS.NET,ent_data_store_sub,dbo
ctsinazprdedssqlmi.inso1a101c37461fa.database.windows.net,EDS_PRD_PAAS_DR_SNAP_PUB,HCM_PS_CT_EAM_CUST_REC_STG_CURR,EDS_CURR_STG,CTSAZDRMIBCCRS.INSO1A101C37461FA.DATABASE.WINDOWS.NET,ent_data_store_sub,dbo
ctsinazprdedssqlmi.inso1a101c37461fa.database.windows.net,EDS_PRD_PAAS_DR_SNAP_PUB,CentralRepository_Currency_Details_MIG,CRS_BASE_TBL,CTSAZDRMIBCCRS.INSO1A101C37461FA.DATABASE.WINDOWS.NET,ent_data_store_sub,dbo
ctsinazprdedssqlmi.inso1a101c37461fa.database.windows.net,EDS_PRD_PAAS_DR_SNAP_PUB,FMS_PS_CTS_TAX_HDR_VW_STG_CURR,EDS_CURR_STG,CTSAZDRMIBCCRS.INSO1A101C37461FA.DATABASE.WINDOWS.NET,ent_data_store_sub,dbo
ctsinazprdedssqlmi.inso1a101c37461fa.database.windows.net,EDS_PRD_PAAS_DR_SNAP_PUB,CentralRepository_RHMS_PracticeArea_Master_MIG,CRS_BASE_TBL,CTSAZDRMIBCCRS.INSO1A101C37461FA.DATABASE.WINDOWS.NET,ent_data_store_sub,dbo
ctsinazprdedssqlmi.inso1a101c37461fa.database.windows.net,EDS_PRD_PAAS_DR_SNAP_PUB,LMS_STG_FAC_STG_CURR,EDS_CURR_STG,CTSAZDRMIBCCRS.INSO1A101C37461FA.DATABASE.WINDOWS.NET,ent_data_store_sub,dbo
ctsinazprdedssqlmi.inso1a101c37461fa.database.windows.net,EDS_PRD_PAAS_DR_SNAP_PUB,FMS_PS_CTS_GLBUSUNT_VW_STG_CURR,EDS_CURR_STG,CTSAZDRMIBCCRS.INSO1A101C37461FA.DATABASE.WINDOWS.NET,ent_data_store_sub,dbo
ctsinazprdedssqlmi.inso1a101c37461fa.database.windows.net,EDS_PRD_PAAS_DR_SNAP_PUB,MySkills_MS_DemandUnit_Master_STG_CURR,EDS_CURR_STG,CTSAZDRMIBCCRS.INSO1A101C37461FA.DATABASE.WINDOWS.NET,ent_data_store_sub,dbo
ctsinazprdedssqlmi.inso1a101c37461fa.database.windows.net,EDS_PRD_PAAS_DR_SNAP_PUB,MySkills_MS_SkillCluster_Practices_STG_CURR,EDS_CURR_STG,CTSAZDRMIBCCRS.INSO1A101C37461FA.DATABASE.WINDOWS.NET,ent_data_store_sub,dbo
ctsinazprdedssqlmi.inso1a101c37461fa.database.windows.net,EDS_PRD_PAAS_DR_SNAP_PUB,CentralRepository_HCM_Frequency_MIG,CRS_BASE_TBL,CTSAZDRMIBCCRS.INSO1A101C37461FA.DATABASE.WINDOWS.NET,ent_data_store_sub,dbo
ctsinazprdedssqlmi.inso1a101c37461fa.database.windows.net,EDS_PRD_PAAS_DR_SNAP_PUB,FMS_PS_CTS_VDR_ORG_STG_STG_CURR,EDS_CURR_STG,CTSAZDRMIBCCRS.INSO1A101C37461FA.DATABASE.WINDOWS.NET,ent_data_store_sub,dbo
ctsinazprdedssqlmi.inso1a101c37461fa.database.windows.net,EDS_PRD_PAAS_DR_SNAP_PUB,ESA_PS_PROJ_CATG_TBL_STG_CURR,EDS_CURR_STG,CTSAZDRMIBCCRS.INSO1A101C37461FA.DATABASE.WINDOWS.NET,ent_data_store_sub,dbo
ctsinazprdedssqlmi.inso1a101c37461fa.database.windows.net,EDS_PRD_PAAS_DR_SNAP_PUB,MySkills_MS_Service_Master_STG_CURR,EDS_CURR_STG,CTSAZDRMIBCCRS.INSO1A101C37461FA.DATABASE.WINDOWS.NET,ent_data_store_sub,dbo
ctsinazprdedssqlmi.inso1a101c37461fa.database.windows.net,EDS_PRD_PAAS_DR_SNAP_PUB,centralrepository_CforcastLogDetails_MIG,CRS_BASE_TBL,CTSAZDRMIBCCRS.INSO1A101C37461FA.DATABASE.WINDOWS.NET,ent_data_store_sub,dbo
ctsinazprdedssqlmi.inso1a101c37461fa.database.windows.net,EDS_PRD_PAAS_DR_SNAP_PUB,FMS_PS_CTS_SET_ID_VW_STG_CURR,EDS_CURR_STG,CTSAZDRMIBCCRS.INSO1A101C37461FA.DATABASE.WINDOWS.NET,ent_data_store_sub,dbo
ctsinazprdedssqlmi.inso1a101c37461fa.database.windows.net,EDS_PRD_PAAS_DR_SNAP_PUB,FMS_PS_CTS_WTHDCD_D_VW_STG_CURR,EDS_CURR_STG,CTSAZDRMIBCCRS.INSO1A101C37461FA.DATABASE.WINDOWS.NET,ent_data_store_sub,dbo
ctsinazprdedssqlmi.inso1a101c37461fa.database.windows.net,EDS_PRD_PAAS_DR_SNAP_PUB,HCM_PS_CT_SL_PL_THR2_STG_CURR,EDS_CURR_STG,CTSAZDRMIBCCRS.INSO1A101C37461FA.DATABASE.WINDOWS.NET,ent_data_store_sub,dbo
ctsinazprdedssqlmi.inso1a101c37461fa.database.windows.net,EDS_PRD_PAAS_DR_SNAP_PUB,ESA_PS_CTS_PC_PAR_TBL_STG_CURR,EDS_CURR_STG,CTSAZDRMIBCCRS.INSO1A101C37461FA.DATABASE.WINDOWS.NET,ent_data_store_sub,dbo
ctsinazprdedssqlmi.inso1a101c37461fa.database.windows.net,EDS_PRD_PAAS_DR_SNAP_PUB,LMS_ACTLABEL_STG_CURR,EDS_CURR_STG,CTSAZDRMIBCCRS.INSO1A101C37461FA.DATABASE.WINDOWS.NET,ent_data_store_sub,dbo
ctsinazprdedssqlmi.inso1a101c37461fa.database.windows.net,EDS_PRD_PAAS_DR_SNAP_PUB,CentralRepository_ESA_GradesData_MIG,CRS_BASE_TBL,CTSAZDRMIBCCRS.INSO1A101C37461FA.DATABASE.WINDOWS.NET,ent_data_store_sub,dbo
ctsinazprdedssqlmi.inso1a101c37461fa.database.windows.net,EDS_PRD_PAAS_DR_SNAP_PUB,HCM_PS_BUS_UNIT_OPT_HR_STG_CURR,EDS_CURR_STG,CTSAZDRMIBCCRS.INSO1A101C37461FA.DATABASE.WINDOWS.NET,ent_data_store_sub,dbo
ctsinazprdedssqlmi.inso1a101c37461fa.database.windows.net,EDS_PRD_PAAS_DR_SNAP_PUB,CentralRepository_FBD_contract_details_MIG,CRS_BASE_TBL,CTSAZDRMIBCCRS.INSO1A101C37461FA.DATABASE.WINDOWS.NET,ent_data_store_sub,dbo
ctsinazprdedssqlmi.inso1a101c37461fa.database.windows.net,EDS_PRD_PAAS_DR_SNAP_PUB,FMS_PS_CTS_GL_ACCT_STG_STG_CURR,EDS_CURR_STG,CTSAZDRMIBCCRS.INSO1A101C37461FA.DATABASE.WINDOWS.NET,ent_data_store_sub,dbo
ctsinazprdedssqlmi.inso1a101c37461fa.database.windows.net,EDS_PRD_PAAS_DR_SNAP_PUB,LM_NearshoreGGMMaster_STG_CURR,EDS_CURR_STG,CTSAZDRMIBCCRS.INSO1A101C37461FA.DATABASE.WINDOWS.NET,ent_data_store_sub,dbo
ctsinazprdedssqlmi.inso1a101c37461fa.database.windows.net,EDS_PRD_PAAS_DR_SNAP_PUB,ARIBA_vw_Centralrepository_AribaProcurementAccount_STG_CURR,EDS_CURR_STG,CTSAZDRMIBCCRS.INSO1A101C37461FA.DATABASE.WINDOWS.NET,ent_data_store_sub,dbo
ctsinazprdedssqlmi.inso1a101c37461fa.database.windows.net,EDS_PRD_PAAS_DR_SNAP_PUB,ESA_PS_CTS_ETAX_RTCFVW_STG_CURR,EDS_CURR_STG,CTSAZDRMIBCCRS.INSO1A101C37461FA.DATABASE.WINDOWS.NET,ent_data_store_sub,dbo
ctsinazprdedssqlmi.inso1a101c37461fa.database.windows.net,EDS_PRD_PAAS_DR_SNAP_PUB,CentralRepository_HCM_Currencycode_Mig,CRS_BASE_TBL,CTSAZDRMIBCCRS.INSO1A101C37461FA.DATABASE.WINDOWS.NET,ent_data_store_sub,dbo
ctsinazprdedssqlmi.inso1a101c37461fa.database.windows.net,EDS_PRD_PAAS_DR_SNAP_PUB,CentralRepository_HCM_Localtax_MIG,CRS_BASE_TBL,CTSAZDRMIBCCRS.INSO1A101C37461FA.DATABASE.WINDOWS.NET,ent_data_store_sub,dbo
ctsinazprdedssqlmi.inso1a101c37461fa.database.windows.net,EDS_PRD_PAAS_DR_SNAP_PUB,ESA_PS_CTS_VDR_GST_VW_STG_CURR,EDS_CURR_STG,CTSAZDRMIBCCRS.INSO1A101C37461FA.DATABASE.WINDOWS.NET,ent_data_store_sub,dbo
ctsinazprdedssqlmi.inso1a101c37461fa.database.windows.net,EDS_PRD_PAAS_DR_SNAP_PUB,CentralRepository_RHMS_SensitiveRoleDetails_MIG,CRS_BASE_TBL,CTSAZDRMIBCCRS.INSO1A101C37461FA.DATABASE.WINDOWS.NET,ent_data_store_sub,dbo
ctsinazprdedssqlmi.inso1a101c37461fa.database.windows.net,EDS_PRD_PAAS_DR_SNAP_PUB,MySkills_MS_SkillCluster_Master_STG_CURR,EDS_CURR_STG,CTSAZDRMIBCCRS.INSO1A101C37461FA.DATABASE.WINDOWS.NET,ent_data_store_sub,dbo
ctsinazprdedssqlmi.inso1a101c37461fa.database.windows.net,EDS_PRD_PAAS_DR_SNAP_PUB,RHMS_tbl_EDS_BUHierarchyEntityGrouping_STG_CURR,EDS_CURR_STG,CTSAZDRMIBCCRS.INSO1A101C37461FA.DATABASE.WINDOWS.NET,ent_data_store_sub,dbo
ctsinazprdedssqlmi.inso1a101c37461fa.database.windows.net,EDS_PRD_PAAS_DR_SNAP_PUB,HCM_PS_CT_7D_CWR_EMP_STG_CURR,EDS_CURR_STG,CTSAZDRMIBCCRS.INSO1A101C37461FA.DATABASE.WINDOWS.NET,ent_data_store_sub,dbo
ctsinazprdedssqlmi.inso1a101c37461fa.database.windows.net,EDS_PRD_PAAS_DR_SNAP_PUB,CentralRepository_RHMS_IndustrySegment_MIG,CRS_BASE_TBL,CTSAZDRMIBCCRS.INSO1A101C37461FA.DATABASE.WINDOWS.NET,ent_data_store_sub,dbo
ctsinazprdedssqlmi.inso1a101c37461fa.database.windows.net,EDS_PRD_PAAS_DR_SNAP_PUB,CHire_UserDetails_STG_CURR,EDS_CURR_STG,CTSAZDRMIBCCRS.INSO1A101C37461FA.DATABASE.WINDOWS.NET,ent_data_store_sub,dbo
ctsinazprdedssqlmi.inso1a101c37461fa.database.windows.net,EDS_PRD_PAAS_DR_SNAP_PUB,HCM_PS_HOLIDAY_TBL_STG_CURR,EDS_CURR_STG,CTSAZDRMIBCCRS.INSO1A101C37461FA.DATABASE.WINDOWS.NET,ent_data_store_sub,dbo
ctsinazprdedssqlmi.inso1a101c37461fa.database.windows.net,EDS_PRD_PAAS_DR_SNAP_PUB,FMS_PS_CTS_PMT_STEP_VW_STG_CURR,EDS_CURR_STG,CTSAZDRMIBCCRS.INSO1A101C37461FA.DATABASE.WINDOWS.NET,ent_data_store_sub,dbo
ctsinazprdedssqlmi.inso1a101c37461fa.database.windows.net,EDS_PRD_PAAS_DR_SNAP_PUB,CentralRepository_RHMS_ServiceLine_Master_MIG,CRS_BASE_TBL,CTSAZDRMIBCCRS.INSO1A101C37461FA.DATABASE.WINDOWS.NET,ent_data_store_sub,dbo
ctsinazprdedssqlmi.inso1a101c37461fa.database.windows.net,EDS_PRD_PAAS_DR_SNAP_PUB,FMS_PS_CTS_ARB_RCYL_VW_STG_CURR,EDS_CURR_STG,CTSAZDRMIBCCRS.INSO1A101C37461FA.DATABASE.WINDOWS.NET,ent_data_store_sub,dbo
ctsinazprdedssqlmi.inso1a101c37461fa.database.windows.net,EDS_PRD_PAAS_DR_SNAP_PUB,LMS_LOC_STG_CURR,EDS_CURR_STG,CTSAZDRMIBCCRS.INSO1A101C37461FA.DATABASE.WINDOWS.NET,ent_data_store_sub,dbo
ctsinazprdedssqlmi.inso1a101c37461fa.database.windows.net,EDS_PRD_PAAS_DR_SNAP_PUB,MySkills_MS_SkillCluster_Services_STG_CURR,EDS_CURR_STG,CTSAZDRMIBCCRS.INSO1A101C37461FA.DATABASE.WINDOWS.NET,ent_data_store_sub,dbo
ctsinazprdedssqlmi.inso1a101c37461fa.database.windows.net,EDS_PRD_PAAS_DR_SNAP_PUB,ESA_PS_CTS_BD_PRJ_CHLD_STG_CURR,EDS_CURR_STG,CTSAZDRMIBCCRS.INSO1A101C37461FA.DATABASE.WINDOWS.NET,ent_data_store_sub,dbo
ctsinazprdedssqlmi.inso1a101c37461fa.database.windows.net,EDS_PRD_PAAS_DR_SNAP_PUB,CentralRepository_EAM_LeaveMaster_MIG,CRS_BASE_TBL,CTSAZDRMIBCCRS.INSO1A101C37461FA.DATABASE.WINDOWS.NET,ent_data_store_sub,dbo
ctsinazprdedssqlmi.inso1a101c37461fa.database.windows.net,EDS_PRD_PAAS_DR_SNAP_PUB,ESA_PS_CTS_BUD_CUT_TBL_STG_CURR,EDS_CURR_STG,CTSAZDRMIBCCRS.INSO1A101C37461FA.DATABASE.WINDOWS.NET,ent_data_store_sub,dbo
ctsinazprdedssqlmi.inso1a101c37461fa.database.windows.net,EDS_PRD_PAAS_DR_SNAP_PUB,Ariba_vw_Centralrepository_AribaRelationEntry_STG_CURR,EDS_CURR_STG,CTSAZDRMIBCCRS.INSO1A101C37461FA.DATABASE.WINDOWS.NET,ent_data_store_sub,dbo
ctsinazprdedssqlmi.inso1a101c37461fa.database.windows.net,EDS_PRD_PAAS_DR_SNAP_PUB,NAPRL_vw_ActiveReciprocityDetails_STG_CURR,EDS_CURR_STG,CTSAZDRMIBCCRS.INSO1A101C37461FA.DATABASE.WINDOWS.NET,ent_data_store_sub,dbo
ctsinazprdedssqlmi.inso1a101c37461fa.database.windows.net,EDS_PRD_PAAS_DR_SNAP_PUB,FMS_PS_CTS_PROFILE_VW_STG_CURR,EDS_CURR_STG,CTSAZDRMIBCCRS.INSO1A101C37461FA.DATABASE.WINDOWS.NET,ent_data_store_sub,dbo
ctsinazprdedssqlmi.inso1a101c37461fa.database.windows.net,EDS_PRD_PAAS_DR_SNAP_PUB,CentralRepository_EstablishmentMaster_MIG,CRS_BASE_TBL,CTSAZDRMIBCCRS.INSO1A101C37461FA.DATABASE.WINDOWS.NET,ent_data_store_sub,dbo
ctsinazprdedssqlmi.inso1a101c37461fa.database.windows.net,EDS_PRD_PAAS_DR_SNAP_PUB,BCM_vw_RSMSeatAllocationDetails_STG_CURR,EDS_CURR_STG,CTSAZDRMIBCCRS.INSO1A101C37461FA.DATABASE.WINDOWS.NET,ent_data_store_sub,dbo
ctsinazprdedssqlmi.inso1a101c37461fa.database.windows.net,EDS_PRD_PAAS_DR_SNAP_PUB,CentralRepository_Entity_Details_MIG,CRS_BASE_TBL,CTSAZDRMIBCCRS.INSO1A101C37461FA.DATABASE.WINDOWS.NET,ent_data_store_sub,dbo
ctsinazprdedssqlmi.inso1a101c37461fa.database.windows.net,EDS_PRD_PAAS_DR_SNAP_PUB,MYWKSPC_GSMS_Master_LM_STG_CURR,EDS_CURR_STG,CTSAZDRMIBCCRS.INSO1A101C37461FA.DATABASE.WINDOWS.NET,ent_data_store_sub,dbo
ctsinazprdedssqlmi.inso1a101c37461fa.database.windows.net,EDS_PRD_PAAS_DR_SNAP_PUB,FMS_PS_CTS_ETAX_RTDLVW_STG_CURR,EDS_CURR_STG,CTSAZDRMIBCCRS.INSO1A101C37461FA.DATABASE.WINDOWS.NET,ent_data_store_sub,dbo
ctsinazprdedssqlmi.inso1a101c37461fa.database.windows.net,EDS_PRD_PAAS_DR_SNAP_PUB,SFDC_Product_STG_CURR,EDS_CURR_STG,CTSAZDRMIBCCRS.INSO1A101C37461FA.DATABASE.WINDOWS.NET,ent_data_store_sub,dbo
ctsinazprdedssqlmi.inso1a101c37461fa.database.windows.net,EDS_PRD_PAAS_DR_SNAP_PUB,FMS_PS_CTS_WTHDCD_H_VW_STG_CURR,EDS_CURR_STG,CTSAZDRMIBCCRS.INSO1A101C37461FA.DATABASE.WINDOWS.NET,ent_data_store_sub,dbo
ctsinazprdedssqlmi.inso1a101c37461fa.database.windows.net,EDS_PRD_PAAS_DR_SNAP_PUB,HCM_PS_PERSONAL_PHONE_STG_CURR,EDS_CURR_STG,CTSAZDRMIBCCRS.INSO1A101C37461FA.DATABASE.WINDOWS.NET,ent_data_store_sub,dbo
ctsinazprdedssqlmi.inso1a101c37461fa.database.windows.net,EDS_PRD_PAAS_DR_SNAP_PUB,CentralRepository_ESA_ContractorTimecardDetail_MIG,CRS_BASE_TBL,CTSAZDRMIBCCRS.INSO1A101C37461FA.DATABASE.WINDOWS.NET,ent_data_store_sub,dbo
ctsinazprdedssqlmi.inso1a101c37461fa.database.windows.net,EDS_PRD_PAAS_DR_SNAP_PUB,TMP_vw_TalentMarketPlace_AssociateResume_STG_CURR,EDS_CURR_STG,CTSAZDRMIBCCRS.INSO1A101C37461FA.DATABASE.WINDOWS.NET,ent_data_store_sub,dbo
ctsinazprdedssqlmi.inso1a101c37461fa.database.windows.net,EDS_PRD_PAAS_DR_SNAP_PUB,ESA_PS_CTS_CRS_BTB_VW_STG_CURR,EDS_CURR_STG,CTSAZDRMIBCCRS.INSO1A101C37461FA.DATABASE.WINDOWS.NET,ent_data_store_sub,dbo
ctsinazprdedssqlmi.inso1a101c37461fa.database.windows.net,EDS_PRD_PAAS_DR_SNAP_PUB,LMS_TBL_TAX_ITEM_STG_CURR,EDS_CURR_STG,CTSAZDRMIBCCRS.INSO1A101C37461FA.DATABASE.WINDOWS.NET,ent_data_store_sub,dbo
ctsinazprdedssqlmi.inso1a101c37461fa.database.windows.net,EDS_PRD_PAAS_DR_SNAP_PUB,CentralRepository_HCM_ExitInterview_MIG,CRS_BASE_TBL,CTSAZDRMIBCCRS.INSO1A101C37461FA.DATABASE.WINDOWS.NET,ent_data_store_sub,dbo
ctsinazprdedssqlmi.inso1a101c37461fa.database.windows.net,EDS_PRD_PAAS_DR_SNAP_PUB,CentralRepository_EmergencyContact_MIG,CRS_BASE_TBL,CTSAZDRMIBCCRS.INSO1A101C37461FA.DATABASE.WINDOWS.NET,ent_data_store_sub,dbo
ctsinazprdedssqlmi.inso1a101c37461fa.database.windows.net,EDS_PRD_PAAS_DR_SNAP_PUB,TMP_vw_TMP_CRS_SO_Details_STG_CURR,EDS_CURR_STG,CTSAZDRMIBCCRS.INSO1A101C37461FA.DATABASE.WINDOWS.NET,ent_data_store_sub,dbo
ctsinazprdedssqlmi.inso1a101c37461fa.database.windows.net,EDS_PRD_PAAS_DR_SNAP_PUB,ESA_PS_CTS_CRS_IN_STG_STG_CURR,EDS_CURR_STG,CTSAZDRMIBCCRS.INSO1A101C37461FA.DATABASE.WINDOWS.NET,ent_data_store_sub,dbo
ctsinazprdedssqlmi.inso1a101c37461fa.database.windows.net,EDS_PRD_PAAS_DR_SNAP_PUB,FMS_PS_CTS_COMBDATA_VW_STG_CURR,EDS_CURR_STG,CTSAZDRMIBCCRS.INSO1A101C37461FA.DATABASE.WINDOWS.NET,ent_data_store_sub,dbo
ctsinazprdedssqlmi.inso1a101c37461fa.database.windows.net,EDS_PRD_PAAS_DR_SNAP_PUB,CHire_CandidateExperience_STG_CURR,EDS_CURR_STG,CTSAZDRMIBCCRS.INSO1A101C37461FA.DATABASE.WINDOWS.NET,ent_data_store_sub,dbo
ctsinazprdedssqlmi.inso1a101c37461fa.database.windows.net,EDS_PRD_PAAS_DR_SNAP_PUB,CentralRepository_Talview_Hriosdata,CRS_BASE_TBL,CTSAZDRMIBCCRS.INSO1A101C37461FA.DATABASE.WINDOWS.NET,ent_data_store_sub,dbo
ctsinazprdedssqlmi.inso1a101c37461fa.database.windows.net,EDS_PRD_PAAS_DR_SNAP_PUB,SFDC_OpportunityLineItem_STG_CURR,EDS_CURR_STG,CTSAZDRMIBCCRS.INSO1A101C37461FA.DATABASE.WINDOWS.NET,ent_data_store_sub,dbo
ctsinazprdedssqlmi.inso1a101c37461fa.database.windows.net,EDS_PRD_PAAS_DR_SNAP_PUB,CentralRepository_Talview_Techiosdata,CRS_BASE_TBL,CTSAZDRMIBCCRS.INSO1A101C37461FA.DATABASE.WINDOWS.NET,ent_data_store_sub,dbo
ctsinazprdedssqlmi.inso1a101c37461fa.database.windows.net,EDS_PRD_PAAS_DR_SNAP_PUB,CentralRepository_SFDC_Account_RHMS_MIG,CRS_BASE_TBL,CTSAZDRMIBCCRS.INSO1A101C37461FA.DATABASE.WINDOWS.NET,ent_data_store_sub,dbo
ctsinazprdedssqlmi.inso1a101c37461fa.database.windows.net,EDS_PRD_PAAS_RSO_PUB,Apple_Table_test_EDS,EDS_CURR_STG,CTSAZSIMICRSMAS.INSO1A101C37461FA.DATABASE.WINDOWS.NET,ent_data_store_sub,dbo
ctsinazprdedssqlmi.inso1a101c37461fa.database.windows.net,EDS_PRD_PAAS_RSO_PUB,CentralRepository_Associate_Details_History_MIG,CRS_BASE_TBL,CTSAZSIMICRSMAS.INSO1A101C37461FA.DATABASE.WINDOWS.NET,ent_data_store_sub,dbo
ctsinazprdedssqlmi.inso1a101c37461fa.database.windows.net,EDS_PRD_PAAS_RSO_PUB,CentralRepository_Chire_CandidateDocument,CRS_BASE_TBL,CTSAZSIMICRSMAS.INSO1A101C37461FA.DATABASE.WINDOWS.NET,ent_data_store_sub,dbo
ctsinazprdedssqlmi.inso1a101c37461fa.database.windows.net,EDS_PRD_PAAS_RSO_PUB,CentralRepository_ESA_Allocation_MIG,CRS_BASE_TBL,CTSAZSIMICRSMAS.INSO1A101C37461FA.DATABASE.WINDOWS.NET,ent_data_store_sub,dbo
ctsinazprdedssqlmi.inso1a101c37461fa.database.windows.net,EDS_PRD_PAAS_RSO_PUB,CentralRepository_RMG_ResourceRequest_MIG,CRS_BASE_TBL,CTSAZSIMICRSMAS.INSO1A101C37461FA.DATABASE.WINDOWS.NET,ent_data_store_sub,dbo
ctsinazprdedssqlmi.inso1a101c37461fa.database.windows.net,EDS_PRD_PAAS_RSO_PUB,CHire_CandidateCurrentOffer_STG_CURR,EDS_CURR_STG,CTSAZSIMICRSMAS.INSO1A101C37461FA.DATABASE.WINDOWS.NET,ent_data_store_sub,dbo
ctsinazprdedssqlmi.inso1a101c37461fa.database.windows.net,EDS_PRD_PAAS_RSO_PUB,CHire_CandidatePersonalDetail_STG_CURR,EDS_CURR_STG,CTSAZSIMICRSMAS.INSO1A101C37461FA.DATABASE.WINDOWS.NET,ent_data_store_sub,dbo
ctsinazprdedssqlmi.inso1a101c37461fa.database.windows.net,EDS_PRD_PAAS_RSO_PUB,CHire_RequisitionJobDescription_STG_CURR,EDS_CURR_STG,CTSAZSIMICRSMAS.INSO1A101C37461FA.DATABASE.WINDOWS.NET,ent_data_store_sub,dbo
ctsinazprdedssqlmi.inso1a101c37461fa.database.windows.net,EDS_PRD_PAAS_RSO_PUB,HCM_PS_CT_GBL_HCM_SFBD_STG_CURR,EDS_CURR_STG,CTSAZSIMICRSMAS.INSO1A101C37461FA.DATABASE.WINDOWS.NET,ent_data_store_sub,dbo
ctsinazprdedssqlmi.inso1a101c37461fa.database.windows.net,EDS_PRD_PAAS_RSO_PUB,LMS_TBL_TMX_ATTEMPT_STG_CURR,EDS_CURR_STG,CTSAZSIMICRSMAS.INSO1A101C37461FA.DATABASE.WINDOWS.NET,ent_data_store_sub,dbo
ctsinazprdedssqlmi.inso1a101c37461fa.database.windows.net,EDS_PRD_PAAS_RSO_PUB,LMS_TBL_TMX_REGISTRATION_STG_CURR,EDS_CURR_STG,CTSAZSIMICRSMAS.INSO1A101C37461FA.DATABASE.WINDOWS.NET,ent_data_store_sub,dbo
ctsinazprdedssqlmi.inso1a101c37461fa.database.windows.net,EDS_PRD_PAAS_SNAP_PUB1,Ariba_vw_Centralrepository_AribaRelationEntry_STG_CURR,EDS_CURR_STG,CTSAZSIMICRSMAS.INSO1A101C37461FA.DATABASE.WINDOWS.NET,ent_data_store_sub,dbo
ctsinazprdedssqlmi.inso1a101c37461fa.database.windows.net,EDS_PRD_PAAS_SNAP_PUB1,Beeline_CRS_WorkerDownloadData_ExceptionHandling_STG_CURR,EDS_CURR_STG,CTSAZSIMICRSMAS.INSO1A101C37461FA.DATABASE.WINDOWS.NET,ent_data_store_sub,dbo
ctsinazprdedssqlmi.inso1a101c37461fa.database.windows.net,EDS_PRD_PAAS_SNAP_PUB1,CentralRepository_BeelineWorkerDownloadData_ExceptionHandling_MIG,CRS_BASE_TBL,CTSAZSIMICRSMAS.INSO1A101C37461FA.DATABASE.WINDOWS.NET,ent_data_store_sub,dbo
ctsinazprdedssqlmi.inso1a101c37461fa.database.windows.net,EDS_PRD_PAAS_SNAP_PUB1,Centralrepository_ForecastFBD_CRS_MIG,CRS_BASE_TBL,CTSAZSIMICRSMAS.INSO1A101C37461FA.DATABASE.WINDOWS.NET,ent_data_store_sub,dbo
ctsinazprdedssqlmi.inso1a101c37461fa.database.windows.net,EDS_PRD_PAAS_SNAP_PUB1,CentralRepository_HCM_Associate_School_Data_MIG,CRS_BASE_TBL,CTSAZSIMICRSMAS.INSO1A101C37461FA.DATABASE.WINDOWS.NET,ent_data_store_sub,dbo
ctsinazprdedssqlmi.inso1a101c37461fa.database.windows.net,EDS_PRD_PAAS_SNAP_PUB1,CentralRepository_HCM_DirectDepositApprovalStatus_MIG,CRS_BASE_TBL,CTSAZSIMICRSMAS.INSO1A101C37461FA.DATABASE.WINDOWS.NET,ent_data_store_sub,dbo
ctsinazprdedssqlmi.inso1a101c37461fa.database.windows.net,EDS_PRD_PAAS_SNAP_PUB1,CentralRepository_HCM_ResignationReasonDetails_MIG,CRS_BASE_TBL,CTSAZSIMICRSMAS.INSO1A101C37461FA.DATABASE.WINDOWS.NET,ent_data_store_sub,dbo
ctsinazprdedssqlmi.inso1a101c37461fa.database.windows.net,EDS_PRD_PAAS_SNAP_PUB1,CentralRepository_HCM_Workaddress_MIG,CRS_BASE_TBL,CTSAZSIMICRSMAS.INSO1A101C37461FA.DATABASE.WINDOWS.NET,ent_data_store_sub,dbo
ctsinazprdedssqlmi.inso1a101c37461fa.database.windows.net,EDS_PRD_PAAS_SNAP_PUB1,CentralRepository_NAPayroll_NRADetails_MIG,CRS_BASE_TBL,CTSAZSIMICRSMAS.INSO1A101C37461FA.DATABASE.WINDOWS.NET,ent_data_store_sub,dbo
ctsinazprdedssqlmi.inso1a101c37461fa.database.windows.net,EDS_PRD_PAAS_SNAP_PUB1,Centralrepository_OnboardingCandidateId_MIG,CRS_BASE_TBL,CTSAZSIMICRSMAS.INSO1A101C37461FA.DATABASE.WINDOWS.NET,ent_data_store_sub,dbo
ctsinazprdedssqlmi.inso1a101c37461fa.database.windows.net,EDS_PRD_PAAS_SNAP_PUB1,MySkills_MS_SkillCluster_Master_STG_CURR,EDS_CURR_STG,CTSAZSIMICRSMAS.INSO1A101C37461FA.DATABASE.WINDOWS.NET,ent_data_store_sub,dbo
ctsinazprdedssqlmi.inso1a101c37461fa.database.windows.net,EDS_PRD_PAAS_SNAP_PUB1,MySkills_MS_SkillCluster_Practices_STG_CURR,EDS_CURR_STG,CTSAZSIMICRSMAS.INSO1A101C37461FA.DATABASE.WINDOWS.NET,ent_data_store_sub,dbo
ctsinazprdedssqlmi.inso1a101c37461fa.database.windows.net,EDS_PRD_PAAS_SNAP_PUB1,MySkills_MS_SkillCluster_Services_STG_CURR,EDS_CURR_STG,CTSAZSIMICRSMAS.INSO1A101C37461FA.DATABASE.WINDOWS.NET,ent_data_store_sub,dbo
ctsinazprdedssqlmi.inso1a101c37461fa.database.windows.net,EDS_PRD_PAAS_SNAP_PUB1,MySkills_MS_SkillCluster_Skills_STG_CURR,EDS_CURR_STG,CTSAZSIMICRSMAS.INSO1A101C37461FA.DATABASE.WINDOWS.NET,ent_data_store_sub,dbo
ctsinazprdedssqlmi.inso1a101c37461fa.database.windows.net,EDS_PRD_PAAS_SNAP_PUB1,RHMS_tbl_EDS_BUHierarchyEntityGrouping_STG_CURR,EDS_CURR_STG,CTSAZSIMICRSMAS.INSO1A101C37461FA.DATABASE.WINDOWS.NET,ent_data_store_sub,dbo
ctsinazprdedssqlmi.inso1a101c37461fa.database.windows.net,EDS_PRD_PAAS_SNAP_PUB1,DataRetention_VW_RETENTION_SCHEDULE_BUSINESSLOGIC_STG_CURR,EDS_CURR_STG,CTSAZSIMICRSMAS.INSO1A101C37461FA.DATABASE.WINDOWS.NET,ent_data_store_sub,dbo
ctsinazprdedssqlmi.inso1a101c37461fa.database.windows.net,EDS_PRD_PAAS_SNAP_PUB1,DATARETENTION_VW_COGNIZANT_CANDIDATE_DETAILS_STG_CURR,EDS_CURR_STG,CTSAZSIMICRSMAS.INSO1A101C37461FA.DATABASE.WINDOWS.NET,ent_data_store_sub,dbo
ctsinazprdedssqlmi.inso1a101c37461fa.database.windows.net,EDS_PRD_PAAS_SNAP_PUB1,LMS_PERSON_STG_CURR,EDS_CURR_STG,CTSAZSIMICRSMAS.INSO1A101C37461FA.DATABASE.WINDOWS.NET,ent_data_store_sub,dbo
ctsinazprdedssqlmi.inso1a101c37461fa.database.windows.net,EDS_PRD_PAAS_SNAP_PUB1,HCM_PS_CT_CNTY_CD_TBL_STG_CURR,EDS_CURR_STG,CTSAZSIMICRSMAS.INSO1A101C37461FA.DATABASE.WINDOWS.NET,ent_data_store_sub,dbo
ctsinazprdedssqlmi.inso1a101c37461fa.database.windows.net,EDS_PRD_PAAS_SNAP_PUB1,DATARETENTION_VW_COGNIZANT_ASSOCIATE_DETAILS_STG_CURR,EDS_CURR_STG,CTSAZSIMICRSMAS.INSO1A101C37461FA.DATABASE.WINDOWS.NET,ent_data_store_sub,dbo
ctsinazprdedssqlmi.inso1a101c37461fa.database.windows.net,EDS_PRD_PAAS_SNAP_PUB1,CentralRepository_Contracts,CRS_BASE_TBL,CTSAZSIMICRSMAS.INSO1A101C37461FA.DATABASE.WINDOWS.NET,ent_data_store_sub,dbo
ctsinazprdedssqlmi.inso1a101c37461fa.database.windows.net,EDS_PRD_PAAS_SNAP_PUB1,ESA_PS_CTS_GRADE_ROLE_STG_CURR,EDS_CURR_STG,CTSAZSIMICRSMAS.INSO1A101C37461FA.DATABASE.WINDOWS.NET,ent_data_store_sub,dbo
ctsinazprdedssqlmi.inso1a101c37461fa.database.windows.net,EDS_PRD_PAAS_SNAP_PUB1,FMS_PS_DEPT_TBL_STG_CURR,EDS_CURR_STG,CTSAZSIMICRSMAS.INSO1A101C37461FA.DATABASE.WINDOWS.NET,ent_data_store_sub,dbo
ctsinazprdedssqlmi.inso1a101c37461fa.database.windows.net,EDS_PRD_PAAS_SNAP_PUB1,DATARETENTION_VW_ASSOCIATE_LAST_PAYOUT_DETAILS_STG_CURR,EDS_CURR_STG,CTSAZSIMICRSMAS.INSO1A101C37461FA.DATABASE.WINDOWS.NET,ent_data_store_sub,dbo
ctsinazprdedssqlmi.inso1a101c37461fa.database.windows.net,EDS_PRD_PAAS_SNAP_PUB1,DataRetention_vw_Ref_Region_FY_stg_curr,EDS_CURR_STG,CTSAZSIMICRSMAS.INSO1A101C37461FA.DATABASE.WINDOWS.NET,ent_data_store_sub,dbo
ctsinazprdedssqlmi.inso1a101c37461fa.database.windows.net,EDS_PRD_PAAS_SNAP_PUB1,DataRetention_PurgeHold_STG_CURR,EDS_CURR_STG,CTSAZSIMICRSMAS.INSO1A101C37461FA.DATABASE.WINDOWS.NET,ent_data_store_sub,dbo
ctsinazprdedssqlmi.inso1a101c37461fa.database.windows.net,EDS_PRD_PAAS_SNAP_PUB1,DATARETENTION_VW_TRAVEL_HISTORY_STG_CURR,EDS_CURR_STG,CTSAZSIMICRSMAS.INSO1A101C37461FA.DATABASE.WINDOWS.NET,ent_data_store_sub,dbo
ctsinazprdedssqlmi.inso1a101c37461fa.database.windows.net,EDS_PRD_PAAS_SNAP_PUB1,ESA_PS_CTSRM_LE_CRS_VW_STG_CURR,EDS_CURR_STG,CTSAZSIMICRSMAS.INSO1A101C37461FA.DATABASE.WINDOWS.NET,ent_data_store_sub,dbo
ctsinazprdedssqlmi.inso1a101c37461fa.database.windows.net,EDS_PRD_PAAS_SNAP_PUB1,DataRetention_AssociateRegionRecord_STG_CURR,EDS_CURR_STG,CTSAZSIMICRSMAS.INSO1A101C37461FA.DATABASE.WINDOWS.NET,ent_data_store_sub,dbo
ctsinazprdedssqlmi.inso1a101c37461fa.database.windows.net,EDS_PRD_PAAS_SNAP_PUB1,ESA_PS_PROJ_TYPE_TBL_STG_CURR,EDS_CURR_STG,CTSAZSIMICRSMAS.INSO1A101C37461FA.DATABASE.WINDOWS.NET,ent_data_store_sub,dbo
ctsinazprdedssqlmi.inso1a101c37461fa.database.windows.net,EDS_PRD_PAAS_SNAP_PUB1,CentralRepository_ESA_ProjectSupervisor_MIG,CRS_BASE_TBL,CTSAZSIMICRSMAS.INSO1A101C37461FA.DATABASE.WINDOWS.NET,ent_data_store_sub,dbo
ctsinazprdedssqlmi.inso1a101c37461fa.database.windows.net,EDS_PRD_PAAS_SNAP_PUB1,HCM_PS_CT_GBL_SFT_MSTR_STG_CURR,EDS_CURR_STG,CTSAZSIMICRSMAS.INSO1A101C37461FA.DATABASE.WINDOWS.NET,ent_data_store_sub,dbo
ctsinazprdedssqlmi.inso1a101c37461fa.database.windows.net,EDS_PRD_PAAS_SNAP_PUB1,LMS_TBL_TMX_ACTIVITY_STG_CURR,EDS_CURR_STG,CTSAZSIMICRSMAS.INSO1A101C37461FA.DATABASE.WINDOWS.NET,ent_data_store_sub,dbo
ctsinazprdedssqlmi.inso1a101c37461fa.database.windows.net,EDS_PRD_PAAS_SNAP_PUB1,CentralRepository_GSMS_SeatMaster_MIG,CRS_BASE_TBL,CTSAZSIMICRSMAS.INSO1A101C37461FA.DATABASE.WINDOWS.NET,ent_data_store_sub,dbo
ctsinazprdedssqlmi.inso1a101c37461fa.database.windows.net,EDS_PRD_PAAS_SNAP_PUB1,LMS_TBL_TMX_USERREQUIREDACT_STG_CURR,EDS_CURR_STG,CTSAZSIMICRSMAS.INSO1A101C37461FA.DATABASE.WINDOWS.NET,ent_data_store_sub,dbo
ctsinazprdedssqlmi.inso1a101c37461fa.database.windows.net,EDS_PRD_PAAS_SNAP_PUB1,Beeline_CRS_WorkerDownloadData_Transaction_STG_HST,EDS_STG,CTSAZSIMICRSMAS.INSO1A101C37461FA.DATABASE.WINDOWS.NET,ent_data_store_sub,dbo
ctsinazprdedssqlmi.inso1a101c37461fa.database.windows.net,EDS_PRD_PAAS_SNAP_PUB1,Beeline_WorkerDownloadData_STG_CURR,EDS_CURR_STG,CTSAZSIMICRSMAS.INSO1A101C37461FA.DATABASE.WINDOWS.NET,ent_data_store_sub,dbo
ctsinazprdedssqlmi.inso1a101c37461fa.database.windows.net,EDS_PRD_PAAS_SNAP_PUB1,CentralRepository_ESA_ContractorTimecardDetail_MIG,CRS_BASE_TBL,CTSAZSIMICRSMAS.INSO1A101C37461FA.DATABASE.WINDOWS.NET,ent_data_store_sub,dbo
ctsinazprdedssqlmi.inso1a101c37461fa.database.windows.net,EDS_PRD_PAAS_SNAP_PUB1,TMP_vw_TalentMarketPlace_AssociateResume_STG_CURR,EDS_CURR_STG,CTSAZSIMICRSMAS.INSO1A101C37461FA.DATABASE.WINDOWS.NET,ent_data_store_sub,dbo
ctsinazprdedssqlmi.inso1a101c37461fa.database.windows.net,EDS_PRD_PAAS_SNAP_PUB1,CentralRepository_Associate_Wise_Revenue_Details_MIG,CRS_BASE_TBL,CTSAZSIMICRSMAS.INSO1A101C37461FA.DATABASE.WINDOWS.NET,ent_data_store_sub,dbo
ctsinazprdedssqlmi.inso1a101c37461fa.database.windows.net,EDS_PRD_PAAS_SNAP_PUB1,CentralRepository_Beeline_WorkerDownloadData_MIG,CRS_BASE_TBL,CTSAZSIMICRSMAS.INSO1A101C37461FA.DATABASE.WINDOWS.NET,ent_data_store_sub,dbo
ctsinazprdedssqlmi.inso1a101c37461fa.database.windows.net,EDS_PRD_PAAS_SNAP_PUB1,CentralRepository_Beeline_WorkerDownloadData_Transaction_MIG,CRS_BASE_TBL,CTSAZSIMICRSMAS.INSO1A101C37461FA.DATABASE.WINDOWS.NET,ent_data_store_sub,dbo
ctsinazprdedssqlmi.inso1a101c37461fa.database.windows.net,EDS_PRD_PAAS_SNAP_PUB1,CentralRepository_Cash_collection_details_MIG,CRS_BASE_TBL,CTSAZSIMICRSMAS.INSO1A101C37461FA.DATABASE.WINDOWS.NET,ent_data_store_sub,dbo
ctsinazprdedssqlmi.inso1a101c37461fa.database.windows.net,EDS_PRD_PAAS_SNAP_PUB1,Centralrepository_Chronus_ReverseFeedData_MIG,CRS_BASE_TBL,CTSAZSIMICRSMAS.INSO1A101C37461FA.DATABASE.WINDOWS.NET,ent_data_store_sub,dbo
ctsinazprdedssqlmi.inso1a101c37461fa.database.windows.net,EDS_PRD_PAAS_SNAP_PUB1,CentralRepository_EmergencyContact_MIG,CRS_BASE_TBL,CTSAZSIMICRSMAS.INSO1A101C37461FA.DATABASE.WINDOWS.NET,ent_data_store_sub,dbo
ctsinazprdedssqlmi.inso1a101c37461fa.database.windows.net,EDS_PRD_PAAS_SNAP_PUB1,CentralRepository_ESA_ProjectIdentifier_MIG,CRS_BASE_TBL,CTSAZSIMICRSMAS.INSO1A101C37461FA.DATABASE.WINDOWS.NET,ent_data_store_sub,dbo
ctsinazprdedssqlmi.inso1a101c37461fa.database.windows.net,EDS_PRD_PAAS_SNAP_PUB1,CentralRepository_Fixed_Bid_Revenue_forecast_report_Mig,CRS_BASE_TBL,CTSAZSIMICRSMAS.INSO1A101C37461FA.DATABASE.WINDOWS.NET,ent_data_store_sub,dbo
ctsinazprdedssqlmi.inso1a101c37461fa.database.windows.net,EDS_PRD_PAAS_SNAP_PUB1,Centralrepository_HCM_AssociateExitinterviewData_mig,CRS_BASE_TBL,CTSAZSIMICRSMAS.INSO1A101C37461FA.DATABASE.WINDOWS.NET,ent_data_store_sub,dbo
ctsinazprdedssqlmi.inso1a101c37461fa.database.windows.net,EDS_PRD_PAAS_SNAP_PUB1,CentralRepository_HCM_ExitInterview_MIG,CRS_BASE_TBL,CTSAZSIMICRSMAS.INSO1A101C37461FA.DATABASE.WINDOWS.NET,ent_data_store_sub,dbo
ctsinazprdedssqlmi.inso1a101c37461fa.database.windows.net,EDS_PRD_PAAS_SNAP_PUB1,CentralRepository_HCM_Offerlettercontentdetails_MIG,CRS_BASE_TBL,CTSAZSIMICRSMAS.INSO1A101C37461FA.DATABASE.WINDOWS.NET,ent_data_store_sub,dbo
ctsinazprdedssqlmi.inso1a101c37461fa.database.windows.net,EDS_PRD_PAAS_SNAP_PUB1,CentralRepository_HCM_ProjectPOC_mig,CRS_BASE_TBL,CTSAZSIMICRSMAS.INSO1A101C37461FA.DATABASE.WINDOWS.NET,ent_data_store_sub,dbo
ctsinazprdedssqlmi.inso1a101c37461fa.database.windows.net,EDS_PRD_PAAS_SNAP_PUB1,Centralrepository_HCM_USAssociateDetailsHistory_MIG,CRS_BASE_TBL,CTSAZSIMICRSMAS.INSO1A101C37461FA.DATABASE.WINDOWS.NET,ent_data_store_sub,dbo
ctsinazprdedssqlmi.inso1a101c37461fa.database.windows.net,EDS_PRD_PAAS_SNAP_PUB1,CentralRepository_HCM_USDatedetails_MIG,CRS_BASE_TBL,CTSAZSIMICRSMAS.INSO1A101C37461FA.DATABASE.WINDOWS.NET,ent_data_store_sub,dbo
ctsinazprdedssqlmi.inso1a101c37461fa.database.windows.net,EDS_PRD_PAAS_SNAP_PUB1,CentralRepository_HCM_VacationLeaveBalance_MIG,CRS_BASE_TBL,CTSAZSIMICRSMAS.INSO1A101C37461FA.DATABASE.WINDOWS.NET,ent_data_store_sub,dbo
ctsinazprdedssqlmi.inso1a101c37461fa.database.windows.net,EDS_PRD_PAAS_SNAP_PUB1,CentralRepository_JOB_DELETED_Reference_MIG,CRS_BASE_TBL,CTSAZSIMICRSMAS.INSO1A101C37461FA.DATABASE.WINDOWS.NET,ent_data_store_sub,dbo
ctsinazprdedssqlmi.inso1a101c37461fa.database.windows.net,EDS_PRD_PAAS_SNAP_PUB1,CentralRepository_PRISM_Unbilledageing_mig,CRS_BASE_TBL,CTSAZSIMICRSMAS.INSO1A101C37461FA.DATABASE.WINDOWS.NET,ent_data_store_sub,dbo
ctsinazprdedssqlmi.inso1a101c37461fa.database.windows.net,EDS_PRD_PAAS_SNAP_PUB1,CentralRepository_ProjectEntity_Mapping_details_Mig,CRS_BASE_TBL,CTSAZSIMICRSMAS.INSO1A101C37461FA.DATABASE.WINDOWS.NET,ent_data_store_sub,dbo
ctsinazprdedssqlmi.inso1a101c37461fa.database.windows.net,EDS_PRD_PAAS_SNAP_PUB1,CentralRepository_ProjectRequest_details_MIG,CRS_BASE_TBL,CTSAZSIMICRSMAS.INSO1A101C37461FA.DATABASE.WINDOWS.NET,ent_data_store_sub,dbo
ctsinazprdedssqlmi.inso1a101c37461fa.database.windows.net,EDS_PRD_PAAS_SNAP_PUB1,CentralRepository_Rate_Master_MIG,CRS_BASE_TBL,CTSAZSIMICRSMAS.INSO1A101C37461FA.DATABASE.WINDOWS.NET,ent_data_store_sub,dbo
ctsinazprdedssqlmi.inso1a101c37461fa.database.windows.net,EDS_PRD_PAAS_SNAP_PUB1,CentralRepository_RateSetTrans_MIG,CRS_BASE_TBL,CTSAZSIMICRSMAS.INSO1A101C37461FA.DATABASE.WINDOWS.NET,ent_data_store_sub,dbo
ctsinazprdedssqlmi.inso1a101c37461fa.database.windows.net,EDS_PRD_PAAS_SNAP_PUB1,CentralRepository_Revenue_Details_MIG,CRS_BASE_TBL,CTSAZSIMICRSMAS.INSO1A101C37461FA.DATABASE.WINDOWS.NET,ent_data_store_sub,dbo
ctsinazprdedssqlmi.inso1a101c37461fa.database.windows.net,EDS_PRD_PAAS_SNAP_PUB1,CentralRepository_Talview_Hriosdata,CRS_BASE_TBL,CTSAZSIMICRSMAS.INSO1A101C37461FA.DATABASE.WINDOWS.NET,ent_data_store_sub,dbo
ctsinazprdedssqlmi.inso1a101c37461fa.database.windows.net,EDS_PRD_PAAS_SNAP_PUB1,CentralRepository_Talview_Techiosdata,CRS_BASE_TBL,CTSAZSIMICRSMAS.INSO1A101C37461FA.DATABASE.WINDOWS.NET,ent_data_store_sub,dbo
ctsinazprdedssqlmi.inso1a101c37461fa.database.windows.net,EDS_PRD_PAAS_SNAP_PUB1,CHire_CandidateEducation_STG_CURR,EDS_CURR_STG,CTSAZSIMICRSMAS.INSO1A101C37461FA.DATABASE.WINDOWS.NET,ent_data_store_sub,dbo
ctsinazprdedssqlmi.inso1a101c37461fa.database.windows.net,EDS_PRD_PAAS_SNAP_PUB1,CHire_CandidateExperience_STG_CURR,EDS_CURR_STG,CTSAZSIMICRSMAS.INSO1A101C37461FA.DATABASE.WINDOWS.NET,ent_data_store_sub,dbo
ctsinazprdedssqlmi.inso1a101c37461fa.database.windows.net,EDS_PRD_PAAS_SNAP_PUB1,CHire_Requisitionotherlocationdetails_STG_CURR,EDS_CURR_STG,CTSAZSIMICRSMAS.INSO1A101C37461FA.DATABASE.WINDOWS.NET,ent_data_store_sub,dbo
ctsinazprdedssqlmi.inso1a101c37461fa.database.windows.net,EDS_PRD_PAAS_SNAP_PUB1,CHire_Requisitionpostingdetails_STG_CURR,EDS_CURR_STG,CTSAZSIMICRSMAS.INSO1A101C37461FA.DATABASE.WINDOWS.NET,ent_data_store_sub,dbo
ctsinazprdedssqlmi.inso1a101c37461fa.database.windows.net,EDS_PRD_PAAS_SNAP_PUB1,CHire_RRCollaborators_STG_CURR,EDS_CURR_STG,CTSAZSIMICRSMAS.INSO1A101C37461FA.DATABASE.WINDOWS.NET,ent_data_store_sub,dbo
ctsinazprdedssqlmi.inso1a101c37461fa.database.windows.net,EDS_PRD_PAAS_SNAP_PUB1,ESA_PS_CTPC_PRJSTS_TBL_STG_CURR,EDS_CURR_STG,CTSAZSIMICRSMAS.INSO1A101C37461FA.DATABASE.WINDOWS.NET,ent_data_store_sub,dbo
ctsinazprdedssqlmi.inso1a101c37461fa.database.windows.net,EDS_PRD_PAAS_SNAP_PUB1,ESA_PS_CTS_BILL_ROLE_STG_CURR,EDS_CURR_STG,CTSAZSIMICRSMAS.INSO1A101C37461FA.DATABASE.WINDOWS.NET,ent_data_store_sub,dbo
ctsinazprdedssqlmi.inso1a101c37461fa.database.windows.net,EDS_PRD_PAAS_SNAP_PUB1,ESA_PS_CTS_CRS_BTB_VW_STG_CURR,EDS_CURR_STG,CTSAZSIMICRSMAS.INSO1A101C37461FA.DATABASE.WINDOWS.NET,ent_data_store_sub,dbo
ctsinazprdedssqlmi.inso1a101c37461fa.database.windows.net,EDS_PRD_PAAS_SNAP_PUB1,ESA_PS_CTS_CRS_IN_STG_STG_CURR,EDS_CURR_STG,CTSAZSIMICRSMAS.INSO1A101C37461FA.DATABASE.WINDOWS.NET,ent_data_store_sub,dbo
ctsinazprdedssqlmi.inso1a101c37461fa.database.windows.net,EDS_PRD_PAAS_SNAP_PUB1,ESA_PS_CTS_CRS_RTTR_STG_CURR,EDS_CURR_STG,CTSAZSIMICRSMAS.INSO1A101C37461FA.DATABASE.WINDOWS.NET,ent_data_store_sub,dbo
ctsinazprdedssqlmi.inso1a101c37461fa.database.windows.net,EDS_PRD_PAAS_SNAP_PUB1,ESA_PS_CTS_CRS_TMINV_STG_CURR,EDS_CURR_STG,CTSAZSIMICRSMAS.INSO1A101C37461FA.DATABASE.WINDOWS.NET,ent_data_store_sub,dbo
ctsinazprdedssqlmi.inso1a101c37461fa.database.windows.net,EDS_PRD_PAAS_SNAP_PUB1,ESA_PS_CTS_RTSET_DTL_STG_CURR,EDS_CURR_STG,CTSAZSIMICRSMAS.INSO1A101C37461FA.DATABASE.WINDOWS.NET,ent_data_store_sub,dbo
ctsinazprdedssqlmi.inso1a101c37461fa.database.windows.net,EDS_PRD_PAAS_SNAP_PUB1,FMS_PS_CTS_ARB_VCHR_VW_STG_CURR,EDS_CURR_STG,CTSAZSIMICRSMAS.INSO1A101C37461FA.DATABASE.WINDOWS.NET,ent_data_store_sub,dbo
ctsinazprdedssqlmi.inso1a101c37461fa.database.windows.net,EDS_PRD_PAAS_SNAP_PUB1,FMS_PS_CTS_COMBDATA_VW_STG_CURR,EDS_CURR_STG,CTSAZSIMICRSMAS.INSO1A101C37461FA.DATABASE.WINDOWS.NET,ent_data_store_sub,dbo
ctsinazprdedssqlmi.inso1a101c37461fa.database.windows.net,EDS_PRD_PAAS_SNAP_PUB1,FMS_PS_CTS_VNDR_ADDRVW_STG_CURR,EDS_CURR_STG,CTSAZSIMICRSMAS.INSO1A101C37461FA.DATABASE.WINDOWS.NET,ent_data_store_sub,dbo
ctsinazprdedssqlmi.inso1a101c37461fa.database.windows.net,EDS_PRD_PAAS_SNAP_PUB1,FMS_PS_CTS_VNDR_CNTCVW_STG_CURR,EDS_CURR_STG,CTSAZSIMICRSMAS.INSO1A101C37461FA.DATABASE.WINDOWS.NET,ent_data_store_sub,dbo
ctsinazprdedssqlmi.inso1a101c37461fa.database.windows.net,EDS_PRD_PAAS_SNAP_PUB1,FMS_PS_CTS_VNDR_IDN_VW_STG_CURR,EDS_CURR_STG,CTSAZSIMICRSMAS.INSO1A101C37461FA.DATABASE.WINDOWS.NET,ent_data_store_sub,dbo
ctsinazprdedssqlmi.inso1a101c37461fa.database.windows.net,EDS_PRD_PAAS_SNAP_PUB1,FMS_PS_CTS_VNDR_LOC_VW_STG_CURR,EDS_CURR_STG,CTSAZSIMICRSMAS.INSO1A101C37461FA.DATABASE.WINDOWS.NET,ent_data_store_sub,dbo
ctsinazprdedssqlmi.inso1a101c37461fa.database.windows.net,EDS_PRD_PAAS_SNAP_PUB1,FMS_PS_VENDOR_STG_CURR,EDS_CURR_STG,CTSAZSIMICRSMAS.INSO1A101C37461FA.DATABASE.WINDOWS.NET,ent_data_store_sub,dbo
ctsinazprdedssqlmi.inso1a101c37461fa.database.windows.net,EDS_PRD_PAAS_SNAP_PUB1,HCM_PS_CT_ACA_TR_LEV0_STG_CURR,EDS_CURR_STG,CTSAZSIMICRSMAS.INSO1A101C37461FA.DATABASE.WINDOWS.NET,ent_data_store_sub,dbo
ctsinazprdedssqlmi.inso1a101c37461fa.database.windows.net,EDS_PRD_PAAS_SNAP_PUB1,HCM_PS_CT_OUTLOOK_STG_STG_CURR,EDS_CURR_STG,CTSAZSIMICRSMAS.INSO1A101C37461FA.DATABASE.WINDOWS.NET,ent_data_store_sub,dbo
ctsinazprdedssqlmi.inso1a101c37461fa.database.windows.net,EDS_PRD_PAAS_SNAP_PUB1,HCM_PS_CT_PF_NUMBER_STG_CURR,EDS_CURR_STG,CTSAZSIMICRSMAS.INSO1A101C37461FA.DATABASE.WINDOWS.NET,ent_data_store_sub,dbo
ctsinazprdedssqlmi.inso1a101c37461fa.database.windows.net,EDS_PRD_PAAS_SNAP_PUB1,HCM_PS_CT_SECFAC_STG_STG_CURR,EDS_CURR_STG,CTSAZSIMICRSMAS.INSO1A101C37461FA.DATABASE.WINDOWS.NET,ent_data_store_sub,dbo
ctsinazprdedssqlmi.inso1a101c37461fa.database.windows.net,EDS_PRD_PAAS_SNAP_PUB1,HCM_PS_CT_UAN_NBR_TBL_STG_CURR,EDS_CURR_STG,CTSAZSIMICRSMAS.INSO1A101C37461FA.DATABASE.WINDOWS.NET,ent_data_store_sub,dbo
ctsinazprdedssqlmi.inso1a101c37461fa.database.windows.net,EDS_PRD_PAAS_SNAP_PUB1,HCM_PS_PERSONAL_PHONE_STG_CURR,EDS_CURR_STG,CTSAZSIMICRSMAS.INSO1A101C37461FA.DATABASE.WINDOWS.NET,ent_data_store_sub,dbo
ctsinazprdedssqlmi.inso1a101c37461fa.database.windows.net,EDS_PRD_PAAS_SNAP_PUB1,LMS_REGISTRATIONOFFERINGTEMPLATE_STG_CURR,EDS_CURR_STG,CTSAZSIMICRSMAS.INSO1A101C37461FA.DATABASE.WINDOWS.NET,ent_data_store_sub,dbo
ctsinazprdedssqlmi.inso1a101c37461fa.database.windows.net,EDS_PRD_PAAS_SNAP_PUB1,LMS_STG_Code_STG_CURR,EDS_CURR_STG,CTSAZSIMICRSMAS.INSO1A101C37461FA.DATABASE.WINDOWS.NET,ent_data_store_sub,dbo
ctsinazprdedssqlmi.inso1a101c37461fa.database.windows.net,EDS_PRD_PAAS_SNAP_PUB1,LMS_TBL_TAX_ITEM_STG_CURR,EDS_CURR_STG,CTSAZSIMICRSMAS.INSO1A101C37461FA.DATABASE.WINDOWS.NET,ent_data_store_sub,dbo
ctsinazprdedssqlmi.inso1a101c37461fa.database.windows.net,EDS_PRD_PAAS_SNAP_PUB1,LMS_USERVMASSIGNMENT_STG_CURR,EDS_CURR_STG,CTSAZSIMICRSMAS.INSO1A101C37461FA.DATABASE.WINDOWS.NET,ent_data_store_sub,dbo
ctsinazprdedssqlmi.inso1a101c37461fa.database.windows.net,EDS_PRD_PAAS_SNAP_PUB1,LMS_VIRTUALLABTRANSACTION_STG_CURR,EDS_CURR_STG,CTSAZSIMICRSMAS.INSO1A101C37461FA.DATABASE.WINDOWS.NET,ent_data_store_sub,dbo
ctsinazprdedssqlmi.inso1a101c37461fa.database.windows.net,EDS_PRD_PAAS_SNAP_PUB1,MyCareer_tAssociateResumedetails_STG_CURR,EDS_CURR_STG,CTSAZSIMICRSMAS.INSO1A101C37461FA.DATABASE.WINDOWS.NET,ent_data_store_sub,dbo
ctsinazprdedssqlmi.inso1a101c37461fa.database.windows.net,EDS_PRD_PAAS_SNAP_PUB1,MYCCR_MyCareer_ProfilePercentage_STG_CURR,EDS_CURR_STG,CTSAZSIMICRSMAS.INSO1A101C37461FA.DATABASE.WINDOWS.NET,ent_data_store_sub,dbo
ctsinazprdedssqlmi.inso1a101c37461fa.database.windows.net,EDS_PRD_PAAS_SNAP_PUB1,MySkills_MS_DemandUnit_Skills_STG_CURR,EDS_CURR_STG,CTSAZSIMICRSMAS.INSO1A101C37461FA.DATABASE.WINDOWS.NET,ent_data_store_sub,dbo
ctsinazprdedssqlmi.inso1a101c37461fa.database.windows.net,EDS_PRD_PAAS_SNAP_PUB1,ONBOARDING_Vw_BuddyApp_CandidateData_STG_CURR,EDS_CURR_STG,CTSAZSIMICRSMAS.INSO1A101C37461FA.DATABASE.WINDOWS.NET,ent_data_store_sub,dbo
ctsinazprdedssqlmi.inso1a101c37461fa.database.windows.net,EDS_PRD_PAAS_SNAP_PUB1,SEZ_VWGETASSOCIATESEZSTATUSDETAILS_STG_CURR,EDS_CURR_STG,CTSAZSIMICRSMAS.INSO1A101C37461FA.DATABASE.WINDOWS.NET,ent_data_store_sub,dbo
ctsinazprdedssqlmi.inso1a101c37461fa.database.windows.net,EDS_PRD_PAAS_SNAP_PUB1,SFDC_Account_Team_STG_CURR,EDS_CURR_STG,CTSAZSIMICRSMAS.INSO1A101C37461FA.DATABASE.WINDOWS.NET,ent_data_store_sub,dbo
ctsinazprdedssqlmi.inso1a101c37461fa.database.windows.net,EDS_PRD_PAAS_SNAP_PUB1,ESA_PROJECTOPPORTUNITYLINKAGE_STG_CURR,EDS_CURR_STG,CTSAZSIMICRSMAS.INSO1A101C37461FA.DATABASE.WINDOWS.NET,ent_data_store_sub,dbo
ctsinazprdedssqlmi.inso1a101c37461fa.database.windows.net,EDS_PRD_PAAS_SNAP_PUB1,SFDC_Opp_Serv_Line_Item_STG_CURR,EDS_CURR_STG,CTSAZSIMICRSMAS.INSO1A101C37461FA.DATABASE.WINDOWS.NET,ent_data_store_sub,dbo
ctsinazprdedssqlmi.inso1a101c37461fa.database.windows.net,EDS_PRD_PAAS_SNAP_PUB1,SFDC_OpportunityLineItem_STG_CURR,EDS_CURR_STG,CTSAZSIMICRSMAS.INSO1A101C37461FA.DATABASE.WINDOWS.NET,ent_data_store_sub,dbo
ctsinazprdedssqlmi.inso1a101c37461fa.database.windows.net,EDS_PRD_PAAS_SNAP_PUB1,SFDC_Renewal_Expansion_Projects_STG_CURR,EDS_CURR_STG,CTSAZSIMICRSMAS.INSO1A101C37461FA.DATABASE.WINDOWS.NET,ent_data_store_sub,dbo
ctsinazprdedssqlmi.inso1a101c37461fa.database.windows.net,EDS_PRD_PAAS_SNAP_PUB1,TMP_vw_TMP_CRS_Associate_Pool_Details_STG_CURR,EDS_CURR_STG,CTSAZSIMICRSMAS.INSO1A101C37461FA.DATABASE.WINDOWS.NET,ent_data_store_sub,dbo
ctsinazprdedssqlmi.inso1a101c37461fa.database.windows.net,EDS_PRD_PAAS_SNAP_PUB1,TMP_vw_TMP_CRS_SO_Details_STG_CURR,EDS_CURR_STG,CTSAZSIMICRSMAS.INSO1A101C37461FA.DATABASE.WINDOWS.NET,ent_data_store_sub,dbo
ctsinazprdedssqlmi.inso1a101c37461fa.database.windows.net,EDS_PRD_PAAS_SNAP_PUB1,ARIBA_vw_Centralrepository_AribaProcurementAccount_STG_CURR,EDS_CURR_STG,CTSAZSIMICRSMAS.INSO1A101C37461FA.DATABASE.WINDOWS.NET,ent_data_store_sub,dbo
ctsinazprdedssqlmi.inso1a101c37461fa.database.windows.net,EDS_PRD_PAAS_SNAP_PUB1,BCM_vw_RSMSeatAllocationDetails_STG_CURR,EDS_CURR_STG,CTSAZSIMICRSMAS.INSO1A101C37461FA.DATABASE.WINDOWS.NET,ent_data_store_sub,dbo
ctsinazprdedssqlmi.inso1a101c37461fa.database.windows.net,EDS_PRD_PAAS_SNAP_PUB1,centralrepository_CforcastLogDetails_MIG,CRS_BASE_TBL,CTSAZSIMICRSMAS.INSO1A101C37461FA.DATABASE.WINDOWS.NET,ent_data_store_sub,dbo
ctsinazprdedssqlmi.inso1a101c37461fa.database.windows.net,EDS_PRD_PAAS_SNAP_PUB1,CentralRepository_Currency_Details_MIG,CRS_BASE_TBL,CTSAZSIMICRSMAS.INSO1A101C37461FA.DATABASE.WINDOWS.NET,ent_data_store_sub,dbo
ctsinazprdedssqlmi.inso1a101c37461fa.database.windows.net,EDS_PRD_PAAS_SNAP_PUB1,CentralRepository_EAM_LeaveMaster_MIG,CRS_BASE_TBL,CTSAZSIMICRSMAS.INSO1A101C37461FA.DATABASE.WINDOWS.NET,ent_data_store_sub,dbo
ctsinazprdedssqlmi.inso1a101c37461fa.database.windows.net,EDS_PRD_PAAS_SNAP_PUB1,CentralRepository_Entity_Details_MIG,CRS_BASE_TBL,CTSAZSIMICRSMAS.INSO1A101C37461FA.DATABASE.WINDOWS.NET,ent_data_store_sub,dbo
ctsinazprdedssqlmi.inso1a101c37461fa.database.windows.net,EDS_PRD_PAAS_SNAP_PUB1,CentralRepository_ESA_GradesData_MIG,CRS_BASE_TBL,CTSAZSIMICRSMAS.INSO1A101C37461FA.DATABASE.WINDOWS.NET,ent_data_store_sub,dbo
ctsinazprdedssqlmi.inso1a101c37461fa.database.windows.net,EDS_PRD_PAAS_SNAP_PUB1,CentralRepository_EstablishmentMaster_MIG,CRS_BASE_TBL,CTSAZSIMICRSMAS.INSO1A101C37461FA.DATABASE.WINDOWS.NET,ent_data_store_sub,dbo
ctsinazprdedssqlmi.inso1a101c37461fa.database.windows.net,EDS_PRD_PAAS_SNAP_PUB1,CentralRepository_FBD_contract_details_MIG,CRS_BASE_TBL,CTSAZSIMICRSMAS.INSO1A101C37461FA.DATABASE.WINDOWS.NET,ent_data_store_sub,dbo
ctsinazprdedssqlmi.inso1a101c37461fa.database.windows.net,EDS_PRD_PAAS_SNAP_PUB1,CentralRepository_HCM_Currencycode_Mig,CRS_BASE_TBL,CTSAZSIMICRSMAS.INSO1A101C37461FA.DATABASE.WINDOWS.NET,ent_data_store_sub,dbo
ctsinazprdedssqlmi.inso1a101c37461fa.database.windows.net,EDS_PRD_PAAS_SNAP_PUB1,CentralRepository_HCM_Frequency_MIG,CRS_BASE_TBL,CTSAZSIMICRSMAS.INSO1A101C37461FA.DATABASE.WINDOWS.NET,ent_data_store_sub,dbo
ctsinazprdedssqlmi.inso1a101c37461fa.database.windows.net,EDS_PRD_PAAS_SNAP_PUB1,CentralRepository_HCM_Localtax_MIG,CRS_BASE_TBL,CTSAZSIMICRSMAS.INSO1A101C37461FA.DATABASE.WINDOWS.NET,ent_data_store_sub,dbo
ctsinazprdedssqlmi.inso1a101c37461fa.database.windows.net,EDS_PRD_PAAS_SNAP_PUB1,CentralRepository_HCM_Salaryplan_MIG,CRS_BASE_TBL,CTSAZSIMICRSMAS.INSO1A101C37461FA.DATABASE.WINDOWS.NET,ent_data_store_sub,dbo
ctsinazprdedssqlmi.inso1a101c37461fa.database.windows.net,EDS_PRD_PAAS_SNAP_PUB1,CentralRepository_RHMS_IndustrySegment_MIG,CRS_BASE_TBL,CTSAZSIMICRSMAS.INSO1A101C37461FA.DATABASE.WINDOWS.NET,ent_data_store_sub,dbo
ctsinazprdedssqlmi.inso1a101c37461fa.database.windows.net,EDS_PRD_PAAS_SNAP_PUB1,CentralRepository_RHMS_PracticeArea_Master_MIG,CRS_BASE_TBL,CTSAZSIMICRSMAS.INSO1A101C37461FA.DATABASE.WINDOWS.NET,ent_data_store_sub,dbo
ctsinazprdedssqlmi.inso1a101c37461fa.database.windows.net,EDS_PRD_PAAS_SNAP_PUB1,CentralRepository_RHMS_ServiceLine_Master_MIG,CRS_BASE_TBL,CTSAZSIMICRSMAS.INSO1A101C37461FA.DATABASE.WINDOWS.NET,ent_data_store_sub,dbo
ctsinazprdedssqlmi.inso1a101c37461fa.database.windows.net,EDS_PRD_PAAS_SNAP_PUB1,CentralRepository_RHMS_VerticalHierarchyEntityGrouping_MIG,CRS_BASE_TBL,CTSAZSIMICRSMAS.INSO1A101C37461FA.DATABASE.WINDOWS.NET,ent_data_store_sub,dbo
ctsinazprdedssqlmi.inso1a101c37461fa.database.windows.net,EDS_PRD_PAAS_SNAP_PUB1,CHire_UserDetails_STG_CURR,EDS_CURR_STG,CTSAZSIMICRSMAS.INSO1A101C37461FA.DATABASE.WINDOWS.NET,ent_data_store_sub,dbo
ctsinazprdedssqlmi.inso1a101c37461fa.database.windows.net,EDS_PRD_PAAS_SNAP_PUB1,ESA_PS_CTS_ALLOC_CRS_VW_STG_CURR,EDS_CURR_STG,CTSAZSIMICRSMAS.INSO1A101C37461FA.DATABASE.WINDOWS.NET,ent_data_store_sub,dbo
ctsinazprdedssqlmi.inso1a101c37461fa.database.windows.net,EDS_PRD_PAAS_SNAP_PUB1,ESA_PS_CTS_BD_PRJ_CHLD_STG_CURR,EDS_CURR_STG,CTSAZSIMICRSMAS.INSO1A101C37461FA.DATABASE.WINDOWS.NET,ent_data_store_sub,dbo
ctsinazprdedssqlmi.inso1a101c37461fa.database.windows.net,EDS_PRD_PAAS_SNAP_PUB1,ESA_PS_CTS_ETAX_RTCFVW_STG_CURR,EDS_CURR_STG,CTSAZSIMICRSMAS.INSO1A101C37461FA.DATABASE.WINDOWS.NET,ent_data_store_sub,dbo
ctsinazprdedssqlmi.inso1a101c37461fa.database.windows.net,EDS_PRD_PAAS_SNAP_PUB1,ESA_PS_CTS_REGNCD_VW_STG_CURR,EDS_CURR_STG,CTSAZSIMICRSMAS.INSO1A101C37461FA.DATABASE.WINDOWS.NET,ent_data_store_sub,dbo
ctsinazprdedssqlmi.inso1a101c37461fa.database.windows.net,EDS_PRD_PAAS_SNAP_PUB1,ESA_PS_CTS_VDR_GST_VW_STG_CURR,EDS_CURR_STG,CTSAZSIMICRSMAS.INSO1A101C37461FA.DATABASE.WINDOWS.NET,ent_data_store_sub,dbo
ctsinazprdedssqlmi.inso1a101c37461fa.database.windows.net,EDS_PRD_PAAS_SNAP_PUB1,ESA_PS_PROJ_CATG_TBL_STG_CURR,EDS_CURR_STG,CTSAZSIMICRSMAS.INSO1A101C37461FA.DATABASE.WINDOWS.NET,ent_data_store_sub,dbo
ctsinazprdedssqlmi.inso1a101c37461fa.database.windows.net,EDS_PRD_PAAS_SNAP_PUB1,FMS_PS_CTS_ARB_RCYL_VW_STG_CURR,EDS_CURR_STG,CTSAZSIMICRSMAS.INSO1A101C37461FA.DATABASE.WINDOWS.NET,ent_data_store_sub,dbo
ctsinazprdedssqlmi.inso1a101c37461fa.database.windows.net,EDS_PRD_PAAS_SNAP_PUB1,FMS_PS_CTS_ETAX_RTDLVW_STG_CURR,EDS_CURR_STG,CTSAZSIMICRSMAS.INSO1A101C37461FA.DATABASE.WINDOWS.NET,ent_data_store_sub,dbo
ctsinazprdedssqlmi.inso1a101c37461fa.database.windows.net,EDS_PRD_PAAS_SNAP_PUB1,FMS_PS_CTS_GL_ACCT_STG_STG_CURR,EDS_CURR_STG,CTSAZSIMICRSMAS.INSO1A101C37461FA.DATABASE.WINDOWS.NET,ent_data_store_sub,dbo
ctsinazprdedssqlmi.inso1a101c37461fa.database.windows.net,EDS_PRD_PAAS_SNAP_PUB1,FMS_PS_CTS_GLBUSUNT_VW_STG_CURR,EDS_CURR_STG,CTSAZSIMICRSMAS.INSO1A101C37461FA.DATABASE.WINDOWS.NET,ent_data_store_sub,dbo
ctsinazprdedssqlmi.inso1a101c37461fa.database.windows.net,EDS_PRD_PAAS_SNAP_PUB1,FMS_PS_CTS_PMT_STEP_VW_STG_CURR,EDS_CURR_STG,CTSAZSIMICRSMAS.INSO1A101C37461FA.DATABASE.WINDOWS.NET,ent_data_store_sub,dbo
ctsinazprdedssqlmi.inso1a101c37461fa.database.windows.net,EDS_PRD_PAAS_SNAP_PUB1,FMS_PS_CTS_PMT_TRMS_VW_STG_CURR,EDS_CURR_STG,CTSAZSIMICRSMAS.INSO1A101C37461FA.DATABASE.WINDOWS.NET,ent_data_store_sub,dbo
ctsinazprdedssqlmi.inso1a101c37461fa.database.windows.net,EDS_PRD_PAAS_SNAP_PUB1,FMS_PS_CTS_PROFILE_VW_STG_CURR,EDS_CURR_STG,CTSAZSIMICRSMAS.INSO1A101C37461FA.DATABASE.WINDOWS.NET,ent_data_store_sub,dbo
ctsinazprdedssqlmi.inso1a101c37461fa.database.windows.net,EDS_PRD_PAAS_SNAP_PUB1,FMS_PS_CTS_PYMT_DET_VW_STG_CURR,EDS_CURR_STG,CTSAZSIMICRSMAS.INSO1A101C37461FA.DATABASE.WINDOWS.NET,ent_data_store_sub,dbo
ctsinazprdedssqlmi.inso1a101c37461fa.database.windows.net,EDS_PRD_PAAS_SNAP_PUB1,FMS_PS_CTS_SET_ID_VW_STG_CURR,EDS_CURR_STG,CTSAZSIMICRSMAS.INSO1A101C37461FA.DATABASE.WINDOWS.NET,ent_data_store_sub,dbo
ctsinazprdedssqlmi.inso1a101c37461fa.database.windows.net,EDS_PRD_PAAS_SNAP_PUB1,FMS_PS_CTS_VDR_ORG_STG_STG_CURR,EDS_CURR_STG,CTSAZSIMICRSMAS.INSO1A101C37461FA.DATABASE.WINDOWS.NET,ent_data_store_sub,dbo
ctsinazprdedssqlmi.inso1a101c37461fa.database.windows.net,EDS_PRD_PAAS_SNAP_PUB1,FMS_PS_CTS_VNDR_STG_STG_CURR,EDS_CURR_STG,CTSAZSIMICRSMAS.INSO1A101C37461FA.DATABASE.WINDOWS.NET,ent_data_store_sub,dbo
ctsinazprdedssqlmi.inso1a101c37461fa.database.windows.net,EDS_PRD_PAAS_SNAP_PUB1,FMS_PS_CTS_WTHDCD_H_VW_STG_CURR,EDS_CURR_STG,CTSAZSIMICRSMAS.INSO1A101C37461FA.DATABASE.WINDOWS.NET,ent_data_store_sub,dbo
ctsinazprdedssqlmi.inso1a101c37461fa.database.windows.net,EDS_PRD_PAAS_SNAP_PUB1,HCM_PS_BUS_UNIT_OPT_HR_STG_CURR,EDS_CURR_STG,CTSAZSIMICRSMAS.INSO1A101C37461FA.DATABASE.WINDOWS.NET,ent_data_store_sub,dbo
ctsinazprdedssqlmi.inso1a101c37461fa.database.windows.net,EDS_PRD_PAAS_SNAP_PUB1,HCM_PS_CT_7D_CWR_EMP_STG_CURR,EDS_CURR_STG,CTSAZSIMICRSMAS.INSO1A101C37461FA.DATABASE.WINDOWS.NET,ent_data_store_sub,dbo
ctsinazprdedssqlmi.inso1a101c37461fa.database.windows.net,EDS_PRD_PAAS_SNAP_PUB1,HCM_PS_CT_EAM_CUST_REC_STG_CURR,EDS_CURR_STG,CTSAZSIMICRSMAS.INSO1A101C37461FA.DATABASE.WINDOWS.NET,ent_data_store_sub,dbo
ctsinazprdedssqlmi.inso1a101c37461fa.database.windows.net,EDS_PRD_PAAS_SNAP_PUB1,HCM_PS_HOLIDAY_TBL_STG_CURR,EDS_CURR_STG,CTSAZSIMICRSMAS.INSO1A101C37461FA.DATABASE.WINDOWS.NET,ent_data_store_sub,dbo
ctsinazprdedssqlmi.inso1a101c37461fa.database.windows.net,EDS_PRD_PAAS_SNAP_PUB1,LM_NearshoreGGMMaster_STG_CURR,EDS_CURR_STG,CTSAZSIMICRSMAS.INSO1A101C37461FA.DATABASE.WINDOWS.NET,ent_data_store_sub,dbo
ctsinazprdedssqlmi.inso1a101c37461fa.database.windows.net,EDS_PRD_PAAS_SNAP_PUB1,LMS_ACTLABEL_STG_CURR,EDS_CURR_STG,CTSAZSIMICRSMAS.INSO1A101C37461FA.DATABASE.WINDOWS.NET,ent_data_store_sub,dbo
ctsinazprdedssqlmi.inso1a101c37461fa.database.windows.net,EDS_PRD_PAAS_SNAP_PUB1,LMS_STG_FAC_STG_CURR,EDS_CURR_STG,CTSAZSIMICRSMAS.INSO1A101C37461FA.DATABASE.WINDOWS.NET,ent_data_store_sub,dbo
ctsinazprdedssqlmi.inso1a101c37461fa.database.windows.net,EDS_PRD_PAAS_SNAP_PUB1,MYWKSPC_GSMS_Master_LM_STG_CURR,EDS_CURR_STG,CTSAZSIMICRSMAS.INSO1A101C37461FA.DATABASE.WINDOWS.NET,ent_data_store_sub,dbo
ctsinazprdedssqlmi.inso1a101c37461fa.database.windows.net,EDS_PRD_PAAS_SNAP_PUB1,NAPRL_vw_ActiveReciprocityDetails_STG_CURR,EDS_CURR_STG,CTSAZSIMICRSMAS.INSO1A101C37461FA.DATABASE.WINDOWS.NET,ent_data_store_sub,dbo
ctsinazprdedssqlmi.inso1a101c37461fa.database.windows.net,EDS_PRD_PAAS_SNAP_PUB1,SFDC_Product_STG_CURR,EDS_CURR_STG,CTSAZSIMICRSMAS.INSO1A101C37461FA.DATABASE.WINDOWS.NET,ent_data_store_sub,dbo
ctsinazprdedssqlmi.inso1a101c37461fa.database.windows.net,EDS_PRD_PAAS_SNAP_PUB1,CentralRepository_RHMS_Customer_Market_MIG,CRS_BASE_TBL,CTSAZSIMICRSMAS.INSO1A101C37461FA.DATABASE.WINDOWS.NET,ent_data_store_sub,dbo
ctsinazprdedssqlmi.inso1a101c37461fa.database.windows.net,EDS_PRD_PAAS_SNAP_PUB1,CentralRepository_RHMS_SensitiveRoleDetails_MIG,CRS_BASE_TBL,CTSAZSIMICRSMAS.INSO1A101C37461FA.DATABASE.WINDOWS.NET,ent_data_store_sub,dbo
ctsinazprdedssqlmi.inso1a101c37461fa.database.windows.net,EDS_PRD_PAAS_SNAP_PUB1,CHire_NetworkLocationMasterList_STG_CURR,EDS_CURR_STG,CTSAZSIMICRSMAS.INSO1A101C37461FA.DATABASE.WINDOWS.NET,ent_data_store_sub,dbo
ctsinazprdedssqlmi.inso1a101c37461fa.database.windows.net,EDS_PRD_PAAS_SNAP_PUB1,ESA_PS_CTS_BUD_CUT_TBL_STG_CURR,EDS_CURR_STG,CTSAZSIMICRSMAS.INSO1A101C37461FA.DATABASE.WINDOWS.NET,ent_data_store_sub,dbo
ctsinazprdedssqlmi.inso1a101c37461fa.database.windows.net,EDS_PRD_PAAS_SNAP_PUB1,ESA_PS_CTS_CRS_TM_CONT_STG_CURR,EDS_CURR_STG,CTSAZSIMICRSMAS.INSO1A101C37461FA.DATABASE.WINDOWS.NET,ent_data_store_sub,dbo
ctsinazprdedssqlmi.inso1a101c37461fa.database.windows.net,EDS_PRD_PAAS_SNAP_PUB1,ESA_PS_CTS_PC_PAR_TBL_STG_CURR,EDS_CURR_STG,CTSAZSIMICRSMAS.INSO1A101C37461FA.DATABASE.WINDOWS.NET,ent_data_store_sub,dbo
ctsinazprdedssqlmi.inso1a101c37461fa.database.windows.net,EDS_PRD_PAAS_SNAP_PUB1,ESA_PS_CTS_PC_WZOPP_VW_STG_CURR,EDS_CURR_STG,CTSAZSIMICRSMAS.INSO1A101C37461FA.DATABASE.WINDOWS.NET,ent_data_store_sub,dbo
ctsinazprdedssqlmi.inso1a101c37461fa.database.windows.net,EDS_PRD_PAAS_SNAP_PUB1,FMS_PS_CTS_TAX_HDR_VW_STG_CURR,EDS_CURR_STG,CTSAZSIMICRSMAS.INSO1A101C37461FA.DATABASE.WINDOWS.NET,ent_data_store_sub,dbo
ctsinazprdedssqlmi.inso1a101c37461fa.database.windows.net,EDS_PRD_PAAS_SNAP_PUB1,FMS_PS_CTS_VDR_LOC_STG_STG_CURR,EDS_CURR_STG,CTSAZSIMICRSMAS.INSO1A101C37461FA.DATABASE.WINDOWS.NET,ent_data_store_sub,dbo
ctsinazprdedssqlmi.inso1a101c37461fa.database.windows.net,EDS_PRD_PAAS_SNAP_PUB1,FMS_PS_CTS_VDR_SUP_STG_STG_CURR,EDS_CURR_STG,CTSAZSIMICRSMAS.INSO1A101C37461FA.DATABASE.WINDOWS.NET,ent_data_store_sub,dbo
ctsinazprdedssqlmi.inso1a101c37461fa.database.windows.net,EDS_PRD_PAAS_SNAP_PUB1,FMS_PS_CTS_VNDR_ID_STG_STG_CURR,EDS_CURR_STG,CTSAZSIMICRSMAS.INSO1A101C37461FA.DATABASE.WINDOWS.NET,ent_data_store_sub,dbo
ctsinazprdedssqlmi.inso1a101c37461fa.database.windows.net,EDS_PRD_PAAS_SNAP_PUB1,FMS_PS_CTS_VNDR_WJURVW_STG_CURR,EDS_CURR_STG,CTSAZSIMICRSMAS.INSO1A101C37461FA.DATABASE.WINDOWS.NET,ent_data_store_sub,dbo
ctsinazprdedssqlmi.inso1a101c37461fa.database.windows.net,EDS_PRD_PAAS_SNAP_PUB1,FMS_PS_CTS_VNDR_WTHDVW_STG_CURR,EDS_CURR_STG,CTSAZSIMICRSMAS.INSO1A101C37461FA.DATABASE.WINDOWS.NET,ent_data_store_sub,dbo
ctsinazprdedssqlmi.inso1a101c37461fa.database.windows.net,EDS_PRD_PAAS_SNAP_PUB1,FMS_PS_CTS_WTHDCD_D_VW_STG_CURR,EDS_CURR_STG,CTSAZSIMICRSMAS.INSO1A101C37461FA.DATABASE.WINDOWS.NET,ent_data_store_sub,dbo
ctsinazprdedssqlmi.inso1a101c37461fa.database.windows.net,EDS_PRD_PAAS_SNAP_PUB1,HCM_PS_CT_CIS_SL_PL_STG_CURR,EDS_CURR_STG,CTSAZSIMICRSMAS.INSO1A101C37461FA.DATABASE.WINDOWS.NET,ent_data_store_sub,dbo
ctsinazprdedssqlmi.inso1a101c37461fa.database.windows.net,EDS_PRD_PAAS_SNAP_PUB1,HCM_PS_CT_ODC_TM_TBL_STG_CURR,EDS_CURR_STG,CTSAZSIMICRSMAS.INSO1A101C37461FA.DATABASE.WINDOWS.NET,ent_data_store_sub,dbo
ctsinazprdedssqlmi.inso1a101c37461fa.database.windows.net,EDS_PRD_PAAS_SNAP_PUB1,HCM_PS_CT_SL_PL_THR2_STG_CURR,EDS_CURR_STG,CTSAZSIMICRSMAS.INSO1A101C37461FA.DATABASE.WINDOWS.NET,ent_data_store_sub,dbo
ctsinazprdedssqlmi.inso1a101c37461fa.database.windows.net,EDS_PRD_PAAS_SNAP_PUB1,HCM_PS_LOCAL_TAX_TBL_STG_CURR,EDS_CURR_STG,CTSAZSIMICRSMAS.INSO1A101C37461FA.DATABASE.WINDOWS.NET,ent_data_store_sub,dbo
ctsinazprdedssqlmi.inso1a101c37461fa.database.windows.net,EDS_PRD_PAAS_SNAP_PUB1,LMS_ACTIVITYVIRTUALLABDETAIL_STG_CURR,EDS_CURR_STG,CTSAZSIMICRSMAS.INSO1A101C37461FA.DATABASE.WINDOWS.NET,ent_data_store_sub,dbo
ctsinazprdedssqlmi.inso1a101c37461fa.database.windows.net,EDS_PRD_PAAS_SNAP_PUB1,LMS_LOC_STG_CURR,EDS_CURR_STG,CTSAZSIMICRSMAS.INSO1A101C37461FA.DATABASE.WINDOWS.NET,ent_data_store_sub,dbo
ctsinazprdedssqlmi.inso1a101c37461fa.database.windows.net,EDS_PRD_PAAS_SNAP_PUB1,LMS_TBL_TAX_NODE_STG_CURR,EDS_CURR_STG,CTSAZSIMICRSMAS.INSO1A101C37461FA.DATABASE.WINDOWS.NET,ent_data_store_sub,dbo
ctsinazprdedssqlmi.inso1a101c37461fa.database.windows.net,EDS_PRD_PAAS_SNAP_PUB1,MySkills_MS_DemandUnit_Master_STG_CURR,EDS_CURR_STG,CTSAZSIMICRSMAS.INSO1A101C37461FA.DATABASE.WINDOWS.NET,ent_data_store_sub,dbo
ctsinazprdedssqlmi.inso1a101c37461fa.database.windows.net,EDS_PRD_PAAS_SNAP_PUB1,MySkills_MS_Service_Master_STG_CURR,EDS_CURR_STG,CTSAZSIMICRSMAS.INSO1A101C37461FA.DATABASE.WINDOWS.NET,ent_data_store_sub,dbo
ctsinazprdedssqlmi.inso1a101c37461fa.database.windows.net,EDS_PRD_PAAS_SNAP_PUB1,CentralRepository_EAM_Current_bal_MIG,CRS_BASE_TBL,CTSAZSIMICRSMAS.INSO1A101C37461FA.DATABASE.WINDOWS.NET,ent_data_store_sub,dbo
ctsinazprdedssqlmi.inso1a101c37461fa.database.windows.net,EDS_PRD_PAAS_SNAP_PUB1,CentralRepository_ESA_JobData_MIG,CRS_BASE_TBL,CTSAZSIMICRSMAS.INSO1A101C37461FA.DATABASE.WINDOWS.NET,ent_data_store_sub,dbo
ctsinazprdedssqlmi.inso1a101c37461fa.database.windows.net,EDS_PRD_PAAS_SNAP_PUB1,CentralRepository_HCM_RTBmember_MIG,CRS_BASE_TBL,CTSAZSIMICRSMAS.INSO1A101C37461FA.DATABASE.WINDOWS.NET,ent_data_store_sub,dbo
ctsinazprdedssqlmi.inso1a101c37461fa.database.windows.net,EDS_PRD_PAAS_SNAP_PUB1,CentralRepository_Talview_Techios_Applicantskills,CRS_BASE_TBL,CTSAZSIMICRSMAS.INSO1A101C37461FA.DATABASE.WINDOWS.NET,ent_data_store_sub,dbo
ctsinazprdedssqlmi.inso1a101c37461fa.database.windows.net,EDS_PRD_PAAS_SNAP_PUB1,ESA_PS_CTS_IN_ITM_STG_STG_CURR,EDS_CURR_STG,CTSAZSIMICRSMAS.INSO1A101C37461FA.DATABASE.WINDOWS.NET,ent_data_store_sub,dbo
ctsinazprdedssqlmi.inso1a101c37461fa.database.windows.net,EDS_PRD_PAAS_SNAP_PUB1,SFDC_Forecast_STG_CURR,EDS_CURR_STG,CTSAZSIMICRSMAS.INSO1A101C37461FA.DATABASE.WINDOWS.NET,ent_data_store_sub,dbo
ctsinazprdedssqlmi.inso1a101c37461fa.database.windows.net,EDS_PRD_PAAS_SNAP_PUB1,CentralRepository_SFDC_Account_RHMS_MIG,CRS_BASE_TBL,CTSAZSIMICRSMAS.INSO1A101C37461FA.DATABASE.WINDOWS.NET,ent_data_store_sub,dbo
ctsinazprdedssqlmi.inso1a101c37461fa.database.windows.net,EDS_PRD_PAAS_SNAP_PUB2,DAS_FutureMonthDiscount_STG_CURR,EDS_CURR_STG,CTSAZSIMICRSMAS.INSO1A101C37461FA.DATABASE.WINDOWS.NET,ent_data_store_sub,dbo
ctsinazprdedssqlmi.inso1a101c37461fa.database.windows.net,EDS_PRD_PAAS_SNAP_PUB2,ESA_PS_PROJ_ACTIVITY_STG_CURR,EDS_CURR_STG,CTSAZSIMICRSMAS.INSO1A101C37461FA.DATABASE.WINDOWS.NET,ent_data_store_sub,dbo
ctsinazprdedssqlmi.inso1a101c37461fa.database.windows.net,EDS_PRD_PAAS_SNAP_PUB2,PrismForce_PF_AssociateSkills_STG_CURR,EDS_CURR_STG,CTSAZSIMICRSMAS.INSO1A101C37461FA.DATABASE.WINDOWS.NET,ent_data_store_sub,dbo
ctsinazprdedssqlmi.inso1a101c37461fa.database.windows.net,EDS_PRD_PAAS_SNAP_PUB2,CentralRepository_Billing_Details_Mig,CRS_BASE_TBL,CTSAZSIMICRSMAS.INSO1A101C37461FA.DATABASE.WINDOWS.NET,ent_data_store_sub,dbo
ctsinazprdedssqlmi.inso1a101c37461fa.database.windows.net,EDS_PRD_PFD_RSO_PUB,Apple_Table_test_EDS,EDS_CURR_STG,CTSAZSIMIPFD.INSO1A101C37461FA.DATABASE.WINDOWS.NET,CentralRepository,dbo
ctsinazprdedssqlmi.inso1a101c37461fa.database.windows.net,EDS_PRD_PFD_RSO_PUB,CentralRepository_Associate_Details_History_MIG,CRS_BASE_TBL,CTSAZSIMIPFD.INSO1A101C37461FA.DATABASE.WINDOWS.NET,CentralRepository,dbo
ctsinazprdedssqlmi.inso1a101c37461fa.database.windows.net,EDS_PRD_PFD_RSO_PUB,CentralRepository_ESA_Allocation_MIG,CRS_BASE_TBL,CTSAZSIMIPFD.INSO1A101C37461FA.DATABASE.WINDOWS.NET,CentralRepository,dbo
ctsinazprdedssqlmi.inso1a101c37461fa.database.windows.net,EDS_PRD_PFD_RSO_PUB,CentralRepository_RMG_ResourceRequest_MIG,CRS_BASE_TBL,CTSAZSIMIPFD.INSO1A101C37461FA.DATABASE.WINDOWS.NET,CentralRepository,dbo
ctsinazprdedssqlmi.inso1a101c37461fa.database.windows.net,EDS_PRD_PFD_RSO_PUB,CHire_CandidateCurrentOffer_STG_CURR,EDS_CURR_STG,CTSAZSIMIPFD.INSO1A101C37461FA.DATABASE.WINDOWS.NET,CentralRepository,dbo
ctsinazprdedssqlmi.inso1a101c37461fa.database.windows.net,EDS_PRD_PFD_RSO_PUB,CHire_CandidatePersonalDetail_STG_CURR,EDS_CURR_STG,CTSAZSIMIPFD.INSO1A101C37461FA.DATABASE.WINDOWS.NET,CentralRepository,dbo
ctsinazprdedssqlmi.inso1a101c37461fa.database.windows.net,EDS_PRD_PFD_SNAP_PUB,TMP_MST_ProjectTypeMapping_STG_CURR,EDS_CURR_STG,CTSAZSIMIPFD.INSO1A101C37461FA.DATABASE.WINDOWS.NET,CentralRepository,dbo
ctsinazprdedssqlmi.inso1a101c37461fa.database.windows.net,EDS_PRD_PFD_SNAP_PUB,ESA_PS_CTS_EX_C_BU_STG_STG_CURR,EDS_CURR_STG,CTSAZSIMIPFD.INSO1A101C37461FA.DATABASE.WINDOWS.NET,CentralRepository,dbo
ctsinazprdedssqlmi.inso1a101c37461fa.database.windows.net,EDS_PRD_PFD_SNAP_PUB,DataRetention_AssociateRegionRecord_STG_CURR,EDS_CURR_STG,CTSAZSIMIPFD.INSO1A101C37461FA.DATABASE.WINDOWS.NET,CentralRepository,dbo
ctsinazprdedssqlmi.inso1a101c37461fa.database.windows.net,EDS_PRD_PFD_SNAP_PUB,DATARETENTION_VW_TRAVEL_HISTORY_STG_CURR,EDS_CURR_STG,CTSAZSIMIPFD.INSO1A101C37461FA.DATABASE.WINDOWS.NET,CentralRepository,dbo
ctsinazprdedssqlmi.inso1a101c37461fa.database.windows.net,EDS_PRD_PFD_SNAP_PUB,DataRetention_PurgeHold_STG_CURR,EDS_CURR_STG,CTSAZSIMIPFD.INSO1A101C37461FA.DATABASE.WINDOWS.NET,CentralRepository,dbo
ctsinazprdedssqlmi.inso1a101c37461fa.database.windows.net,EDS_PRD_PFD_SNAP_PUB,ESA_PS_PROJ_TYPE_TBL_STG_CURR,EDS_CURR_STG,CTSAZSIMIPFD.INSO1A101C37461FA.DATABASE.WINDOWS.NET,CentralRepository,dbo
ctsinazprdedssqlmi.inso1a101c37461fa.database.windows.net,EDS_PRD_PFD_SNAP_PUB,CentralRepository_ESA_ProjectSupervisor_MIG,CRS_BASE_TBL,CTSAZSIMIPFD.INSO1A101C37461FA.DATABASE.WINDOWS.NET,CentralRepository,dbo
ctsinazprdedssqlmi.inso1a101c37461fa.database.windows.net,EDS_PRD_PFD_SNAP_PUB,ESA_PS_CTS_RM_LOB_TBL_STG_CURR,EDS_CURR_STG,CTSAZSIMIPFD.INSO1A101C37461FA.DATABASE.WINDOWS.NET,CentralRepository,dbo
ctsinazprdedssqlmi.inso1a101c37461fa.database.windows.net,EDS_PRD_PFD_SNAP_PUB,SFDC_Opp_Serv_Line_Item_STG_CURR,EDS_CURR_STG,CTSAZSIMIPFD.INSO1A101C37461FA.DATABASE.WINDOWS.NET,CentralRepository,dbo
ctsinazprdedssqlmi.inso1a101c37461fa.database.windows.net,EDS_PRD_PFD_SNAP_PUB,FMS_PS_CTS_GLBUSUNT_VW_STG_CURR,EDS_CURR_STG,CTSAZSIMIPFD.INSO1A101C37461FA.DATABASE.WINDOWS.NET,CentralRepository,dbo
ctsinazprdedssqlmi.inso1a101c37461fa.database.windows.net,EDS_PRD_PFD_SNAP_PUB,SFDC_Renewal_Expansion_Projects_STG_CURR,EDS_CURR_STG,CTSAZSIMIPFD.INSO1A101C37461FA.DATABASE.WINDOWS.NET,CentralRepository,dbo
ctsinazprdedssqlmi.inso1a101c37461fa.database.windows.net,EDS_PRD_PFD_SNAP_PUB,HCM_PS_PERSONAL_PHONE_STG_CURR,EDS_CURR_STG,CTSAZSIMIPFD.INSO1A101C37461FA.DATABASE.WINDOWS.NET,CentralRepository,dbo
ctsinazprdedssqlmi.inso1a101c37461fa.database.windows.net,EDS_PRD_PFD_SNAP_PUB,MySkills_MS_DemandUnit_Master_STG_CURR,EDS_CURR_STG,CTSAZSIMIPFD.INSO1A101C37461FA.DATABASE.WINDOWS.NET,CentralRepository,dbo
ctsinazprdedssqlmi.inso1a101c37461fa.database.windows.net,EDS_PRD_PFD_SNAP_PUB,ESA_PS_PGM_APPLAREA_AC_STG_CURR,EDS_CURR_STG,CTSAZSIMIPFD.INSO1A101C37461FA.DATABASE.WINDOWS.NET,CentralRepository,dbo
ctsinazprdedssqlmi.inso1a101c37461fa.database.windows.net,EDS_PRD_PFD_SNAP_PUB,ESA_PS_CTPC_PRJSTS_TBL_STG_CURR,EDS_CURR_STG,CTSAZSIMIPFD.INSO1A101C37461FA.DATABASE.WINDOWS.NET,CentralRepository,dbo
ctsinazprdedssqlmi.inso1a101c37461fa.database.windows.net,EDS_PRD_PFD_SNAP_PUB,ESA_PS_CTS_BILL_ROLE_STG_CURR,EDS_CURR_STG,CTSAZSIMIPFD.INSO1A101C37461FA.DATABASE.WINDOWS.NET,CentralRepository,dbo
ctsinazprdedssqlmi.inso1a101c37461fa.database.windows.net,EDS_PRD_PFD_SNAP_PUB,ESA_PS_CTS_EX_CNCR_STG_STG_CURR,EDS_CURR_STG,CTSAZSIMIPFD.INSO1A101C37461FA.DATABASE.WINDOWS.NET,CentralRepository,dbo
ctsinazprdedssqlmi.inso1a101c37461fa.database.windows.net,EDS_PRD_PFD_SNAP_PUB,SFDC_Profitability_Model__c_STG_CURR,EDS_CURR_STG,CTSAZSIMIPFD.INSO1A101C37461FA.DATABASE.WINDOWS.NET,CentralRepository,dbo
ctsinazprdedssqlmi.inso1a101c37461fa.database.windows.net,EDS_PRD_PFD_SNAP_PUB,HCM_PS_CT_DEP_BEN_STS_STG_CURR,EDS_CURR_STG,CTSAZSIMIPFD.INSO1A101C37461FA.DATABASE.WINDOWS.NET,CentralRepository,dbo
ctsinazprdedssqlmi.inso1a101c37461fa.database.windows.net,EDS_PRD_PFD_SNAP_PUB,ESA_PS_CTS_EX_C_PLTSTG_STG_CURR,EDS_CURR_STG,CTSAZSIMIPFD.INSO1A101C37461FA.DATABASE.WINDOWS.NET,CentralRepository,dbo
ctsinazprdedssqlmi.inso1a101c37461fa.database.windows.net,EDS_PRD_PFD_SNAP_PUB,ESA_PS_PROJ_STATUS_TBL_STG_CURR,EDS_CURR_STG,CTSAZSIMIPFD.INSO1A101C37461FA.DATABASE.WINDOWS.NET,CentralRepository,dbo
ctsinazprdedssqlmi.inso1a101c37461fa.database.windows.net,EDS_PRD_PFD_SNAP_PUB,MySkills_MS_Service_Master_STG_CURR,EDS_CURR_STG,CTSAZSIMIPFD.INSO1A101C37461FA.DATABASE.WINDOWS.NET,CentralRepository,dbo
ctsinazprdedssqlmi.inso1a101c37461fa.database.windows.net,EDS_PRD_PFD_SNAP_PUB,CentralRepository_GSMS_SeatMaster_MIG,CRS_BASE_TBL,CTSAZSIMIPFD.INSO1A101C37461FA.DATABASE.WINDOWS.NET,CentralRepository,dbo
ctsinazprdedssqlmi.inso1a101c37461fa.database.windows.net,EDS_PRD_PFD_SNAP_PUB,HCM_PS_CT_GBCAR_ALO_VW_STG_CURR,EDS_CURR_STG,CTSAZSIMIPFD.INSO1A101C37461FA.DATABASE.WINDOWS.NET,CentralRepository,dbo
ctsinazprdedssqlmi.inso1a101c37461fa.database.windows.net,EDS_PRD_PFD_SNAP_PUB,CentralRepository_Currency_Details_MIG,CRS_BASE_TBL,CTSAZSIMIPFD.INSO1A101C37461FA.DATABASE.WINDOWS.NET,CentralRepository,dbo
ctsinazprdedssqlmi.inso1a101c37461fa.database.windows.net,EDS_PRD_PFD_SNAP_PUB,CentralRepository_RHMS_Customer_Market_MIG,CRS_BASE_TBL,CTSAZSIMIPFD.INSO1A101C37461FA.DATABASE.WINDOWS.NET,CentralRepository,dbo
ctsinazprdedssqlmi.inso1a101c37461fa.database.windows.net,EDS_PRD_PFD_SNAP_PUB,SFDC_OpportunityLineItem_STG_CURR,EDS_CURR_STG,CTSAZSIMIPFD.INSO1A101C37461FA.DATABASE.WINDOWS.NET,CentralRepository,dbo
ctsinazprdedssqlmi.inso1a101c37461fa.database.windows.net,EDS_PRD_PFD_SNAP_PUB,FMS_PS_CTS_GL_LVL_TBL_STG_CURR,EDS_CURR_STG,CTSAZSIMIPFD.INSO1A101C37461FA.DATABASE.WINDOWS.NET,CentralRepository,dbo
ctsinazprdedssqlmi.inso1a101c37461fa.database.windows.net,EDS_PRD_PFD_SNAP_PUB,ESA_PS_CTS_PC_SS_TBL_STG_CURR,EDS_CURR_STG,CTSAZSIMIPFD.INSO1A101C37461FA.DATABASE.WINDOWS.NET,CentralRepository,dbo
ctsinazprdedssqlmi.inso1a101c37461fa.database.windows.net,EDS_PRD_PFD_SNAP_PUB,MySkills_MS_SkillCluster_Skills_STG_CURR,EDS_CURR_STG,CTSAZSIMIPFD.INSO1A101C37461FA.DATABASE.WINDOWS.NET,CentralRepository,dbo
ctsinazprdedssqlmi.inso1a101c37461fa.database.windows.net,EDS_PRD_PFD_SNAP_PUB,ESA_PROJECTOPPORTUNITYLINKAGE_STG_CURR,EDS_CURR_STG,CTSAZSIMIPFD.INSO1A101C37461FA.DATABASE.WINDOWS.NET,CentralRepository,dbo
ctsinazprdedssqlmi.inso1a101c37461fa.database.windows.net,EDS_PRD_PFD_SNAP_PUB,MySkills_MS_DemandUnit_Skills_STG_CURR,EDS_CURR_STG,CTSAZSIMIPFD.INSO1A101C37461FA.DATABASE.WINDOWS.NET,CentralRepository,dbo
ctsinazprdedssqlmi.inso1a101c37461fa.database.windows.net,EDS_PRD_PFD_SNAP_PUB,ESA_PS_PGM_APPLICATION_STG_CURR,EDS_CURR_STG,CTSAZSIMIPFD.INSO1A101C37461FA.DATABASE.WINDOWS.NET,CentralRepository,dbo
ctsinazprdedssqlmi.inso1a101c37461fa.database.windows.net,EDS_PRD_PFD_SNAP_PUB,ESA_PS_CTS_PC_SSROL_MP_STG_CURR,EDS_CURR_STG,CTSAZSIMIPFD.INSO1A101C37461FA.DATABASE.WINDOWS.NET,CentralRepository,dbo
ctsinazprdedssqlmi.inso1a101c37461fa.database.windows.net,EDS_PRD_PFD_SNAP_PUB,CentralRepository_Accomplishment_MIG,CRS_BASE_TBL,CTSAZSIMIPFD.INSO1A101C37461FA.DATABASE.WINDOWS.NET,CentralRepository,dbo
ctsinazprdedssqlmi.inso1a101c37461fa.database.windows.net,EDS_PRD_PFD_SNAP_PUB,HCM_PS_DEP_BEN_STG_CURR,EDS_CURR_STG,CTSAZSIMIPFD.INSO1A101C37461FA.DATABASE.WINDOWS.NET,CentralRepository,dbo
ctsinazprdedssqlmi.inso1a101c37461fa.database.windows.net,EDS_PRD_PFD_SNAP_PUB,CentralRepository_NAPayroll_NRADetails_MIG,CRS_BASE_TBL,CTSAZSIMIPFD.INSO1A101C37461FA.DATABASE.WINDOWS.NET,CentralRepository,dbo
ctsinazprdedssqlmi.inso1a101c37461fa.database.windows.net,EDS_PRD_PFD_SNAP_PUB,ESA_PS_CTS_EX_CON_UAD_STG_CURR,EDS_CURR_STG,CTSAZSIMIPFD.INSO1A101C37461FA.DATABASE.WINDOWS.NET,CentralRepository,dbo
ctsinazprdedssqlmi.inso1a101c37461fa.database.windows.net,EDS_PRD_PFD_SNAP_PUB,CentralRepository_FBD_contract_details_MIG,CRS_BASE_TBL,CTSAZSIMIPFD.INSO1A101C37461FA.DATABASE.WINDOWS.NET,CentralRepository,dbo
ctsinazprdedssqlmi.inso1a101c37461fa.database.windows.net,EDS_PRD_PFD_SNAP_PUB,ESA_PS_CTS_EX_CON_PPC_STG_CURR,EDS_CURR_STG,CTSAZSIMIPFD.INSO1A101C37461FA.DATABASE.WINDOWS.NET,CentralRepository,dbo
ctsinazprdedssqlmi.inso1a101c37461fa.database.windows.net,EDS_PRD_PFD_SNAP_PUB,ESA_PS_CTS_CRS_TM_CONT_STG_CURR,EDS_CURR_STG,CTSAZSIMIPFD.INSO1A101C37461FA.DATABASE.WINDOWS.NET,CentralRepository,dbo
ctsinazprdedssqlmi.inso1a101c37461fa.database.windows.net,EDS_PRD_PFD_SNAP_PUB,CentralRepository_ReasonCode_Description_MIG,CRS_BASE_TBL,CTSAZSIMIPFD.INSO1A101C37461FA.DATABASE.WINDOWS.NET,CentralRepository,dbo
ctsinazprdedssqlmi.inso1a101c37461fa.database.windows.net,EDS_PRD_PFD_SNAP_PUB,Centralrepository_ESA_PCBdata_Mig,CRS_BASE_TBL,CTSAZSIMIPFD.INSO1A101C37461FA.DATABASE.WINDOWS.NET,CentralRepository,dbo
ctsinazprdedssqlmi.inso1a101c37461fa.database.windows.net,EDS_PRD_PFD_SNAP_PUB,MySkills_MS_SkillCluster_Master_STG_CURR,EDS_CURR_STG,CTSAZSIMIPFD.INSO1A101C37461FA.DATABASE.WINDOWS.NET,CentralRepository,dbo
ctsinazprdedssqlmi.inso1a101c37461fa.database.windows.net,EDS_PRD_PFD_SNAP_PUB,SFDC_Product_STG_CURR,EDS_CURR_STG,CTSAZSIMIPFD.INSO1A101C37461FA.DATABASE.WINDOWS.NET,CentralRepository,dbo
ctsinazprdedssqlmi.inso1a101c37461fa.database.windows.net,EDS_PRD_PFD_SNAP_PUB,CentralRepository_DependentAddress_MIG,CRS_BASE_TBL,CTSAZSIMIPFD.INSO1A101C37461FA.DATABASE.WINDOWS.NET,CentralRepository,dbo
ctsinazprdedssqlmi.inso1a101c37461fa.database.windows.net,EDS_PRD_PFD_SNAP_PUB,ESA_PS_CTRM_PSST_VW_STG_CURR,EDS_CURR_STG,CTSAZSIMIPFD.INSO1A101C37461FA.DATABASE.WINDOWS.NET,CentralRepository,dbo
ctsinazprdedssqlmi.inso1a101c37461fa.database.windows.net,EDS_PRD_PFD_SNAP_PUB,MySkills_MS_SkillCluster_Services_STG_CURR,EDS_CURR_STG,CTSAZSIMIPFD.INSO1A101C37461FA.DATABASE.WINDOWS.NET,CentralRepository,dbo
ctsinazprdedssqlmi.inso1a101c37461fa.database.windows.net,EDS_PRD_PFD_SNAP_PUB,ESA_PS_CUST_ADDRESS_STG_CURR,EDS_CURR_STG,CTSAZSIMIPFD.INSO1A101C37461FA.DATABASE.WINDOWS.NET,CentralRepository,dbo
ctsinazprdedssqlmi.inso1a101c37461fa.database.windows.net,EDS_PRD_PFD_SNAP_PUB,ESA_PS_CTS_WFM_DTL_TBL_STG_CURR,EDS_CURR_STG,CTSAZSIMIPFD.INSO1A101C37461FA.DATABASE.WINDOWS.NET,CentralRepository,dbo
ctsinazprdedssqlmi.inso1a101c37461fa.database.windows.net,EDS_PRD_PFD_SNAP_PUB,Centralrepository_Concur_Mailrequest_MIG,CRS_BASE_TBL,CTSAZSIMIPFD.INSO1A101C37461FA.DATABASE.WINDOWS.NET,CentralRepository,dbo
ctsinazprdedssqlmi.inso1a101c37461fa.database.windows.net,EDS_PRD_PFD_SNAP_PUB,Centralrepository_Concur_PersonalExpense_MIG,CRS_BASE_TBL,CTSAZSIMIPFD.INSO1A101C37461FA.DATABASE.WINDOWS.NET,CentralRepository,dbo
ctsinazprdedssqlmi.inso1a101c37461fa.database.windows.net,EDS_PRD_PFD_SNAP_PUB,Centralrepository_ESA_UserRoles_MIG,CRS_BASE_TBL,CTSAZSIMIPFD.INSO1A101C37461FA.DATABASE.WINDOWS.NET,CentralRepository,dbo
ctsinazprdedssqlmi.inso1a101c37461fa.database.windows.net,EDS_PRD_PFD_SNAP_PUB,FMS_PS_DEPT_TBL_STG_CURR,EDS_CURR_STG,CTSAZSIMIPFD.INSO1A101C37461FA.DATABASE.WINDOWS.NET,CentralRepository,dbo
ctsinazprdedssqlmi.inso1a101c37461fa.database.windows.net,EDS_PRD_PFD_SNAP_PUB,MySkills_MS_SkillCluster_Practices_STG_CURR,EDS_CURR_STG,CTSAZSIMIPFD.INSO1A101C37461FA.DATABASE.WINDOWS.NET,CentralRepository,dbo
ctsinazprdedssqlmi.inso1a101c37461fa.database.windows.net,EDS_PRD_PFD_SNAP_PUB,SFDC_Opportunity_Closure_STG_CURR,EDS_CURR_STG,CTSAZSIMIPFD.INSO1A101C37461FA.DATABASE.WINDOWS.NET,CentralRepository,dbo
ctsinazprdedssqlmi.inso1a101c37461fa.database.windows.net,EDS_PRD_PFD_SNAP_PUB,ESA_PS_CTSPM_FRZ_TBL_STG_CURR,EDS_CURR_STG,CTSAZSIMIPFD.INSO1A101C37461FA.DATABASE.WINDOWS.NET,CentralRepository,dbo
ctsinazprdedssqlmi.inso1a101c37461fa.database.windows.net,EDS_PRD_PFD_SNAP_PUB,ESA_PS_CTS_GRADE_ROLE_STG_CURR,EDS_CURR_STG,CTSAZSIMIPFD.INSO1A101C37461FA.DATABASE.WINDOWS.NET,CentralRepository,dbo
ctsinazprdedssqlmi.inso1a101c37461fa.database.windows.net,EDS_PRD_PFD_SNAP_PUB,HCM_PS_CT_PF_NUMBER_STG_CURR,EDS_CURR_STG,CTSAZSIMIPFD.INSO1A101C37461FA.DATABASE.WINDOWS.NET,CentralRepository,dbo
ctsinazprdedssqlmi.inso1a101c37461fa.database.windows.net,EDS_PRD_PFD_SNAP_PUB,ESA_PS_CTS_EX_PRJ_ACTV_STG_CURR,EDS_CURR_STG,CTSAZSIMIPFD.INSO1A101C37461FA.DATABASE.WINDOWS.NET,CentralRepository,dbo
ctsinazprdedssqlmi.inso1a101c37461fa.database.windows.net,EDS_PRD_PFD_SNAP_PUB,ESA_PS_RS_TMPLT_COMP_STG_CURR,EDS_CURR_STG,CTSAZSIMIPFD.INSO1A101C37461FA.DATABASE.WINDOWS.NET,CentralRepository,dbo
ctsinazprdedssqlmi.inso1a101c37461fa.database.windows.net,EDS_PRD_PFD_SNAP_PUB,LM_vw_CompanyMaster_STG_CURR,EDS_CURR_STG,CTSAZSIMIPFD.INSO1A101C37461FA.DATABASE.WINDOWS.NET,CentralRepository,dbo
ctsinazprdedssqlmi.inso1a101c37461fa.database.windows.net,EDS_PRD_PFD_SNAP_PUB,CentralRepository_HCM_Role_Jobcode_mapping_MIG,CRS_BASE_TBL,CTSAZSIMIPFD.INSO1A101C37461FA.DATABASE.WINDOWS.NET,CentralRepository,dbo
ctsinazprdedssqlmi.inso1a101c37461fa.database.windows.net,EDS_PRD_PFD_SNAP_PUB,IC_IC_SGA_FEED_STG_CURR,EDS_CURR_STG,CTSAZSIMIPFD.INSO1A101C37461FA.DATABASE.WINDOWS.NET,CentralRepository,dbo
ctsinazprdedssqlmi.inso1a101c37461fa.database.windows.net,EDS_PRD_PFD_SNAP_PUB,ESA_PS_CTS_EXCON_AMXCA_STG_CURR,EDS_CURR_STG,CTSAZSIMIPFD.INSO1A101C37461FA.DATABASE.WINDOWS.NET,CentralRepository,dbo
ctsinazprdedssqlmi.inso1a101c37461fa.database.windows.net,EDS_PRD_PFD_SNAP_PUB,TMP_vw_TMP_CRS_Associate_Pool_Details_STG_CURR,EDS_CURR_STG,CTSAZSIMIPFD.INSO1A101C37461FA.DATABASE.WINDOWS.NET,CentralRepository,dbo
ctsinazprdedssqlmi.inso1a101c37461fa.database.windows.net,EDS_PRD_PFD_SNAP_PUB,CentralRepository_EAM_Current_bal_MIG,CRS_BASE_TBL,CTSAZSIMIPFD.INSO1A101C37461FA.DATABASE.WINDOWS.NET,CentralRepository,dbo
ctsinazprdedssqlmi.inso1a101c37461fa.database.windows.net,EDS_PRD_PPLT_RSO_PUB,Apple_Table_test_EDS,EDS_CURR_STG,CTSAZSIMIPPLT.INSO1A101C37461FA.DATABASE.WINDOWS.NET,CentralRepository,dbo
ctsinazprdedssqlmi.inso1a101c37461fa.database.windows.net,EDS_PRD_PPLT_RSO_PUB,CentralRepository_ESA_Allocation_MIG,CRS_BASE_TBL,CTSAZSIMIPPLT.INSO1A101C37461FA.DATABASE.WINDOWS.NET,CentralRepository,dbo
ctsinazprdedssqlmi.inso1a101c37461fa.database.windows.net,EDS_PRD_PPLT_SNAP_PUB,DataRetention_vw_Ref_Region_FY_stg_curr,EDS_CURR_STG,CTSAZSIMIPPLT.INSO1A101C37461FA.DATABASE.WINDOWS.NET,CentralRepository,EDS_CURR_STG
ctsinazprdedssqlmi.inso1a101c37461fa.database.windows.net,EDS_PRD_PPLT_SNAP_PUB,CentralRepository_Department_TreeMaster_MIG,CRS_BASE_TBL,CTSAZSIMIPPLT.INSO1A101C37461FA.DATABASE.WINDOWS.NET,centralrepository,dbo
ctsinazprdedssqlmi.inso1a101c37461fa.database.windows.net,EDS_PRD_PPLT_SNAP_PUB,CentralRepository_Associate_Details_MIG,CRS_BASE_TBL,CTSAZSIMIPPLT.INSO1A101C37461FA.DATABASE.WINDOWS.NET,centralrepository,dbo
ctsinazprdedssqlmi.inso1a101c37461fa.database.windows.net,EDS_PRD_PPLT_SNAP_PUB,CentralRepository_AssociatePool_MIG,CRS_BASE_TBL,CTSAZSIMIPPLT.INSO1A101C37461FA.DATABASE.WINDOWS.NET,centralrepository,dbo
ctsinazprdedssqlmi.inso1a101c37461fa.database.windows.net,EDS_PRD_PPLT_SNAP_PUB,CENTRALREPOSITORY_CANDIDATEDETAILS_MIG,CRS_BASE_TBL,CTSAZSIMIPPLT.INSO1A101C37461FA.DATABASE.WINDOWS.NET,centralrepository,dbo
ctsinazprdedssqlmi.inso1a101c37461fa.database.windows.net,EDS_PRD_PPLT_SNAP_PUB,CentralRepository_Contacts_MIG,CRS_BASE_TBL,CTSAZSIMIPPLT.INSO1A101C37461FA.DATABASE.WINDOWS.NET,centralrepository,dbo
ctsinazprdedssqlmi.inso1a101c37461fa.database.windows.net,EDS_PRD_PPLT_SNAP_PUB,CentralRepository_Contracts,CRS_BASE_TBL,CTSAZSIMIPPLT.INSO1A101C37461FA.DATABASE.WINDOWS.NET,centralrepository,dbo
ctsinazprdedssqlmi.inso1a101c37461fa.database.windows.net,EDS_PRD_PPLT_SNAP_PUB,CentralRepository_EAM_Leavedata_MIG,CRS_BASE_TBL,CTSAZSIMIPPLT.INSO1A101C37461FA.DATABASE.WINDOWS.NET,centralrepository,dbo
ctsinazprdedssqlmi.inso1a101c37461fa.database.windows.net,EDS_PRD_PPLT_SNAP_PUB,CentralRepository_Email_Address_MIG,CRS_BASE_TBL,CTSAZSIMIPPLT.INSO1A101C37461FA.DATABASE.WINDOWS.NET,centralrepository,dbo
ctsinazprdedssqlmi.inso1a101c37461fa.database.windows.net,EDS_PRD_PPLT_SNAP_PUB,CentralRepository_ESA_ProjectSupervisor_MIG,CRS_BASE_TBL,CTSAZSIMIPPLT.INSO1A101C37461FA.DATABASE.WINDOWS.NET,centralrepository,dbo
ctsinazprdedssqlmi.inso1a101c37461fa.database.windows.net,EDS_PRD_PPLT_SNAP_PUB,CentralRepository_Grade_Master_MIG,CRS_BASE_TBL,CTSAZSIMIPPLT.INSO1A101C37461FA.DATABASE.WINDOWS.NET,centralrepository,dbo
ctsinazprdedssqlmi.inso1a101c37461fa.database.windows.net,EDS_PRD_PPLT_SNAP_PUB,CentralRepository_GSMS_AssociateSeatInfo_MIG,CRS_BASE_TBL,CTSAZSIMIPPLT.INSO1A101C37461FA.DATABASE.WINDOWS.NET,centralrepository,dbo
ctsinazprdedssqlmi.inso1a101c37461fa.database.windows.net,EDS_PRD_PPLT_SNAP_PUB,CentralRepository_HCMLocation_MIG,CRS_BASE_TBL,CTSAZSIMIPPLT.INSO1A101C37461FA.DATABASE.WINDOWS.NET,centralrepository,dbo
ctsinazprdedssqlmi.inso1a101c37461fa.database.windows.net,EDS_PRD_PPLT_SNAP_PUB,CentralRepository_HolidayDate_MIG,CRS_BASE_TBL,CTSAZSIMIPPLT.INSO1A101C37461FA.DATABASE.WINDOWS.NET,centralrepository,dbo
ctsinazprdedssqlmi.inso1a101c37461fa.database.windows.net,EDS_PRD_PPLT_SNAP_PUB,CentralRepository_JOB_Reference_MIG,CRS_BASE_TBL,CTSAZSIMIPPLT.INSO1A101C37461FA.DATABASE.WINDOWS.NET,centralrepository,dbo
ctsinazprdedssqlmi.inso1a101c37461fa.database.windows.net,EDS_PRD_PPLT_SNAP_PUB,CentralRepository_JobFamilyMaster_MIG,CRS_BASE_TBL,CTSAZSIMIPPLT.INSO1A101C37461FA.DATABASE.WINDOWS.NET,centralrepository,dbo
ctsinazprdedssqlmi.inso1a101c37461fa.database.windows.net,EDS_PRD_PPLT_SNAP_PUB,CentralRepository_PassportDetails_MIG,CRS_BASE_TBL,CTSAZSIMIPPLT.INSO1A101C37461FA.DATABASE.WINDOWS.NET,centralrepository,dbo
ctsinazprdedssqlmi.inso1a101c37461fa.database.windows.net,EDS_PRD_PPLT_SNAP_PUB,Centralrepository_PRISM_Actuals_mig,CRS_BASE_TBL,CTSAZSIMIPPLT.INSO1A101C37461FA.DATABASE.WINDOWS.NET,centralrepository,dbo
ctsinazprdedssqlmi.inso1a101c37461fa.database.windows.net,EDS_PRD_PPLT_SNAP_PUB,CentralRepository_Project_Location_MIG,CRS_BASE_TBL,CTSAZSIMIPPLT.INSO1A101C37461FA.DATABASE.WINDOWS.NET,centralrepository,dbo
ctsinazprdedssqlmi.inso1a101c37461fa.database.windows.net,EDS_PRD_PPLT_SNAP_PUB,CentralRepository_Project_MIG,CRS_BASE_TBL,CTSAZSIMIPPLT.INSO1A101C37461FA.DATABASE.WINDOWS.NET,centralrepository,dbo
ctsinazprdedssqlmi.inso1a101c37461fa.database.windows.net,EDS_PRD_PPLT_SNAP_PUB,CentralRepository_RHMS_RoleDetails_MIG,CRS_BASE_TBL,CTSAZSIMIPPLT.INSO1A101C37461FA.DATABASE.WINDOWS.NET,centralrepository,dbo
ctsinazprdedssqlmi.inso1a101c37461fa.database.windows.net,EDS_PRD_PPLT_SNAP_PUB,CentralRepository_SelfUpdateContacts_MIG,CRS_BASE_TBL,CTSAZSIMIPPLT.INSO1A101C37461FA.DATABASE.WINDOWS.NET,centralrepository,dbo
ctsinazprdedssqlmi.inso1a101c37461fa.database.windows.net,EDS_PRD_PPLT_SNAP_PUB,DataRetention_AssociateRegionRecord_STG_CURR,EDS_CURR_STG,CTSAZSIMIPPLT.INSO1A101C37461FA.DATABASE.WINDOWS.NET,centralrepository,dbo
ctsinazprdedssqlmi.inso1a101c37461fa.database.windows.net,EDS_PRD_PPLT_SNAP_PUB,DataRetention_AssociateRetentionRecord_STG_CURR,EDS_CURR_STG,CTSAZSIMIPPLT.INSO1A101C37461FA.DATABASE.WINDOWS.NET,centralrepository,dbo
ctsinazprdedssqlmi.inso1a101c37461fa.database.windows.net,EDS_PRD_PPLT_SNAP_PUB,DataRetention_PurgeHold_STG_CURR,EDS_CURR_STG,CTSAZSIMIPPLT.INSO1A101C37461FA.DATABASE.WINDOWS.NET,centralrepository,dbo
ctsinazprdedssqlmi.inso1a101c37461fa.database.windows.net,EDS_PRD_PPLT_SNAP_PUB,DataRetention_RegionDataRetentionRule_STG_CURR,EDS_CURR_STG,CTSAZSIMIPPLT.INSO1A101C37461FA.DATABASE.WINDOWS.NET,centralrepository,dbo
ctsinazprdedssqlmi.inso1a101c37461fa.database.windows.net,EDS_PRD_PPLT_SNAP_PUB,DATARETENTION_VW_ASSOCIATE_LAST_PAYOUT_DETAILS_STG_CURR,EDS_CURR_STG,CTSAZSIMIPPLT.INSO1A101C37461FA.DATABASE.WINDOWS.NET,centralrepository,dbo
ctsinazprdedssqlmi.inso1a101c37461fa.database.windows.net,EDS_PRD_PPLT_SNAP_PUB,DATARETENTION_VW_COGNIZANT_ASSOCIATE_DETAILS_STG_CURR,EDS_CURR_STG,CTSAZSIMIPPLT.INSO1A101C37461FA.DATABASE.WINDOWS.NET,centralrepository,dbo
ctsinazprdedssqlmi.inso1a101c37461fa.database.windows.net,EDS_PRD_PPLT_SNAP_PUB,DATARETENTION_VW_COGNIZANT_CANDIDATE_DETAILS_STG_CURR,EDS_CURR_STG,CTSAZSIMIPPLT.INSO1A101C37461FA.DATABASE.WINDOWS.NET,centralrepository,dbo
ctsinazprdedssqlmi.inso1a101c37461fa.database.windows.net,EDS_PRD_PPLT_SNAP_PUB,DataRetention_VW_RETENTION_SCHEDULE_BUSINESSLOGIC_STG_CURR,EDS_CURR_STG,CTSAZSIMIPPLT.INSO1A101C37461FA.DATABASE.WINDOWS.NET,centralrepository,dbo
ctsinazprdedssqlmi.inso1a101c37461fa.database.windows.net,EDS_PRD_PPLT_SNAP_PUB,DATARETENTION_VW_TRAVEL_HISTORY_STG_CURR,EDS_CURR_STG,CTSAZSIMIPPLT.INSO1A101C37461FA.DATABASE.WINDOWS.NET,centralrepository,dbo
ctsinazprdedssqlmi.inso1a101c37461fa.database.windows.net,EDS_PRD_PPLT_SNAP_PUB,ESA_PS_CTS_GRADE_ROLE_STG_CURR,EDS_CURR_STG,CTSAZSIMIPPLT.INSO1A101C37461FA.DATABASE.WINDOWS.NET,centralrepository,dbo
ctsinazprdedssqlmi.inso1a101c37461fa.database.windows.net,EDS_PRD_PPLT_SNAP_PUB,ESA_PS_CTS_PC_SS_DELG_STG_CURR,EDS_CURR_STG,CTSAZSIMIPPLT.INSO1A101C37461FA.DATABASE.WINDOWS.NET,centralrepository,dbo
ctsinazprdedssqlmi.inso1a101c37461fa.database.windows.net,EDS_PRD_PPLT_SNAP_PUB,ESA_PS_CTSRM_LE_CRS_VW_STG_CURR,EDS_CURR_STG,CTSAZSIMIPPLT.INSO1A101C37461FA.DATABASE.WINDOWS.NET,centralrepository,dbo
ctsinazprdedssqlmi.inso1a101c37461fa.database.windows.net,EDS_PRD_PPLT_SNAP_PUB,ESA_PS_PGM_APPLICATION_STG_CURR,EDS_CURR_STG,CTSAZSIMIPPLT.INSO1A101C37461FA.DATABASE.WINDOWS.NET,centralrepository,dbo
ctsinazprdedssqlmi.inso1a101c37461fa.database.windows.net,EDS_PRD_PPLT_SNAP_PUB,ESA_PS_PROJ_TYPE_TBL_STG_CURR,EDS_CURR_STG,CTSAZSIMIPPLT.INSO1A101C37461FA.DATABASE.WINDOWS.NET,centralrepository,dbo
ctsinazprdedssqlmi.inso1a101c37461fa.database.windows.net,EDS_PRD_PPLT_SNAP_PUB,ESA_PS_PROJECT_MGR_STG_CURR,EDS_CURR_STG,CTSAZSIMIPPLT.INSO1A101C37461FA.DATABASE.WINDOWS.NET,centralrepository,dbo
ctsinazprdedssqlmi.inso1a101c37461fa.database.windows.net,EDS_PRD_PPLT_SNAP_PUB,FMS_PS_DEPT_TBL_STG_CURR,EDS_CURR_STG,CTSAZSIMIPPLT.INSO1A101C37461FA.DATABASE.WINDOWS.NET,centralrepository,dbo
ctsinazprdedssqlmi.inso1a101c37461fa.database.windows.net,EDS_PRD_PPLT_SNAP_PUB,HCM_PF_Associate_Skills_STG_CURR,EDS_CURR_STG,CTSAZSIMIPPLT.INSO1A101C37461FA.DATABASE.WINDOWS.NET,centralrepository,dbo
ctsinazprdedssqlmi.inso1a101c37461fa.database.windows.net,EDS_PRD_PPLT_SNAP_PUB,HCM_PF_ParentChildMapping_STG_CURR_MIG,CRS_BASE_TBL,CTSAZSIMIPPLT.INSO1A101C37461FA.DATABASE.WINDOWS.NET,centralrepository,dbo
ctsinazprdedssqlmi.inso1a101c37461fa.database.windows.net,EDS_PRD_PPLT_SNAP_PUB,HCM_PF_SKILL_CAT_ITEMS_STG_CURR_MIG,CRS_BASE_TBL,CTSAZSIMIPPLT.INSO1A101C37461FA.DATABASE.WINDOWS.NET,centralrepository,dbo
ctsinazprdedssqlmi.inso1a101c37461fa.database.windows.net,EDS_PRD_PPLT_SNAP_PUB,HCM_PS_BUS_UNIT_TBL_HR_STG_CURR,EDS_CURR_STG,CTSAZSIMIPPLT.INSO1A101C37461FA.DATABASE.WINDOWS.NET,centralrepository,dbo
ctsinazprdedssqlmi.inso1a101c37461fa.database.windows.net,EDS_PRD_PPLT_SNAP_PUB,HCM_PS_COUNTRY_TBL_STG_CURR,EDS_CURR_STG,CTSAZSIMIPPLT.INSO1A101C37461FA.DATABASE.WINDOWS.NET,centralrepository,dbo
ctsinazprdedssqlmi.inso1a101c37461fa.database.windows.net,EDS_PRD_PPLT_SNAP_PUB,HCM_PS_CT_TM_TBL_GBL_STG_CURR,EDS_CURR_STG,CTSAZSIMIPPLT.INSO1A101C37461FA.DATABASE.WINDOWS.NET,centralrepository,dbo
ctsinazprdedssqlmi.inso1a101c37461fa.database.windows.net,EDS_PRD_PPLT_SNAP_PUB,HCM_PS_DEPT_TBL_STG_CURR,EDS_CURR_STG,CTSAZSIMIPPLT.INSO1A101C37461FA.DATABASE.WINDOWS.NET,centralrepository,dbo
ctsinazprdedssqlmi.inso1a101c37461fa.database.windows.net,EDS_PRD_PPLT_SNAP_PUB,HCM_PS_JOBCODE_TBL_STG_CURR,EDS_CURR_STG,CTSAZSIMIPPLT.INSO1A101C37461FA.DATABASE.WINDOWS.NET,centralrepository,dbo
ctsinazprdedssqlmi.inso1a101c37461fa.database.windows.net,EDS_PRD_PPLT_SNAP_PUB,LM_vw_LocationMaster_STG_CURR,EDS_CURR_STG,CTSAZSIMIPPLT.INSO1A101C37461FA.DATABASE.WINDOWS.NET,centralrepository,dbo
ctsinazprdedssqlmi.inso1a101c37461fa.database.windows.net,EDS_PRD_PPLT_SNAP_PUB,RHMS_tbl_EDS_RoleMaster_STG_CURR,EDS_CURR_STG,CTSAZSIMIPPLT.INSO1A101C37461FA.DATABASE.WINDOWS.NET,centralrepository,dbo
ctsinazprdedssqlmi.inso1a101c37461fa.database.windows.net,EDS_PRD_PRDML_RSO_PUB,CentralRepository_HCM_CCA_Roles_MIG,CRS_BASE_TBL,CTSAZSIMIPRDML01.293366D454BB.DATABASE.WINDOWS.NET,CentralRepository,dbo
ctsinazprdedssqlmi.inso1a101c37461fa.database.windows.net,EDS_PRD_PRDML_RSO_PUB,CentralRepository_HCMLocation_MIG,CRS_BASE_TBL,CTSAZSIMIPRDML01.293366D454BB.DATABASE.WINDOWS.NET,CentralRepository,dbo
ctsinazprdedssqlmi.inso1a101c37461fa.database.windows.net,EDS_PRD_PRDML_RSO_PUB,CentralRepository_JobFamilyMaster_MIG,CRS_BASE_TBL,CTSAZSIMIPRDML01.293366D454BB.DATABASE.WINDOWS.NET,CentralRepository,dbo
ctsinazprdedssqlmi.inso1a101c37461fa.database.windows.net,EDS_PRD_PRDML_RSO_PUB,CentralRepository_Project_MIG,CRS_BASE_TBL,CTSAZSIMIPRDML01.293366D454BB.DATABASE.WINDOWS.NET,CentralRepository,dbo
ctsinazprdedssqlmi.inso1a101c37461fa.database.windows.net,EDS_PRD_PRDML_RSO_PUB,CentralRepository_RMG_ResourceRequest_MIG,CRS_BASE_TBL,CTSAZSIMIPRDML01.293366D454BB.DATABASE.WINDOWS.NET,CentralRepository,dbo
ctsinazprdedssqlmi.inso1a101c37461fa.database.windows.net,EDS_PRD_PRDML_RSO_PUB,DataRetention_AssociateRegionRecord_STG_CURR,EDS_CURR_STG,CTSAZSIMIPRDML01.293366D454BB.DATABASE.WINDOWS.NET,CentralRepository,dbo
ctsinazprdedssqlmi.inso1a101c37461fa.database.windows.net,EDS_PRD_PRDML_RSO_PUB,DataRetention_AssociateRetentionRecord_STG_CURR,EDS_CURR_STG,CTSAZSIMIPRDML01.293366D454BB.DATABASE.WINDOWS.NET,CentralRepository,dbo
ctsinazprdedssqlmi.inso1a101c37461fa.database.windows.net,EDS_PRD_PRDML_RSO_PUB,DataRetention_PurgeHold_STG_CURR,EDS_CURR_STG,CTSAZSIMIPRDML01.293366D454BB.DATABASE.WINDOWS.NET,CentralRepository,dbo
ctsinazprdedssqlmi.inso1a101c37461fa.database.windows.net,EDS_PRD_PRDML_RSO_PUB,DataRetention_RegionDataRetentionRule_STG_CURR,EDS_CURR_STG,CTSAZSIMIPRDML01.293366D454BB.DATABASE.WINDOWS.NET,CentralRepository,dbo
ctsinazprdedssqlmi.inso1a101c37461fa.database.windows.net,EDS_PRD_PRDML_RSO_PUB,DATARETENTION_VW_ASSOCIATE_LAST_PAYOUT_DETAILS_STG_CURR,EDS_CURR_STG,CTSAZSIMIPRDML01.293366D454BB.DATABASE.WINDOWS.NET,CentralRepository,dbo
ctsinazprdedssqlmi.inso1a101c37461fa.database.windows.net,EDS_PRD_PRDML_RSO_PUB,DATARETENTION_VW_COGNIZANT_ASSOCIATE_DETAILS_STG_CURR,EDS_CURR_STG,CTSAZSIMIPRDML01.293366D454BB.DATABASE.WINDOWS.NET,CentralRepository,dbo
ctsinazprdedssqlmi.inso1a101c37461fa.database.windows.net,EDS_PRD_PRDML_RSO_PUB,DATARETENTION_VW_COGNIZANT_CANDIDATE_DETAILS_STG_CURR,EDS_CURR_STG,CTSAZSIMIPRDML01.293366D454BB.DATABASE.WINDOWS.NET,CentralRepository,dbo
ctsinazprdedssqlmi.inso1a101c37461fa.database.windows.net,EDS_PRD_PRDML_RSO_PUB,DataRetention_vw_Ref_Region_FY_stg_curr,EDS_CURR_STG,CTSAZSIMIPRDML01.293366D454BB.DATABASE.WINDOWS.NET,CentralRepository,dbo
ctsinazprdedssqlmi.inso1a101c37461fa.database.windows.net,EDS_PRD_PRDML_RSO_PUB,DataRetention_VW_RETENTION_SCHEDULE_BUSINESSLOGIC_STG_CURR,EDS_CURR_STG,CTSAZSIMIPRDML01.293366D454BB.DATABASE.WINDOWS.NET,CentralRepository,dbo
ctsinazprdedssqlmi.inso1a101c37461fa.database.windows.net,EDS_PRD_PRDML_RSO_PUB,DATARETENTION_VW_TRAVEL_HISTORY_STG_CURR,EDS_CURR_STG,CTSAZSIMIPRDML01.293366D454BB.DATABASE.WINDOWS.NET,CentralRepository,dbo
ctsinazprdedssqlmi.inso1a101c37461fa.database.windows.net,EDS_PRD_PRDML_RSO_PUB,ESA_PS_CTS_RM_RL_HSTRY_STG_CURR,EDS_CURR_STG,CTSAZSIMIPRDML01.293366D454BB.DATABASE.WINDOWS.NET,CentralRepository,dbo
ctsinazprdedssqlmi.inso1a101c37461fa.database.windows.net,EDS_PRD_PRDML_RSO_PUB,HCM_PF_Associate_Skills_STG_CURR,EDS_CURR_STG,CTSAZSIMIPRDML01.293366D454BB.DATABASE.WINDOWS.NET,CentralRepository,dbo
ctsinazprdedssqlmi.inso1a101c37461fa.database.windows.net,EDS_PRD_PRDML_RSO_PUB,HCM_PF_ParentChildMapping_STG_CURR_MIG,CRS_BASE_TBL,CTSAZSIMIPRDML01.293366D454BB.DATABASE.WINDOWS.NET,CentralRepository,dbo
ctsinazprdedssqlmi.inso1a101c37461fa.database.windows.net,EDS_PRD_PRDML_RSO_PUB,HCM_PF_SKILL_CAT_ITEMS_STG_CURR_MIG,CRS_BASE_TBL,CTSAZSIMIPRDML01.293366D454BB.DATABASE.WINDOWS.NET,CentralRepository,dbo
ctsinazprdedssqlmi.inso1a101c37461fa.database.windows.net,EDS_PRD_PRDML_RSO_PUB,HCM_PS_COUNTRY_TBL_STG_CURR,EDS_CURR_STG,CTSAZSIMIPRDML01.293366D454BB.DATABASE.WINDOWS.NET,CentralRepository,dbo
ctsinazprdedssqlmi.inso1a101c37461fa.database.windows.net,EDS_PRD_PRDML_RSO_PUB,HCM_PS_CT_DEPT_TYPE_STG_CURR,EDS_CURR_STG,CTSAZSIMIPRDML01.293366D454BB.DATABASE.WINDOWS.NET,CentralRepository,dbo
ctsinazprdedssqlmi.inso1a101c37461fa.database.windows.net,EDS_PRD_PRDML_RSO_PUB,HCM_PS_DEPT_TBL_STG_CURR,EDS_CURR_STG,CTSAZSIMIPRDML01.293366D454BB.DATABASE.WINDOWS.NET,CentralRepository,dbo
ctsinazprdedssqlmi.inso1a101c37461fa.database.windows.net,EDS_PRD_PRDML_RSO_PUB,HCM_PS_JOB_TASK_TBL_STG_CURR,EDS_CURR_STG,CTSAZSIMIPRDML01.293366D454BB.DATABASE.WINDOWS.NET,CentralRepository,dbo
ctsinazprdedssqlmi.inso1a101c37461fa.database.windows.net,EDS_PRD_PRDML_RSO_PUB,HCM_PS_JOBCODE_TBL_STG_CURR,EDS_CURR_STG,CTSAZSIMIPRDML01.293366D454BB.DATABASE.WINDOWS.NET,CentralRepository,dbo
ctsinazprdedssqlmi.inso1a101c37461fa.database.windows.net,EDS_PRD_PRDML_RSO_PUB,HCM_PS_JPM_CAT_ITEMS_STG_CURR,EDS_CURR_STG,CTSAZSIMIPRDML01.293366D454BB.DATABASE.WINDOWS.NET,CentralRepository,dbo
ctsinazprdedssqlmi.inso1a101c37461fa.database.windows.net,EDS_PRD_PRDML_RSO_PUB,LMS_ACTFILTERS_STG_CURR,EDS_CURR_STG,CTSAZSIMIPRDML01.293366D454BB.DATABASE.WINDOWS.NET,CentralRepository,dbo
ctsinazprdedssqlmi.inso1a101c37461fa.database.windows.net,EDS_PRD_PRDML_RSO_PUB,LMS_DIMENSIONVALUE_STG_CURR,EDS_CURR_STG,CTSAZSIMIPRDML01.293366D454BB.DATABASE.WINDOWS.NET,CentralRepository,dbo
ctsinazprdedssqlmi.inso1a101c37461fa.database.windows.net,EDS_PRD_PRDML_RSO_PUB,LMS_DOMACT_STG_CURR,EDS_CURR_STG,CTSAZSIMIPRDML01.293366D454BB.DATABASE.WINDOWS.NET,CentralRepository,dbo
ctsinazprdedssqlmi.inso1a101c37461fa.database.windows.net,EDS_PRD_PRDML_RSO_PUB,LMS_MEDIAMANAGER_STG_CURR,EDS_CURR_STG,CTSAZSIMIPRDML01.293366D454BB.DATABASE.WINDOWS.NET,CentralRepository,dbo
ctsinazprdedssqlmi.inso1a101c37461fa.database.windows.net,EDS_PRD_PRDML_RSO_PUB,LMS_ORGANIZATION_STG_CURR,EDS_CURR_STG,CTSAZSIMIPRDML01.293366D454BB.DATABASE.WINDOWS.NET,CentralRepository,dbo
ctsinazprdedssqlmi.inso1a101c37461fa.database.windows.net,EDS_PRD_PRDML_RSO_PUB,LMS_PERSON_STG_CURR,EDS_CURR_STG,CTSAZSIMIPRDML01.293366D454BB.DATABASE.WINDOWS.NET,CentralRepository,dbo
ctsinazprdedssqlmi.inso1a101c37461fa.database.windows.net,EDS_PRD_PRDML_RSO_PUB,LMS_PERSONACQUIREDSKILL_STG_CURR,EDS_CURR_STG,CTSAZSIMIPRDML01.293366D454BB.DATABASE.WINDOWS.NET,CentralRepository,dbo
ctsinazprdedssqlmi.inso1a101c37461fa.database.windows.net,EDS_PRD_PRDML_RSO_PUB,LMS_SKILLMASTER_STG_CURR,EDS_CURR_STG,CTSAZSIMIPRDML01.293366D454BB.DATABASE.WINDOWS.NET,CentralRepository,dbo
ctsinazprdedssqlmi.inso1a101c37461fa.database.windows.net,EDS_PRD_PRDML_RSO_PUB,LMS_STG_CONVERTTIMEZONEDATA_STG_CURR,EDS_CURR_STG,CTSAZSIMIPRDML01.293366D454BB.DATABASE.WINDOWS.NET,CentralRepository,dbo
ctsinazprdedssqlmi.inso1a101c37461fa.database.windows.net,EDS_PRD_PRDML_RSO_PUB,LMS_STG_TIMEZONEDATA_STG_CURR,EDS_CURR_STG,CTSAZSIMIPRDML01.293366D454BB.DATABASE.WINDOWS.NET,CentralRepository,dbo
ctsinazprdedssqlmi.inso1a101c37461fa.database.windows.net,EDS_PRD_PRDML_RSO_PUB,LMS_STG_VIRTUALLABINFO_STG_CURR,EDS_CURR_STG,CTSAZSIMIPRDML01.293366D454BB.DATABASE.WINDOWS.NET,CentralRepository,dbo
ctsinazprdedssqlmi.inso1a101c37461fa.database.windows.net,EDS_PRD_PRDML_RSO_PUB,LMS_TBL_TMX_ACTAUD_STG_CURR,EDS_CURR_STG,CTSAZSIMIPRDML01.293366D454BB.DATABASE.WINDOWS.NET,CentralRepository,dbo
ctsinazprdedssqlmi.inso1a101c37461fa.database.windows.net,EDS_PRD_PRDML_RSO_PUB,LMS_TBL_TMX_ACTCBT_STG_CURR,EDS_CURR_STG,CTSAZSIMIPRDML01.293366D454BB.DATABASE.WINDOWS.NET,CentralRepository,dbo
ctsinazprdedssqlmi.inso1a101c37461fa.database.windows.net,EDS_PRD_PRDML_RSO_PUB,LMS_TBL_TMX_ACTIVITY_STG_CURR,EDS_CURR_STG,CTSAZSIMIPRDML01.293366D454BB.DATABASE.WINDOWS.NET,CentralRepository,dbo
ctsinazprdedssqlmi.inso1a101c37461fa.database.windows.net,EDS_PRD_PRDML_RSO_PUB,LMS_TBL_TMX_ACTMETADATA_STG_CURR,EDS_CURR_STG,CTSAZSIMIPRDML01.293366D454BB.DATABASE.WINDOWS.NET,CentralRepository,dbo
ctsinazprdedssqlmi.inso1a101c37461fa.database.windows.net,EDS_PRD_PRDML_RSO_PUB,LMS_TBL_TMX_ATTEMPT_STG_CURR,EDS_CURR_STG,CTSAZSIMIPRDML01.293366D454BB.DATABASE.WINDOWS.NET,CentralRepository,dbo
ctsinazprdedssqlmi.inso1a101c37461fa.database.windows.net,EDS_PRD_PRDML_RSO_PUB,LMS_TBL_TMX_AUDIENCE_STG_CURR,EDS_CURR_STG,CTSAZSIMIPRDML01.293366D454BB.DATABASE.WINDOWS.NET,CentralRepository,dbo
ctsinazprdedssqlmi.inso1a101c37461fa.database.windows.net,EDS_PRD_PRDML_RSO_PUB,LMS_TBL_TMX_DATASETUSERS_STG_CURR,EDS_CURR_STG,CTSAZSIMIPRDML01.293366D454BB.DATABASE.WINDOWS.NET,CentralRepository,dbo
ctsinazprdedssqlmi.inso1a101c37461fa.database.windows.net,EDS_PRD_PRDML_RSO_PUB,LMS_TBL_TMX_REGISTRATION_STG_CURR,EDS_CURR_STG,CTSAZSIMIPRDML01.293366D454BB.DATABASE.WINDOWS.NET,CentralRepository,dbo
ctsinazprdedssqlmi.inso1a101c37461fa.database.windows.net,EDS_PRD_PRDML_RSO_PUB,LMS_TBL_TMX_RULESETAUD_STG_CURR,EDS_CURR_STG,CTSAZSIMIPRDML01.293366D454BB.DATABASE.WINDOWS.NET,CentralRepository,dbo
ctsinazprdedssqlmi.inso1a101c37461fa.database.windows.net,EDS_PRD_PRDML_RSO_PUB,LMS_TBL_TMX_RULESETDATASET_STG_CURR,EDS_CURR_STG,CTSAZSIMIPRDML01.293366D454BB.DATABASE.WINDOWS.NET,CentralRepository,dbo
ctsinazprdedssqlmi.inso1a101c37461fa.database.windows.net,EDS_PRD_PRDML_RSO_PUB,LMS_TBL_TMX_USERREQUIREDACT_STG_CURR,EDS_CURR_STG,CTSAZSIMIPRDML01.293366D454BB.DATABASE.WINDOWS.NET,CentralRepository,dbo
ctsinazprdedssqlmi.inso1a101c37461fa.database.windows.net,EDS_PRD_PRDML_RSO_PUB,MySkills_MS_DemandUnit_Master_STG_CURR,EDS_CURR_STG,CTSAZSIMIPRDML01.293366D454BB.DATABASE.WINDOWS.NET,CentralRepository,dbo
ctsinazprdedssqlmi.inso1a101c37461fa.database.windows.net,EDS_PRD_PRDML_RSO_PUB,MySkills_MS_DemandUnit_Skills_STG_CURR,EDS_CURR_STG,CTSAZSIMIPRDML01.293366D454BB.DATABASE.WINDOWS.NET,CentralRepository,dbo
ctsinazprdedssqlmi.inso1a101c37461fa.database.windows.net,EDS_PRD_PRDML_RSO_PUB,MySkills_MS_Service_Master_STG_CURR,EDS_CURR_STG,CTSAZSIMIPRDML01.293366D454BB.DATABASE.WINDOWS.NET,CentralRepository,dbo
ctsinazprdedssqlmi.inso1a101c37461fa.database.windows.net,EDS_PRD_PRDML_RSO_PUB,MySkills_MS_SkillCluster_Master_STG_CURR,EDS_CURR_STG,CTSAZSIMIPRDML01.293366D454BB.DATABASE.WINDOWS.NET,CentralRepository,dbo
ctsinazprdedssqlmi.inso1a101c37461fa.database.windows.net,EDS_PRD_PRDML_RSO_PUB,MySkills_MS_SkillCluster_Practices_STG_CURR,EDS_CURR_STG,CTSAZSIMIPRDML01.293366D454BB.DATABASE.WINDOWS.NET,CentralRepository,dbo
ctsinazprdedssqlmi.inso1a101c37461fa.database.windows.net,EDS_PRD_PRDML_RSO_PUB,MySkills_MS_SkillCluster_Services_STG_CURR,EDS_CURR_STG,CTSAZSIMIPRDML01.293366D454BB.DATABASE.WINDOWS.NET,CentralRepository,dbo
ctsinazprdedssqlmi.inso1a101c37461fa.database.windows.net,EDS_PRD_PRDML_RSO_PUB,MySkills_MS_SkillCluster_Skills_STG_CURR,EDS_CURR_STG,CTSAZSIMIPRDML01.293366D454BB.DATABASE.WINDOWS.NET,CentralRepository,dbo
ctsinazprdedssqlmi.inso1a101c37461fa.database.windows.net,EDS_PRD_PRDML_RSO_PUB,PRISM_HRMS_FINAL,EDS_STG_PROV,CTSAZSIMIPRDML01.293366D454BB.DATABASE.WINDOWS.NET,CentralRepository,dbo
ctsinazprdedssqlmi.inso1a101c37461fa.database.windows.net,EDS_PRD_PRDML_RSO_PUB,Apple_Table_test_EDS,EDS_CURR_STG,CTSAZSIMIPRDML01.293366D454BB.DATABASE.WINDOWS.NET,CentralRepository,dbo
ctsinazprdedssqlmi.inso1a101c37461fa.database.windows.net,EDS_PRD_PRDML_RSO_PUB,CentralRepository_Associate_Details_MIG,CRS_BASE_TBL,CTSAZSIMIPRDML01.293366D454BB.DATABASE.WINDOWS.NET,CentralRepository,dbo
ctsinazprdedssqlmi.inso1a101c37461fa.database.windows.net,EDS_PRD_PRDML_RSO_PUB,CentralRepository_Associate_Skills_MIG,CRS_BASE_TBL,CTSAZSIMIPRDML01.293366D454BB.DATABASE.WINDOWS.NET,CentralRepository,dbo
ctsinazprdedssqlmi.inso1a101c37461fa.database.windows.net,EDS_PRD_PRDML_RSO_PUB,CentralRepository_ESA_Allocation_MIG,CRS_BASE_TBL,CTSAZSIMIPRDML01.293366D454BB.DATABASE.WINDOWS.NET,CentralRepository,dbo
ctsinazprdedssqlmi.inso1a101c37461fa.database.windows.net,EDS_PRD_PRDML_SNAP_PUB,MySkills_UserSkillingPath_STG_CURR,EDS_CURR_STG,CTSAZSIMIPRDML01.293366D454BB.DATABASE.WINDOWS.NET,CentralRepository,dbo
ctsinazprdedssqlmi.inso1a101c37461fa.database.windows.net,EDS_PRD_PTM1_PFD_PAAS_SNAP_PUB,CentralRepository_JobFamilyMaster_MIG,CRS_BASE_TBL,CTSAZSIMICRSMAS.INSO1A101C37461FA.DATABASE.WINDOWS.NET,ent_data_store_sub,dbo
ctsinazprdedssqlmi.inso1a101c37461fa.database.windows.net,EDS_PRD_PTM1_PFD_PAAS_SNAP_PUB,DataRetention_RegionDataRetentionRule_STG_CURR,EDS_CURR_STG,CTSAZSIMICRSMAS.INSO1A101C37461FA.DATABASE.WINDOWS.NET,ent_data_store_sub,dbo
ctsinazprdedssqlmi.inso1a101c37461fa.database.windows.net,EDS_PRD_PTM1_PFD_PAAS_SNAP_PUB,CentralRepository_Project_Location_MIG,CRS_BASE_TBL,CTSAZSIMIPTM1.293366D454BB.DATABASE.WINDOWS.NET,CentralRepository,dbo
ctsinazprdedssqlmi.inso1a101c37461fa.database.windows.net,EDS_PRD_PTM1_PFD_PAAS_SNAP_PUB,CentralRepository_PassportDetails_MIG,CRS_BASE_TBL,CTSAZSIMIPTM1.293366D454BB.DATABASE.WINDOWS.NET,CentralRepository,dbo
ctsinazprdedssqlmi.inso1a101c37461fa.database.windows.net,EDS_PRD_PTM1_PFD_PAAS_SNAP_PUB,CentralRepository_AssociatePool_MIG,CRS_BASE_TBL,CTSAZSIMICRSMAS.INSO1A101C37461FA.DATABASE.WINDOWS.NET,ent_data_store_sub,dbo
ctsinazprdedssqlmi.inso1a101c37461fa.database.windows.net,EDS_PRD_PTM1_PFD_PAAS_SNAP_PUB,CentralRepository_RHMS_RoleDetails_MIG,CRS_BASE_TBL,CTSAZSIMIPTM1.293366D454BB.DATABASE.WINDOWS.NET,CentralRepository,dbo
ctsinazprdedssqlmi.inso1a101c37461fa.database.windows.net,EDS_PRD_PTM1_PFD_PAAS_SNAP_PUB,SFDC_Account_STG_CURR,EDS_CURR_STG,CTSAZSIMIPFD.INSO1A101C37461FA.DATABASE.WINDOWS.NET,CentralRepository,dbo
ctsinazprdedssqlmi.inso1a101c37461fa.database.windows.net,EDS_PRD_PTM1_PFD_PAAS_SNAP_PUB,CentralRepository_Project_Location_MIG,CRS_BASE_TBL,CTSAZSIMIPFD.INSO1A101C37461FA.DATABASE.WINDOWS.NET,CentralRepository,dbo
ctsinazprdedssqlmi.inso1a101c37461fa.database.windows.net,EDS_PRD_PTM1_PFD_PAAS_SNAP_PUB,SFDC_Financial_Ultimate_Parent_Account_STG_CURR,EDS_CURR_STG,CTSAZSIMIPFD.INSO1A101C37461FA.DATABASE.WINDOWS.NET,CentralRepository,dbo
ctsinazprdedssqlmi.inso1a101c37461fa.database.windows.net,EDS_PRD_PTM1_PFD_PAAS_SNAP_PUB,CentralRepository_SelfUpdateContacts_MIG,CRS_BASE_TBL,CTSAZSIMICRSMAS.INSO1A101C37461FA.DATABASE.WINDOWS.NET,ent_data_store_sub,dbo
ctsinazprdedssqlmi.inso1a101c37461fa.database.windows.net,EDS_PRD_PTM1_PFD_PAAS_SNAP_PUB,CentralRepository_DepartmentVerticalMapping,CRS_BASE_TBL,CTSAZSIMICRSMAS.INSO1A101C37461FA.DATABASE.WINDOWS.NET,ent_data_store_sub,dbo
ctsinazprdedssqlmi.inso1a101c37461fa.database.windows.net,EDS_PRD_PTM1_PFD_PAAS_SNAP_PUB,CentralRepository_Set_ProjectStatus_MIG,CRS_BASE_TBL,CTSAZSIMIPTM1.293366D454BB.DATABASE.WINDOWS.NET,CentralRepository,dbo
ctsinazprdedssqlmi.inso1a101c37461fa.database.windows.net,EDS_PRD_PTM1_PFD_PAAS_SNAP_PUB,DataRetention_AssociateRetentionRecord_STG_CURR,EDS_CURR_STG,CTSAZSIMIPFD.INSO1A101C37461FA.DATABASE.WINDOWS.NET,CentralRepository,dbo
ctsinazprdedssqlmi.inso1a101c37461fa.database.windows.net,EDS_PRD_PTM1_PFD_PAAS_SNAP_PUB,SFDC_Financial_Ultimate_Parent_Account_STG_CURR,EDS_CURR_STG,CTSAZSIMICRSMAS.INSO1A101C37461FA.DATABASE.WINDOWS.NET,ent_data_store_sub,dbo
ctsinazprdedssqlmi.inso1a101c37461fa.database.windows.net,EDS_PRD_PTM1_PFD_PAAS_SNAP_PUB,CentralRepository_Grade_Master_MIG,CRS_BASE_TBL,CTSAZSIMIPFD.INSO1A101C37461FA.DATABASE.WINDOWS.NET,CentralRepository,dbo
ctsinazprdedssqlmi.inso1a101c37461fa.database.windows.net,EDS_PRD_PTM1_PFD_PAAS_SNAP_PUB,CentralRepository_PassportDetails_MIG,CRS_BASE_TBL,CTSAZSIMIPFD.INSO1A101C37461FA.DATABASE.WINDOWS.NET,CentralRepository,dbo
ctsinazprdedssqlmi.inso1a101c37461fa.database.windows.net,EDS_PRD_PTM1_PFD_PAAS_SNAP_PUB,LM_vw_LocationMaster_STG_CURR,EDS_CURR_STG,CTSAZSIMIPTM1.293366D454BB.DATABASE.WINDOWS.NET,CentralRepository,dbo
ctsinazprdedssqlmi.inso1a101c37461fa.database.windows.net,EDS_PRD_PTM1_PFD_PAAS_SNAP_PUB,HCM_PS_DEPT_TBL_STG_CURR,EDS_CURR_STG,CTSAZSIMIPTM1.293366D454BB.DATABASE.WINDOWS.NET,CentralRepository,dbo
ctsinazprdedssqlmi.inso1a101c37461fa.database.windows.net,EDS_PRD_PTM1_PFD_PAAS_SNAP_PUB,CentralRepository_Project_MIG,CRS_BASE_TBL,CTSAZSIMICRSMAS.INSO1A101C37461FA.DATABASE.WINDOWS.NET,ent_data_store_sub,dbo
ctsinazprdedssqlmi.inso1a101c37461fa.database.windows.net,EDS_PRD_PTM1_PFD_PAAS_SNAP_PUB,HCM_PF_ParentChildMapping_STG_CURR_MIG,CRS_BASE_TBL,CTSAZSIMICRSMAS.INSO1A101C37461FA.DATABASE.WINDOWS.NET,ent_data_store_sub,dbo
ctsinazprdedssqlmi.inso1a101c37461fa.database.windows.net,EDS_PRD_PTM1_PFD_PAAS_SNAP_PUB,CentralRepository_RHMS_RoleDetails_MIG,CRS_BASE_TBL,CTSAZSIMIPFD.INSO1A101C37461FA.DATABASE.WINDOWS.NET,CentralRepository,dbo
ctsinazprdedssqlmi.inso1a101c37461fa.database.windows.net,EDS_PRD_PTM1_PFD_PAAS_SNAP_PUB,CentralRepository_Horizontal_master_MIG,CRS_BASE_TBL,CTSAZSIMIPFD.INSO1A101C37461FA.DATABASE.WINDOWS.NET,CentralRepository,dbo
ctsinazprdedssqlmi.inso1a101c37461fa.database.windows.net,EDS_PRD_PTM1_PFD_PAAS_SNAP_PUB,RHMS_tbl_EDS_RoleMaster_STG_CURR,EDS_CURR_STG,CTSAZSIMIPFD.INSO1A101C37461FA.DATABASE.WINDOWS.NET,CentralRepository,dbo
ctsinazprdedssqlmi.inso1a101c37461fa.database.windows.net,EDS_PRD_PTM1_PFD_PAAS_SNAP_PUB,ESA_PS_CTS_PC_DEPT_VW_STG_CURR,EDS_CURR_STG,CTSAZSIMIPFD.INSO1A101C37461FA.DATABASE.WINDOWS.NET,CentralRepository,dbo
ctsinazprdedssqlmi.inso1a101c37461fa.database.windows.net,EDS_PRD_PTM1_PFD_PAAS_SNAP_PUB,CENTRALREPOSITORY_CANDIDATEDETAILS_MIG,CRS_BASE_TBL,CTSAZSIMIPFD.INSO1A101C37461FA.DATABASE.WINDOWS.NET,CentralRepository,dbo
ctsinazprdedssqlmi.inso1a101c37461fa.database.windows.net,EDS_PRD_PTM1_PFD_PAAS_SNAP_PUB,HCM_PS_COUNTRY_TBL_STG_CURR,EDS_CURR_STG,CTSAZSIMICRSMAS.INSO1A101C37461FA.DATABASE.WINDOWS.NET,ent_data_store_sub,dbo
ctsinazprdedssqlmi.inso1a101c37461fa.database.windows.net,EDS_PRD_PTM1_PFD_PAAS_SNAP_PUB,ESA_PS_CTS_PC_SS_DELG_STG_CURR,EDS_CURR_STG,CTSAZSIMIPFD.INSO1A101C37461FA.DATABASE.WINDOWS.NET,CentralRepository,dbo
ctsinazprdedssqlmi.inso1a101c37461fa.database.windows.net,EDS_PRD_PTM1_PFD_PAAS_SNAP_PUB,HCM_PS_COUNTRY_TBL_STG_CURR,EDS_CURR_STG,CTSAZSIMIPTM1.293366D454BB.DATABASE.WINDOWS.NET,CentralRepository,dbo
ctsinazprdedssqlmi.inso1a101c37461fa.database.windows.net,EDS_PRD_PTM1_PFD_PAAS_SNAP_PUB,CentralRepository_Project_MIG,CRS_BASE_TBL,CTSAZSIMIPFD.INSO1A101C37461FA.DATABASE.WINDOWS.NET,CentralRepository,dbo
ctsinazprdedssqlmi.inso1a101c37461fa.database.windows.net,EDS_PRD_PTM1_PFD_PAAS_SNAP_PUB,CentralRepository_Grade_Master_MIG,CRS_BASE_TBL,CTSAZSIMIPTM1.293366D454BB.DATABASE.WINDOWS.NET,CentralRepository,dbo
ctsinazprdedssqlmi.inso1a101c37461fa.database.windows.net,EDS_PRD_PTM1_PFD_PAAS_SNAP_PUB,DataRetention_RegionDataRetentionRule_STG_CURR,EDS_CURR_STG,CTSAZSIMIPFD.INSO1A101C37461FA.DATABASE.WINDOWS.NET,CentralRepository,dbo
ctsinazprdedssqlmi.inso1a101c37461fa.database.windows.net,EDS_PRD_PTM1_PFD_PAAS_SNAP_PUB,HCM_PF_SKILL_CAT_ITEMS_STG_CURR_MIG,CRS_BASE_TBL,CTSAZSIMIPTM1.293366D454BB.DATABASE.WINDOWS.NET,CentralRepository,dbo
ctsinazprdedssqlmi.inso1a101c37461fa.database.windows.net,EDS_PRD_PTM1_PFD_PAAS_SNAP_PUB,ESA_PS_CTS_PRACTIC_TBL_STG_CURR,EDS_CURR_STG,CTSAZSIMIPFD.INSO1A101C37461FA.DATABASE.WINDOWS.NET,CentralRepository,dbo
ctsinazprdedssqlmi.inso1a101c37461fa.database.windows.net,EDS_PRD_PTM1_PFD_PAAS_SNAP_PUB,CentralRepository_RHMS_RoleDetails_MIG,CRS_BASE_TBL,CTSAZSIMICRSMAS.INSO1A101C37461FA.DATABASE.WINDOWS.NET,ent_data_store_sub,dbo
ctsinazprdedssqlmi.inso1a101c37461fa.database.windows.net,EDS_PRD_PTM1_PFD_PAAS_SNAP_PUB,CentralRepository_Contacts_MIG,CRS_BASE_TBL,CTSAZSIMICRSMAS.INSO1A101C37461FA.DATABASE.WINDOWS.NET,ent_data_store_sub,dbo
ctsinazprdedssqlmi.inso1a101c37461fa.database.windows.net,EDS_PRD_PTM1_PFD_PAAS_SNAP_PUB,CentralRepository_HolidayDate_MIG,CRS_BASE_TBL,CTSAZSIMIPTM1.293366D454BB.DATABASE.WINDOWS.NET,CentralRepository,dbo
ctsinazprdedssqlmi.inso1a101c37461fa.database.windows.net,EDS_PRD_PTM1_PFD_PAAS_SNAP_PUB,CentralRepository_PassportDetails_MIG,CRS_BASE_TBL,CTSAZSIMICRSMAS.INSO1A101C37461FA.DATABASE.WINDOWS.NET,ent_data_store_sub,dbo
ctsinazprdedssqlmi.inso1a101c37461fa.database.windows.net,EDS_PRD_PTM1_PFD_PAAS_SNAP_PUB,CentralRepository_Project_Location_MIG,CRS_BASE_TBL,CTSAZSIMICRSMAS.INSO1A101C37461FA.DATABASE.WINDOWS.NET,ent_data_store_sub,dbo
ctsinazprdedssqlmi.inso1a101c37461fa.database.windows.net,EDS_PRD_PTM1_PFD_PAAS_SNAP_PUB,HCM_PS_JOBCODE_TBL_STG_CURR,EDS_CURR_STG,CTSAZSIMIPFD.INSO1A101C37461FA.DATABASE.WINDOWS.NET,CentralRepository,dbo
ctsinazprdedssqlmi.inso1a101c37461fa.database.windows.net,EDS_PRD_PTM1_PFD_PAAS_SNAP_PUB,CentralRepository_DepartmentVerticalMapping,CRS_BASE_TBL,CTSAZSIMIPFD.INSO1A101C37461FA.DATABASE.WINDOWS.NET,CentralRepository,dbo
ctsinazprdedssqlmi.inso1a101c37461fa.database.windows.net,EDS_PRD_PTM1_PFD_PAAS_SNAP_PUB,CentralRepository_Contacts_MIG,CRS_BASE_TBL,CTSAZSIMIPTM1.293366D454BB.DATABASE.WINDOWS.NET,CentralRepository,dbo
ctsinazprdedssqlmi.inso1a101c37461fa.database.windows.net,EDS_PRD_PTM1_PFD_PAAS_SNAP_PUB,LM_vw_SetIDMaster_STG_CURR,EDS_CURR_STG,CTSAZSIMIPFD.INSO1A101C37461FA.DATABASE.WINDOWS.NET,CentralRepository,dbo
ctsinazprdedssqlmi.inso1a101c37461fa.database.windows.net,EDS_PRD_PTM1_PFD_PAAS_SNAP_PUB,LM_vw_SetIDMaster_STG_CURR,EDS_CURR_STG,CTSAZSIMIPTM1.293366D454BB.DATABASE.WINDOWS.NET,CentralRepository,dbo
ctsinazprdedssqlmi.inso1a101c37461fa.database.windows.net,EDS_PRD_PTM1_PFD_PAAS_SNAP_PUB,LM_vw_SetIDMaster_STG_CURR,EDS_CURR_STG,CTSAZSIMICRSMAS.INSO1A101C37461FA.DATABASE.WINDOWS.NET,ent_data_store_sub,dbo
ctsinazprdedssqlmi.inso1a101c37461fa.database.windows.net,EDS_PRD_PTM1_PFD_PAAS_SNAP_PUB,RHMS_tbl_EDS_BUVerticalEntityMasterData_STG_CURR,EDS_CURR_STG,CTSAZSIMIPFD.INSO1A101C37461FA.DATABASE.WINDOWS.NET,CentralRepository,dbo
ctsinazprdedssqlmi.inso1a101c37461fa.database.windows.net,EDS_PRD_PTM1_PFD_PAAS_SNAP_PUB,RHMS_tbl_EDS_BUVerticalEntityMasterData_STG_CURR,EDS_CURR_STG,CTSAZSIMIPTM1.293366D454BB.DATABASE.WINDOWS.NET,CentralRepository,dbo
ctsinazprdedssqlmi.inso1a101c37461fa.database.windows.net,EDS_PRD_PTM1_PFD_PAAS_SNAP_PUB,RHMS_tbl_EDS_BUVerticalEntityMasterData_STG_CURR,EDS_CURR_STG,CTSAZSIMICRSMAS.INSO1A101C37461FA.DATABASE.WINDOWS.NET,ent_data_store_sub,dbo
ctsinazprdedssqlmi.inso1a101c37461fa.database.windows.net,EDS_PRD_PTM1_PFD_PAAS_SNAP_PUB,RHMS_tbl_EDS_HorizontalToSLPA_Mapping_STG_CURR,EDS_CURR_STG,CTSAZSIMIPFD.INSO1A101C37461FA.DATABASE.WINDOWS.NET,CentralRepository,dbo
ctsinazprdedssqlmi.inso1a101c37461fa.database.windows.net,EDS_PRD_PTM1_PFD_PAAS_SNAP_PUB,RHMS_tbl_EDS_HorizontalToSLPA_Mapping_STG_CURR,EDS_CURR_STG,CTSAZSIMIPTM1.293366D454BB.DATABASE.WINDOWS.NET,CentralRepository,dbo
ctsinazprdedssqlmi.inso1a101c37461fa.database.windows.net,EDS_PRD_PTM1_PFD_PAAS_SNAP_PUB,RHMS_tbl_EDS_HorizontalToSLPA_Mapping_STG_CURR,EDS_CURR_STG,CTSAZSIMICRSMAS.INSO1A101C37461FA.DATABASE.WINDOWS.NET,ent_data_store_sub,dbo
ctsinazprdedssqlmi.inso1a101c37461fa.database.windows.net,EDS_PRD_PTM1_PFD_PAAS_SNAP_PUB,SEZ_VWGETLOCATIONDETAILS_STG_CURR,EDS_CURR_STG,CTSAZSIMIPFD.INSO1A101C37461FA.DATABASE.WINDOWS.NET,CentralRepository,dbo
ctsinazprdedssqlmi.inso1a101c37461fa.database.windows.net,EDS_PRD_PTM1_PFD_PAAS_SNAP_PUB,SEZ_VWGETLOCATIONDETAILS_STG_CURR,EDS_CURR_STG,CTSAZSIMIPTM1.293366D454BB.DATABASE.WINDOWS.NET,CentralRepository,dbo
ctsinazprdedssqlmi.inso1a101c37461fa.database.windows.net,EDS_PRD_PTM1_PFD_PAAS_SNAP_PUB,SEZ_VWGETLOCATIONDETAILS_STG_CURR,EDS_CURR_STG,CTSAZSIMICRSMAS.INSO1A101C37461FA.DATABASE.WINDOWS.NET,ent_data_store_sub,dbo
ctsinazprdedssqlmi.inso1a101c37461fa.database.windows.net,EDS_PRD_PTM1_PFD_PAAS_SNAP_PUB,CentralRepository_Department_TreeMaster_MIG,CRS_BASE_TBL,CTSAZSIMIPFD.INSO1A101C37461FA.DATABASE.WINDOWS.NET,CentralRepository,dbo
ctsinazprdedssqlmi.inso1a101c37461fa.database.windows.net,EDS_PRD_PTM1_PFD_PAAS_SNAP_PUB,CentralRepository_HolidayDate_MIG,CRS_BASE_TBL,CTSAZSIMIPFD.INSO1A101C37461FA.DATABASE.WINDOWS.NET,CentralRepository,dbo
ctsinazprdedssqlmi.inso1a101c37461fa.database.windows.net,EDS_PRD_PTM1_PFD_PAAS_SNAP_PUB,CentralRepository_GSMS_AssociateSeatInfo_MIG,CRS_BASE_TBL,CTSAZSIMICRSMAS.INSO1A101C37461FA.DATABASE.WINDOWS.NET,ent_data_store_sub,dbo
ctsinazprdedssqlmi.inso1a101c37461fa.database.windows.net,EDS_PRD_PTM1_PFD_PAAS_SNAP_PUB,CentralRepository_EAM_Leavedata_MIG,CRS_BASE_TBL,CTSAZSIMIPFD.INSO1A101C37461FA.DATABASE.WINDOWS.NET,CentralRepository,dbo
ctsinazprdedssqlmi.inso1a101c37461fa.database.windows.net,EDS_PRD_PTM1_PFD_PAAS_SNAP_PUB,CentralRepository_AssociateAddress_MIG,CRS_BASE_TBL,CTSAZSIMIPTM1.293366D454BB.DATABASE.WINDOWS.NET,CentralRepository,dbo
ctsinazprdedssqlmi.inso1a101c37461fa.database.windows.net,EDS_PRD_PTM1_PFD_PAAS_SNAP_PUB,CentralRepository_Associate_Details_MIG,CRS_BASE_TBL,CTSAZSIMIPTM1.293366D454BB.DATABASE.WINDOWS.NET,CentralRepository,dbo
ctsinazprdedssqlmi.inso1a101c37461fa.database.windows.net,EDS_PRD_PTM1_PFD_PAAS_SNAP_PUB,CentralRepository_Associate_Details_MIG,CRS_BASE_TBL,CTSAZSIMICRSMAS.INSO1A101C37461FA.DATABASE.WINDOWS.NET,ent_data_store_sub,dbo
ctsinazprdedssqlmi.inso1a101c37461fa.database.windows.net,EDS_PRD_PTM1_PFD_PAAS_SNAP_PUB,HCM_PS_BUS_UNIT_TBL_HR_STG_CURR,EDS_CURR_STG,CTSAZSIMICRSMAS.INSO1A101C37461FA.DATABASE.WINDOWS.NET,ent_data_store_sub,dbo
ctsinazprdedssqlmi.inso1a101c37461fa.database.windows.net,EDS_PRD_PTM1_PFD_PAAS_SNAP_PUB,RHMS_tbl_EDS_RoleMaster_STG_CURR,EDS_CURR_STG,CTSAZSIMICRSMAS.INSO1A101C37461FA.DATABASE.WINDOWS.NET,ent_data_store_sub,dbo
ctsinazprdedssqlmi.inso1a101c37461fa.database.windows.net,EDS_PRD_PTM1_PFD_PAAS_SNAP_PUB,ESA_PS_PROJECT_MGR_STG_CURR,EDS_CURR_STG,CTSAZSIMIPFD.INSO1A101C37461FA.DATABASE.WINDOWS.NET,CentralRepository,dbo
ctsinazprdedssqlmi.inso1a101c37461fa.database.windows.net,EDS_PRD_PTM1_PFD_PAAS_SNAP_PUB,CentralRepository_HCMLocation_MIG,CRS_BASE_TBL,CTSAZSIMIPFD.INSO1A101C37461FA.DATABASE.WINDOWS.NET,CentralRepository,dbo
ctsinazprdedssqlmi.inso1a101c37461fa.database.windows.net,EDS_PRD_PTM1_PFD_PAAS_SNAP_PUB,CentralRepository_Associate_Details_MIG,CRS_BASE_TBL,CTSAZSIMIPFD.INSO1A101C37461FA.DATABASE.WINDOWS.NET,CentralRepository,dbo
ctsinazprdedssqlmi.inso1a101c37461fa.database.windows.net,EDS_PRD_PTM1_PFD_PAAS_SNAP_PUB,CentralRepository_AssociatePool_MIG,CRS_BASE_TBL,CTSAZSIMIPFD.INSO1A101C37461FA.DATABASE.WINDOWS.NET,CentralRepository,dbo
ctsinazprdedssqlmi.inso1a101c37461fa.database.windows.net,EDS_PRD_PTM1_PFD_PAAS_SNAP_PUB,CentralRepository_GSMS_Master_MIG,CRS_BASE_TBL,CTSAZSIMIPFD.INSO1A101C37461FA.DATABASE.WINDOWS.NET,CentralRepository,dbo
ctsinazprdedssqlmi.inso1a101c37461fa.database.windows.net,EDS_PRD_PTM1_PFD_PAAS_SNAP_PUB,HCM_PS_BUS_UNIT_TBL_HR_STG_CURR,EDS_CURR_STG,CTSAZSIMIPTM1.293366D454BB.DATABASE.WINDOWS.NET,CentralRepository,dbo
ctsinazprdedssqlmi.inso1a101c37461fa.database.windows.net,EDS_PRD_PTM1_PFD_PAAS_SNAP_PUB,CentralRepository_SelfUpdateContacts_MIG,CRS_BASE_TBL,CTSAZSIMIPFD.INSO1A101C37461FA.DATABASE.WINDOWS.NET,CentralRepository,dbo
ctsinazprdedssqlmi.inso1a101c37461fa.database.windows.net,EDS_PRD_PTM1_PFD_PAAS_SNAP_PUB,SFDC_Opportunity_STG_CURR,EDS_CURR_STG,CTSAZSIMIPTM1.293366D454BB.DATABASE.WINDOWS.NET,CentralRepository,dbo
ctsinazprdedssqlmi.inso1a101c37461fa.database.windows.net,EDS_PRD_PTM1_PFD_PAAS_SNAP_PUB,CentralRepository_JOB_Reference_MIG,CRS_BASE_TBL,CTSAZSIMIPTM1.293366D454BB.DATABASE.WINDOWS.NET,CentralRepository,dbo
ctsinazprdedssqlmi.inso1a101c37461fa.database.windows.net,EDS_PRD_PTM1_PFD_PAAS_SNAP_PUB,CentralRepository_JobFamilyMaster_MIG,CRS_BASE_TBL,CTSAZSIMIPTM1.293366D454BB.DATABASE.WINDOWS.NET,CentralRepository,dbo
ctsinazprdedssqlmi.inso1a101c37461fa.database.windows.net,EDS_PRD_PTM1_PFD_PAAS_SNAP_PUB,CentralRepository_AssociateAddress_MIG,CRS_BASE_TBL,CTSAZSIMIPFD.INSO1A101C37461FA.DATABASE.WINDOWS.NET,CentralRepository,dbo
ctsinazprdedssqlmi.inso1a101c37461fa.database.windows.net,EDS_PRD_PTM1_PFD_PAAS_SNAP_PUB,LM_vw_LocationMaster_STG_CURR,EDS_CURR_STG,CTSAZSIMICRSMAS.INSO1A101C37461FA.DATABASE.WINDOWS.NET,ent_data_store_sub,dbo
ctsinazprdedssqlmi.inso1a101c37461fa.database.windows.net,EDS_PRD_PTM1_PFD_PAAS_SNAP_PUB,CentralRepository_Contacts_MIG,CRS_BASE_TBL,CTSAZSIMIPFD.INSO1A101C37461FA.DATABASE.WINDOWS.NET,CentralRepository,dbo
ctsinazprdedssqlmi.inso1a101c37461fa.database.windows.net,EDS_PRD_PTM1_PFD_PAAS_SNAP_PUB,CentralRepository_GSMS_AssociateSeatInfo_MIG,CRS_BASE_TBL,CTSAZSIMIPTM1.293366D454BB.DATABASE.WINDOWS.NET,CentralRepository,dbo
ctsinazprdedssqlmi.inso1a101c37461fa.database.windows.net,EDS_PRD_PTM1_PFD_PAAS_SNAP_PUB,CentralRepository_JOB_Reference_MIG,CRS_BASE_TBL,CTSAZSIMICRSMAS.INSO1A101C37461FA.DATABASE.WINDOWS.NET,ent_data_store_sub,dbo
ctsinazprdedssqlmi.inso1a101c37461fa.database.windows.net,EDS_PRD_PTM1_PFD_PAAS_SNAP_PUB,ESA_PS_CTS_PRACTIC_TBL_STG_CURR,EDS_CURR_STG,CTSAZSIMIPTM1.293366D454BB.DATABASE.WINDOWS.NET,CentralRepository,dbo
ctsinazprdedssqlmi.inso1a101c37461fa.database.windows.net,EDS_PRD_PTM1_PFD_PAAS_SNAP_PUB,ESA_PS_CTS_PRACTIC_TBL_STG_CURR,EDS_CURR_STG,CTSAZSIMICRSMAS.INSO1A101C37461FA.DATABASE.WINDOWS.NET,ent_data_store_sub,dbo
ctsinazprdedssqlmi.inso1a101c37461fa.database.windows.net,EDS_PRD_PTM1_PFD_PAAS_SNAP_PUB,SFDC_Opportunity_STG_CURR,EDS_CURR_STG,CTSAZSIMICRSMAS.INSO1A101C37461FA.DATABASE.WINDOWS.NET,ent_data_store_sub,dbo
ctsinazprdedssqlmi.inso1a101c37461fa.database.windows.net,EDS_PRD_PTM1_PFD_PAAS_SNAP_PUB,CentralRepository_Action_MIG,CRS_BASE_TBL,CTSAZSIMIPFD.INSO1A101C37461FA.DATABASE.WINDOWS.NET,CentralRepository,dbo
ctsinazprdedssqlmi.inso1a101c37461fa.database.windows.net,EDS_PRD_PTM1_PFD_PAAS_SNAP_PUB,CentralRepository_Action_MIG,CRS_BASE_TBL,CTSAZSIMIPTM1.293366D454BB.DATABASE.WINDOWS.NET,CentralRepository,dbo
ctsinazprdedssqlmi.inso1a101c37461fa.database.windows.net,EDS_PRD_PTM1_PFD_PAAS_SNAP_PUB,CentralRepository_Action_MIG,CRS_BASE_TBL,CTSAZSIMICRSMAS.INSO1A101C37461FA.DATABASE.WINDOWS.NET,ent_data_store_sub,dbo
ctsinazprdedssqlmi.inso1a101c37461fa.database.windows.net,EDS_PRD_PTM1_PFD_PAAS_SNAP_PUB,CentralRepository_Action_Reason_MIG,CRS_BASE_TBL,CTSAZSIMIPFD.INSO1A101C37461FA.DATABASE.WINDOWS.NET,CentralRepository,dbo
ctsinazprdedssqlmi.inso1a101c37461fa.database.windows.net,EDS_PRD_PTM1_PFD_PAAS_SNAP_PUB,CentralRepository_Action_Reason_MIG,CRS_BASE_TBL,CTSAZSIMIPTM1.293366D454BB.DATABASE.WINDOWS.NET,CentralRepository,dbo
ctsinazprdedssqlmi.inso1a101c37461fa.database.windows.net,EDS_PRD_PTM1_PFD_PAAS_SNAP_PUB,CentralRepository_Action_Reason_MIG,CRS_BASE_TBL,CTSAZSIMICRSMAS.INSO1A101C37461FA.DATABASE.WINDOWS.NET,ent_data_store_sub,dbo
ctsinazprdedssqlmi.inso1a101c37461fa.database.windows.net,EDS_PRD_PTM1_PFD_PAAS_SNAP_PUB,CentralRepository_AssociateNationality_MIG,CRS_BASE_TBL,CTSAZSIMIPFD.INSO1A101C37461FA.DATABASE.WINDOWS.NET,CentralRepository,dbo
ctsinazprdedssqlmi.inso1a101c37461fa.database.windows.net,EDS_PRD_PTM1_PFD_PAAS_SNAP_PUB,CentralRepository_AssociateNationality_MIG,CRS_BASE_TBL,CTSAZSIMIPTM1.293366D454BB.DATABASE.WINDOWS.NET,CentralRepository,dbo
ctsinazprdedssqlmi.inso1a101c37461fa.database.windows.net,EDS_PRD_PTM1_PFD_PAAS_SNAP_PUB,CentralRepository_AssociateNationality_MIG,CRS_BASE_TBL,CTSAZSIMICRSMAS.INSO1A101C37461FA.DATABASE.WINDOWS.NET,ent_data_store_sub,dbo
ctsinazprdedssqlmi.inso1a101c37461fa.database.windows.net,EDS_PRD_PTM1_PFD_PAAS_SNAP_PUB,CentralRepository_Cdeploy_Associateproposaldetails_MIG,CRS_BASE_TBL,CTSAZSIMIPFD.INSO1A101C37461FA.DATABASE.WINDOWS.NET,CentralRepository,dbo
ctsinazprdedssqlmi.inso1a101c37461fa.database.windows.net,EDS_PRD_PTM1_PFD_PAAS_SNAP_PUB,CentralRepository_Cdeploy_Associateproposaldetails_MIG,CRS_BASE_TBL,CTSAZSIMIPTM1.293366D454BB.DATABASE.WINDOWS.NET,CentralRepository,dbo
ctsinazprdedssqlmi.inso1a101c37461fa.database.windows.net,EDS_PRD_PTM1_PFD_PAAS_SNAP_PUB,CentralRepository_Cdeploy_Associateproposaldetails_MIG,CRS_BASE_TBL,CTSAZSIMICRSMAS.INSO1A101C37461FA.DATABASE.WINDOWS.NET,ent_data_store_sub,dbo
ctsinazprdedssqlmi.inso1a101c37461fa.database.windows.net,EDS_PRD_PTM1_PFD_PAAS_SNAP_PUB,CentralRepository_Company_Master_MIG,CRS_BASE_TBL,CTSAZSIMIPFD.INSO1A101C37461FA.DATABASE.WINDOWS.NET,CentralRepository,dbo
ctsinazprdedssqlmi.inso1a101c37461fa.database.windows.net,EDS_PRD_PTM1_PFD_PAAS_SNAP_PUB,CentralRepository_Company_Master_MIG,CRS_BASE_TBL,CTSAZSIMIPTM1.293366D454BB.DATABASE.WINDOWS.NET,CentralRepository,dbo
ctsinazprdedssqlmi.inso1a101c37461fa.database.windows.net,EDS_PRD_PTM1_PFD_PAAS_SNAP_PUB,CentralRepository_Company_Master_MIG,CRS_BASE_TBL,CTSAZSIMICRSMAS.INSO1A101C37461FA.DATABASE.WINDOWS.NET,ent_data_store_sub,dbo
ctsinazprdedssqlmi.inso1a101c37461fa.database.windows.net,EDS_PRD_PTM1_PFD_PAAS_SNAP_PUB,CentralRepository_DependentName_MIG,CRS_BASE_TBL,CTSAZSIMIPFD.INSO1A101C37461FA.DATABASE.WINDOWS.NET,CentralRepository,dbo
ctsinazprdedssqlmi.inso1a101c37461fa.database.windows.net,EDS_PRD_PTM1_PFD_PAAS_SNAP_PUB,CentralRepository_DependentName_MIG,CRS_BASE_TBL,CTSAZSIMIPTM1.293366D454BB.DATABASE.WINDOWS.NET,CentralRepository,dbo
ctsinazprdedssqlmi.inso1a101c37461fa.database.windows.net,EDS_PRD_PTM1_PFD_PAAS_SNAP_PUB,CentralRepository_DependentName_MIG,CRS_BASE_TBL,CTSAZSIMICRSMAS.INSO1A101C37461FA.DATABASE.WINDOWS.NET,ent_data_store_sub,dbo
ctsinazprdedssqlmi.inso1a101c37461fa.database.windows.net,EDS_PRD_PTM1_PFD_PAAS_SNAP_PUB,CentralRepository_DependentPhonenumber_MIG,CRS_BASE_TBL,CTSAZSIMIPFD.INSO1A101C37461FA.DATABASE.WINDOWS.NET,CentralRepository,dbo
ctsinazprdedssqlmi.inso1a101c37461fa.database.windows.net,EDS_PRD_PTM1_PFD_PAAS_SNAP_PUB,CentralRepository_DependentPhonenumber_MIG,CRS_BASE_TBL,CTSAZSIMIPTM1.293366D454BB.DATABASE.WINDOWS.NET,CentralRepository,dbo
ctsinazprdedssqlmi.inso1a101c37461fa.database.windows.net,EDS_PRD_PTM1_PFD_PAAS_SNAP_PUB,CentralRepository_DependentPhonenumber_MIG,CRS_BASE_TBL,CTSAZSIMICRSMAS.INSO1A101C37461FA.DATABASE.WINDOWS.NET,ent_data_store_sub,dbo
ctsinazprdedssqlmi.inso1a101c37461fa.database.windows.net,EDS_PRD_PTM1_PFD_PAAS_SNAP_PUB,CentralRepository_DependentRelationship_MIG,CRS_BASE_TBL,CTSAZSIMIPFD.INSO1A101C37461FA.DATABASE.WINDOWS.NET,CentralRepository,dbo
ctsinazprdedssqlmi.inso1a101c37461fa.database.windows.net,EDS_PRD_PTM1_PFD_PAAS_SNAP_PUB,CentralRepository_DependentRelationship_MIG,CRS_BASE_TBL,CTSAZSIMIPTM1.293366D454BB.DATABASE.WINDOWS.NET,CentralRepository,dbo
ctsinazprdedssqlmi.inso1a101c37461fa.database.windows.net,EDS_PRD_PTM1_PFD_PAAS_SNAP_PUB,CentralRepository_DependentRelationship_MIG,CRS_BASE_TBL,CTSAZSIMICRSMAS.INSO1A101C37461FA.DATABASE.WINDOWS.NET,ent_data_store_sub,dbo
ctsinazprdedssqlmi.inso1a101c37461fa.database.windows.net,EDS_PRD_PTM1_PFD_PAAS_SNAP_PUB,CentralRepository_HCM_CCA_Roles_MIG,CRS_BASE_TBL,CTSAZSIMIPFD.INSO1A101C37461FA.DATABASE.WINDOWS.NET,CentralRepository,dbo
ctsinazprdedssqlmi.inso1a101c37461fa.database.windows.net,EDS_PRD_PTM1_PFD_PAAS_SNAP_PUB,CentralRepository_HCM_CCA_Roles_MIG,CRS_BASE_TBL,CTSAZSIMIPTM1.293366D454BB.DATABASE.WINDOWS.NET,CentralRepository,dbo
ctsinazprdedssqlmi.inso1a101c37461fa.database.windows.net,EDS_PRD_PTM1_PFD_PAAS_SNAP_PUB,CentralRepository_HCM_CCA_Roles_MIG,CRS_BASE_TBL,CTSAZSIMICRSMAS.INSO1A101C37461FA.DATABASE.WINDOWS.NET,ent_data_store_sub,dbo
ctsinazprdedssqlmi.inso1a101c37461fa.database.windows.net,EDS_PRD_PTM1_PFD_PAAS_SNAP_PUB,Centralrepository_HCM_LeafLevelProficiency_MIG,CRS_BASE_TBL,CTSAZSIMIPFD.INSO1A101C37461FA.DATABASE.WINDOWS.NET,CentralRepository,dbo
ctsinazprdedssqlmi.inso1a101c37461fa.database.windows.net,EDS_PRD_PTM1_PFD_PAAS_SNAP_PUB,Centralrepository_HCM_LeafLevelProficiency_MIG,CRS_BASE_TBL,CTSAZSIMIPTM1.293366D454BB.DATABASE.WINDOWS.NET,CentralRepository,dbo
ctsinazprdedssqlmi.inso1a101c37461fa.database.windows.net,EDS_PRD_PTM1_PFD_PAAS_SNAP_PUB,Centralrepository_HCM_LeafLevelProficiency_MIG,CRS_BASE_TBL,CTSAZSIMICRSMAS.INSO1A101C37461FA.DATABASE.WINDOWS.NET,ent_data_store_sub,dbo
ctsinazprdedssqlmi.inso1a101c37461fa.database.windows.net,EDS_PRD_PTM1_PFD_PAAS_SNAP_PUB,CentralRepository_Jobtask_MIG,CRS_BASE_TBL,CTSAZSIMIPFD.INSO1A101C37461FA.DATABASE.WINDOWS.NET,CentralRepository,dbo
ctsinazprdedssqlmi.inso1a101c37461fa.database.windows.net,EDS_PRD_PTM1_PFD_PAAS_SNAP_PUB,CentralRepository_Jobtask_MIG,CRS_BASE_TBL,CTSAZSIMIPTM1.293366D454BB.DATABASE.WINDOWS.NET,CentralRepository,dbo
ctsinazprdedssqlmi.inso1a101c37461fa.database.windows.net,EDS_PRD_PTM1_PFD_PAAS_SNAP_PUB,CentralRepository_Jobtask_MIG,CRS_BASE_TBL,CTSAZSIMICRSMAS.INSO1A101C37461FA.DATABASE.WINDOWS.NET,ent_data_store_sub,dbo
ctsinazprdedssqlmi.inso1a101c37461fa.database.windows.net,EDS_PRD_PTM1_PFD_PAAS_SNAP_PUB,CentralRepository_JPMProfileItems_MIG,CRS_BASE_TBL,CTSAZSIMIPFD.INSO1A101C37461FA.DATABASE.WINDOWS.NET,CentralRepository,dbo
ctsinazprdedssqlmi.inso1a101c37461fa.database.windows.net,EDS_PRD_PTM1_PFD_PAAS_SNAP_PUB,CentralRepository_JPMProfileItems_MIG,CRS_BASE_TBL,CTSAZSIMIPTM1.293366D454BB.DATABASE.WINDOWS.NET,CentralRepository,dbo
ctsinazprdedssqlmi.inso1a101c37461fa.database.windows.net,EDS_PRD_PTM1_PFD_PAAS_SNAP_PUB,CentralRepository_JPMProfileItems_MIG,CRS_BASE_TBL,CTSAZSIMICRSMAS.INSO1A101C37461FA.DATABASE.WINDOWS.NET,ent_data_store_sub,dbo
ctsinazprdedssqlmi.inso1a101c37461fa.database.windows.net,EDS_PRD_PTM1_PFD_PAAS_SNAP_PUB,CentralRepository_MyTravel_Details_MIG,CRS_BASE_TBL,CTSAZSIMIPFD.INSO1A101C37461FA.DATABASE.WINDOWS.NET,CentralRepository,dbo
ctsinazprdedssqlmi.inso1a101c37461fa.database.windows.net,EDS_PRD_PTM1_PFD_PAAS_SNAP_PUB,CentralRepository_MyTravel_Details_MIG,CRS_BASE_TBL,CTSAZSIMIPTM1.293366D454BB.DATABASE.WINDOWS.NET,CentralRepository,dbo
ctsinazprdedssqlmi.inso1a101c37461fa.database.windows.net,EDS_PRD_PTM1_PFD_PAAS_SNAP_PUB,CentralRepository_MyTravel_Details_MIG,CRS_BASE_TBL,CTSAZSIMICRSMAS.INSO1A101C37461FA.DATABASE.WINDOWS.NET,ent_data_store_sub,dbo
ctsinazprdedssqlmi.inso1a101c37461fa.database.windows.net,EDS_PRD_PTM1_PFD_PAAS_SNAP_PUB,CentralRepository_XLAT_Translate_MIG,CRS_BASE_TBL,CTSAZSIMIPFD.INSO1A101C37461FA.DATABASE.WINDOWS.NET,CentralRepository,dbo
ctsinazprdedssqlmi.inso1a101c37461fa.database.windows.net,EDS_PRD_PTM1_PFD_PAAS_SNAP_PUB,CentralRepository_XLAT_Translate_MIG,CRS_BASE_TBL,CTSAZSIMIPTM1.293366D454BB.DATABASE.WINDOWS.NET,CentralRepository,dbo
ctsinazprdedssqlmi.inso1a101c37461fa.database.windows.net,EDS_PRD_PTM1_PFD_PAAS_SNAP_PUB,CentralRepository_XLAT_Translate_MIG,CRS_BASE_TBL,CTSAZSIMICRSMAS.INSO1A101C37461FA.DATABASE.WINDOWS.NET,ent_data_store_sub,dbo
ctsinazprdedssqlmi.inso1a101c37461fa.database.windows.net,EDS_PRD_PTM1_PFD_PAAS_SNAP_PUB,CHire_CandidateHiredDetail_STG_CURR,EDS_CURR_STG,CTSAZSIMIPFD.INSO1A101C37461FA.DATABASE.WINDOWS.NET,CentralRepository,dbo
ctsinazprdedssqlmi.inso1a101c37461fa.database.windows.net,EDS_PRD_PTM1_PFD_PAAS_SNAP_PUB,CHire_CandidateHiredDetail_STG_CURR,EDS_CURR_STG,CTSAZSIMIPTM1.293366D454BB.DATABASE.WINDOWS.NET,CentralRepository,dbo
ctsinazprdedssqlmi.inso1a101c37461fa.database.windows.net,EDS_PRD_PTM1_PFD_PAAS_SNAP_PUB,CHire_CandidateHiredDetail_STG_CURR,EDS_CURR_STG,CTSAZSIMICRSMAS.INSO1A101C37461FA.DATABASE.WINDOWS.NET,ent_data_store_sub,dbo
ctsinazprdedssqlmi.inso1a101c37461fa.database.windows.net,EDS_PRD_PTM1_PFD_PAAS_SNAP_PUB,ESA_PS_CTRM_STTAG_STUP_STG_CURR,EDS_CURR_STG,CTSAZSIMIPFD.INSO1A101C37461FA.DATABASE.WINDOWS.NET,CentralRepository,dbo
ctsinazprdedssqlmi.inso1a101c37461fa.database.windows.net,EDS_PRD_PTM1_PFD_PAAS_SNAP_PUB,ESA_PS_CTRM_STTAG_STUP_STG_CURR,EDS_CURR_STG,CTSAZSIMIPTM1.293366D454BB.DATABASE.WINDOWS.NET,CentralRepository,dbo
ctsinazprdedssqlmi.inso1a101c37461fa.database.windows.net,EDS_PRD_PTM1_PFD_PAAS_SNAP_PUB,ESA_PS_CTRM_STTAG_STUP_STG_CURR,EDS_CURR_STG,CTSAZSIMICRSMAS.INSO1A101C37461FA.DATABASE.WINDOWS.NET,ent_data_store_sub,dbo
ctsinazprdedssqlmi.inso1a101c37461fa.database.windows.net,EDS_PRD_PTM1_PFD_PAAS_SNAP_PUB,ESA_PS_CTS_FMS_HCM_DEP_STG_CURR,EDS_CURR_STG,CTSAZSIMIPFD.INSO1A101C37461FA.DATABASE.WINDOWS.NET,CentralRepository,dbo
ctsinazprdedssqlmi.inso1a101c37461fa.database.windows.net,EDS_PRD_PTM1_PFD_PAAS_SNAP_PUB,ESA_PS_CTS_FMS_HCM_DEP_STG_CURR,EDS_CURR_STG,CTSAZSIMIPTM1.293366D454BB.DATABASE.WINDOWS.NET,CentralRepository,dbo
ctsinazprdedssqlmi.inso1a101c37461fa.database.windows.net,EDS_PRD_PTM1_PFD_PAAS_SNAP_PUB,ESA_PS_CTS_FMS_HCM_DEP_STG_CURR,EDS_CURR_STG,CTSAZSIMICRSMAS.INSO1A101C37461FA.DATABASE.WINDOWS.NET,ent_data_store_sub,dbo
ctsinazprdedssqlmi.inso1a101c37461fa.database.windows.net,EDS_PRD_PTM1_PFD_PAAS_SNAP_PUB,ESA_PS_CTS_PC_SB_HR_MP_STG_CURR,EDS_CURR_STG,CTSAZSIMIPFD.INSO1A101C37461FA.DATABASE.WINDOWS.NET,CentralRepository,dbo
ctsinazprdedssqlmi.inso1a101c37461fa.database.windows.net,EDS_PRD_PTM1_PFD_PAAS_SNAP_PUB,ESA_PS_CTS_PC_SB_HR_MP_STG_CURR,EDS_CURR_STG,CTSAZSIMIPTM1.293366D454BB.DATABASE.WINDOWS.NET,CentralRepository,dbo
ctsinazprdedssqlmi.inso1a101c37461fa.database.windows.net,EDS_PRD_PTM1_PFD_PAAS_SNAP_PUB,ESA_PS_CTS_PC_SB_HR_MP_STG_CURR,EDS_CURR_STG,CTSAZSIMICRSMAS.INSO1A101C37461FA.DATABASE.WINDOWS.NET,ent_data_store_sub,dbo
ctsinazprdedssqlmi.inso1a101c37461fa.database.windows.net,EDS_PRD_PTM1_PFD_PAAS_SNAP_PUB,ESA_PS_CTS_RM_DPTPL_MP_STG_CURR,EDS_CURR_STG,CTSAZSIMIPFD.INSO1A101C37461FA.DATABASE.WINDOWS.NET,CentralRepository,dbo
ctsinazprdedssqlmi.inso1a101c37461fa.database.windows.net,EDS_PRD_PTM1_PFD_PAAS_SNAP_PUB,ESA_PS_CTS_RM_DPTPL_MP_STG_CURR,EDS_CURR_STG,CTSAZSIMIPTM1.293366D454BB.DATABASE.WINDOWS.NET,CentralRepository,dbo
ctsinazprdedssqlmi.inso1a101c37461fa.database.windows.net,EDS_PRD_PTM1_PFD_PAAS_SNAP_PUB,ESA_PS_CTS_RM_DPTPL_MP_STG_CURR,EDS_CURR_STG,CTSAZSIMICRSMAS.INSO1A101C37461FA.DATABASE.WINDOWS.NET,ent_data_store_sub,dbo
ctsinazprdedssqlmi.inso1a101c37461fa.database.windows.net,EDS_PRD_PTM1_PFD_PAAS_SNAP_PUB,ESA_PS_CTS_RM_RL_HSTRY_STG_CURR,EDS_CURR_STG,CTSAZSIMIPFD.INSO1A101C37461FA.DATABASE.WINDOWS.NET,CentralRepository,dbo
ctsinazprdedssqlmi.inso1a101c37461fa.database.windows.net,EDS_PRD_PTM1_PFD_PAAS_SNAP_PUB,ESA_PS_CTS_RM_RL_HSTRY_STG_CURR,EDS_CURR_STG,CTSAZSIMIPTM1.293366D454BB.DATABASE.WINDOWS.NET,CentralRepository,dbo
ctsinazprdedssqlmi.inso1a101c37461fa.database.windows.net,EDS_PRD_PTM1_PFD_PAAS_SNAP_PUB,ESA_PS_CTS_RM_RL_HSTRY_STG_CURR,EDS_CURR_STG,CTSAZSIMICRSMAS.INSO1A101C37461FA.DATABASE.WINDOWS.NET,ent_data_store_sub,dbo
ctsinazprdedssqlmi.inso1a101c37461fa.database.windows.net,EDS_PRD_PTM1_PFD_PAAS_SNAP_PUB,ESA_PS_CTS_TECHNLGY_VW_STG_CURR,EDS_CURR_STG,CTSAZSIMIPFD.INSO1A101C37461FA.DATABASE.WINDOWS.NET,CentralRepository,dbo
ctsinazprdedssqlmi.inso1a101c37461fa.database.windows.net,EDS_PRD_PTM1_PFD_PAAS_SNAP_PUB,ESA_PS_CTS_TECHNLGY_VW_STG_CURR,EDS_CURR_STG,CTSAZSIMIPTM1.293366D454BB.DATABASE.WINDOWS.NET,CentralRepository,dbo
ctsinazprdedssqlmi.inso1a101c37461fa.database.windows.net,EDS_PRD_PTM1_PFD_PAAS_SNAP_PUB,ESA_PS_CTS_TECHNLGY_VW_STG_CURR,EDS_CURR_STG,CTSAZSIMICRSMAS.INSO1A101C37461FA.DATABASE.WINDOWS.NET,ent_data_store_sub,dbo
ctsinazprdedssqlmi.inso1a101c37461fa.database.windows.net,EDS_PRD_PTM1_PFD_PAAS_SNAP_PUB,EUMS_V_EumsToCrsData_STG_CURR,EDS_CURR_STG,CTSAZSIMIPFD.INSO1A101C37461FA.DATABASE.WINDOWS.NET,CentralRepository,dbo
ctsinazprdedssqlmi.inso1a101c37461fa.database.windows.net,EDS_PRD_PTM1_PFD_PAAS_SNAP_PUB,EUMS_V_EumsToCrsData_STG_CURR,EDS_CURR_STG,CTSAZSIMIPTM1.293366D454BB.DATABASE.WINDOWS.NET,CentralRepository,dbo
ctsinazprdedssqlmi.inso1a101c37461fa.database.windows.net,EDS_PRD_PTM1_PFD_PAAS_SNAP_PUB,EUMS_V_EumsToCrsData_STG_CURR,EDS_CURR_STG,CTSAZSIMICRSMAS.INSO1A101C37461FA.DATABASE.WINDOWS.NET,ent_data_store_sub,dbo
ctsinazprdedssqlmi.inso1a101c37461fa.database.windows.net,EDS_PRD_PTM1_PFD_PAAS_SNAP_PUB,FMS_PS_RT_RATE_TBL_STG_CURR,EDS_CURR_STG,CTSAZSIMIPFD.INSO1A101C37461FA.DATABASE.WINDOWS.NET,CentralRepository,dbo
ctsinazprdedssqlmi.inso1a101c37461fa.database.windows.net,EDS_PRD_PTM1_PFD_PAAS_SNAP_PUB,FMS_PS_RT_RATE_TBL_STG_CURR,EDS_CURR_STG,CTSAZSIMIPTM1.293366D454BB.DATABASE.WINDOWS.NET,CentralRepository,dbo
ctsinazprdedssqlmi.inso1a101c37461fa.database.windows.net,EDS_PRD_PTM1_PFD_PAAS_SNAP_PUB,FMS_PS_RT_RATE_TBL_STG_CURR,EDS_CURR_STG,CTSAZSIMICRSMAS.INSO1A101C37461FA.DATABASE.WINDOWS.NET,ent_data_store_sub,dbo
ctsinazprdedssqlmi.inso1a101c37461fa.database.windows.net,EDS_PRD_PTM1_PFD_PAAS_SNAP_PUB,HCM_PS_CITIZEN_STS_TBL_STG_CURR,EDS_CURR_STG,CTSAZSIMIPFD.INSO1A101C37461FA.DATABASE.WINDOWS.NET,CentralRepository,dbo
ctsinazprdedssqlmi.inso1a101c37461fa.database.windows.net,EDS_PRD_PTM1_PFD_PAAS_SNAP_PUB,HCM_PS_CITIZEN_STS_TBL_STG_CURR,EDS_CURR_STG,CTSAZSIMIPTM1.293366D454BB.DATABASE.WINDOWS.NET,CentralRepository,dbo
ctsinazprdedssqlmi.inso1a101c37461fa.database.windows.net,EDS_PRD_PTM1_PFD_PAAS_SNAP_PUB,HCM_PS_CITIZEN_STS_TBL_STG_CURR,EDS_CURR_STG,CTSAZSIMICRSMAS.INSO1A101C37461FA.DATABASE.WINDOWS.NET,ent_data_store_sub,dbo
ctsinazprdedssqlmi.inso1a101c37461fa.database.windows.net,EDS_PRD_PTM1_PFD_PAAS_SNAP_PUB,HCM_PS_CM_ROLE_COMPS_STG_CURR,EDS_CURR_STG,CTSAZSIMIPFD.INSO1A101C37461FA.DATABASE.WINDOWS.NET,CentralRepository,dbo
ctsinazprdedssqlmi.inso1a101c37461fa.database.windows.net,EDS_PRD_PTM1_PFD_PAAS_SNAP_PUB,HCM_PS_CM_ROLE_COMPS_STG_CURR,EDS_CURR_STG,CTSAZSIMIPTM1.293366D454BB.DATABASE.WINDOWS.NET,CentralRepository,dbo
ctsinazprdedssqlmi.inso1a101c37461fa.database.windows.net,EDS_PRD_PTM1_PFD_PAAS_SNAP_PUB,HCM_PS_CM_ROLE_COMPS_STG_CURR,EDS_CURR_STG,CTSAZSIMICRSMAS.INSO1A101C37461FA.DATABASE.WINDOWS.NET,ent_data_store_sub,dbo
ctsinazprdedssqlmi.inso1a101c37461fa.database.windows.net,EDS_PRD_PTM1_PFD_PAAS_SNAP_PUB,HCM_PS_CT_CLUSTERSETUP_STG_CURR,EDS_CURR_STG,CTSAZSIMIPFD.INSO1A101C37461FA.DATABASE.WINDOWS.NET,CentralRepository,dbo
ctsinazprdedssqlmi.inso1a101c37461fa.database.windows.net,EDS_PRD_PTM1_PFD_PAAS_SNAP_PUB,HCM_PS_CT_CLUSTERSETUP_STG_CURR,EDS_CURR_STG,CTSAZSIMIPTM1.293366D454BB.DATABASE.WINDOWS.NET,CentralRepository,dbo
ctsinazprdedssqlmi.inso1a101c37461fa.database.windows.net,EDS_PRD_PTM1_PFD_PAAS_SNAP_PUB,HCM_PS_CT_CLUSTERSETUP_STG_CURR,EDS_CURR_STG,CTSAZSIMICRSMAS.INSO1A101C37461FA.DATABASE.WINDOWS.NET,ent_data_store_sub,dbo
ctsinazprdedssqlmi.inso1a101c37461fa.database.windows.net,EDS_PRD_PTM1_PFD_PAAS_SNAP_PUB,HCM_PS_CT_DEPT_TYPE_STG_CURR,EDS_CURR_STG,CTSAZSIMIPFD.INSO1A101C37461FA.DATABASE.WINDOWS.NET,CentralRepository,dbo
ctsinazprdedssqlmi.inso1a101c37461fa.database.windows.net,EDS_PRD_PTM1_PFD_PAAS_SNAP_PUB,HCM_PS_CT_DEPT_TYPE_STG_CURR,EDS_CURR_STG,CTSAZSIMIPTM1.293366D454BB.DATABASE.WINDOWS.NET,CentralRepository,dbo
ctsinazprdedssqlmi.inso1a101c37461fa.database.windows.net,EDS_PRD_PTM1_PFD_PAAS_SNAP_PUB,HCM_PS_CT_DEPT_TYPE_STG_CURR,EDS_CURR_STG,CTSAZSIMICRSMAS.INSO1A101C37461FA.DATABASE.WINDOWS.NET,ent_data_store_sub,dbo
ctsinazprdedssqlmi.inso1a101c37461fa.database.windows.net,EDS_PRD_PTM1_PFD_PAAS_SNAP_PUB,HCM_PS_CT_FIN_MIS_STUP_STG_CURR,EDS_CURR_STG,CTSAZSIMIPFD.INSO1A101C37461FA.DATABASE.WINDOWS.NET,CentralRepository,dbo
ctsinazprdedssqlmi.inso1a101c37461fa.database.windows.net,EDS_PRD_PTM1_PFD_PAAS_SNAP_PUB,HCM_PS_CT_FIN_MIS_STUP_STG_CURR,EDS_CURR_STG,CTSAZSIMIPTM1.293366D454BB.DATABASE.WINDOWS.NET,CentralRepository,dbo
ctsinazprdedssqlmi.inso1a101c37461fa.database.windows.net,EDS_PRD_PTM1_PFD_PAAS_SNAP_PUB,HCM_PS_CT_FIN_MIS_STUP_STG_CURR,EDS_CURR_STG,CTSAZSIMICRSMAS.INSO1A101C37461FA.DATABASE.WINDOWS.NET,ent_data_store_sub,dbo
ctsinazprdedssqlmi.inso1a101c37461fa.database.windows.net,EDS_PRD_PTM1_PFD_PAAS_SNAP_PUB,HCM_PS_CT_MA_EMP_CMPY_STG_CURR,EDS_CURR_STG,CTSAZSIMIPFD.INSO1A101C37461FA.DATABASE.WINDOWS.NET,CentralRepository,dbo
ctsinazprdedssqlmi.inso1a101c37461fa.database.windows.net,EDS_PRD_PTM1_PFD_PAAS_SNAP_PUB,HCM_PS_CT_MA_EMP_CMPY_STG_CURR,EDS_CURR_STG,CTSAZSIMIPTM1.293366D454BB.DATABASE.WINDOWS.NET,CentralRepository,dbo
ctsinazprdedssqlmi.inso1a101c37461fa.database.windows.net,EDS_PRD_PTM1_PFD_PAAS_SNAP_PUB,HCM_PS_CT_MA_EMP_CMPY_STG_CURR,EDS_CURR_STG,CTSAZSIMICRSMAS.INSO1A101C37461FA.DATABASE.WINDOWS.NET,ent_data_store_sub,dbo
ctsinazprdedssqlmi.inso1a101c37461fa.database.windows.net,EDS_PRD_PTM1_PFD_PAAS_SNAP_PUB,HCM_PS_CT_ODC_EMPL_TBL_STG_CURR,EDS_CURR_STG,CTSAZSIMIPFD.INSO1A101C37461FA.DATABASE.WINDOWS.NET,CentralRepository,dbo
ctsinazprdedssqlmi.inso1a101c37461fa.database.windows.net,EDS_PRD_PTM1_PFD_PAAS_SNAP_PUB,HCM_PS_CT_ODC_EMPL_TBL_STG_CURR,EDS_CURR_STG,CTSAZSIMIPTM1.293366D454BB.DATABASE.WINDOWS.NET,CentralRepository,dbo
ctsinazprdedssqlmi.inso1a101c37461fa.database.windows.net,EDS_PRD_PTM1_PFD_PAAS_SNAP_PUB,HCM_PS_CT_ODC_EMPL_TBL_STG_CURR,EDS_CURR_STG,CTSAZSIMICRSMAS.INSO1A101C37461FA.DATABASE.WINDOWS.NET,ent_data_store_sub,dbo
ctsinazprdedssqlmi.inso1a101c37461fa.database.windows.net,EDS_PRD_PTM1_PFD_PAAS_SNAP_PUB,HCM_PS_CT_STATE_TBL_VW_CRS_STG_CURR,EDS_CURR_STG,CTSAZSIMIPFD.INSO1A101C37461FA.DATABASE.WINDOWS.NET,CentralRepository,dbo
ctsinazprdedssqlmi.inso1a101c37461fa.database.windows.net,EDS_PRD_PTM1_PFD_PAAS_SNAP_PUB,HCM_PS_CT_STATE_TBL_VW_CRS_STG_CURR,EDS_CURR_STG,CTSAZSIMIPTM1.293366D454BB.DATABASE.WINDOWS.NET,CentralRepository,dbo
ctsinazprdedssqlmi.inso1a101c37461fa.database.windows.net,EDS_PRD_PTM1_PFD_PAAS_SNAP_PUB,HCM_PS_CT_STATE_TBL_VW_CRS_STG_CURR,EDS_CURR_STG,CTSAZSIMICRSMAS.INSO1A101C37461FA.DATABASE.WINDOWS.NET,ent_data_store_sub,dbo
ctsinazprdedssqlmi.inso1a101c37461fa.database.windows.net,EDS_PRD_PTM1_PFD_PAAS_SNAP_PUB,HCM_PS_JOB_TASK_TBL_STG_CURR,EDS_CURR_STG,CTSAZSIMIPFD.INSO1A101C37461FA.DATABASE.WINDOWS.NET,CentralRepository,dbo
ctsinazprdedssqlmi.inso1a101c37461fa.database.windows.net,EDS_PRD_PTM1_PFD_PAAS_SNAP_PUB,HCM_PS_JOB_TASK_TBL_STG_CURR,EDS_CURR_STG,CTSAZSIMIPTM1.293366D454BB.DATABASE.WINDOWS.NET,CentralRepository,dbo
ctsinazprdedssqlmi.inso1a101c37461fa.database.windows.net,EDS_PRD_PTM1_PFD_PAAS_SNAP_PUB,HCM_PS_JOB_TASK_TBL_STG_CURR,EDS_CURR_STG,CTSAZSIMICRSMAS.INSO1A101C37461FA.DATABASE.WINDOWS.NET,ent_data_store_sub,dbo
ctsinazprdedssqlmi.inso1a101c37461fa.database.windows.net,EDS_PRD_PTM1_PFD_PAAS_SNAP_PUB,HCM_PS_JPM_CAT_GMEMB_STG_CURR,EDS_CURR_STG,CTSAZSIMIPFD.INSO1A101C37461FA.DATABASE.WINDOWS.NET,CentralRepository,dbo
ctsinazprdedssqlmi.inso1a101c37461fa.database.windows.net,EDS_PRD_PTM1_PFD_PAAS_SNAP_PUB,HCM_PS_JPM_CAT_GMEMB_STG_CURR,EDS_CURR_STG,CTSAZSIMIPTM1.293366D454BB.DATABASE.WINDOWS.NET,CentralRepository,dbo
ctsinazprdedssqlmi.inso1a101c37461fa.database.windows.net,EDS_PRD_PTM1_PFD_PAAS_SNAP_PUB,HCM_PS_JPM_CAT_GMEMB_STG_CURR,EDS_CURR_STG,CTSAZSIMICRSMAS.INSO1A101C37461FA.DATABASE.WINDOWS.NET,ent_data_store_sub,dbo
ctsinazprdedssqlmi.inso1a101c37461fa.database.windows.net,EDS_PRD_PTM1_PFD_PAAS_SNAP_PUB,HCM_PS_JPM_CAT_GROUPS_STG_CURR,EDS_CURR_STG,CTSAZSIMIPFD.INSO1A101C37461FA.DATABASE.WINDOWS.NET,CentralRepository,dbo
ctsinazprdedssqlmi.inso1a101c37461fa.database.windows.net,EDS_PRD_PTM1_PFD_PAAS_SNAP_PUB,HCM_PS_JPM_CAT_GROUPS_STG_CURR,EDS_CURR_STG,CTSAZSIMIPTM1.293366D454BB.DATABASE.WINDOWS.NET,CentralRepository,dbo
ctsinazprdedssqlmi.inso1a101c37461fa.database.windows.net,EDS_PRD_PTM1_PFD_PAAS_SNAP_PUB,HCM_PS_JPM_CAT_GROUPS_STG_CURR,EDS_CURR_STG,CTSAZSIMICRSMAS.INSO1A101C37461FA.DATABASE.WINDOWS.NET,ent_data_store_sub,dbo
ctsinazprdedssqlmi.inso1a101c37461fa.database.windows.net,EDS_PRD_PTM1_PFD_PAAS_SNAP_PUB,HCM_PS_JPM_CAT_I_RLAT_STG_CURR,EDS_CURR_STG,CTSAZSIMIPFD.INSO1A101C37461FA.DATABASE.WINDOWS.NET,CentralRepository,dbo
ctsinazprdedssqlmi.inso1a101c37461fa.database.windows.net,EDS_PRD_PTM1_PFD_PAAS_SNAP_PUB,HCM_PS_JPM_CAT_I_RLAT_STG_CURR,EDS_CURR_STG,CTSAZSIMIPTM1.293366D454BB.DATABASE.WINDOWS.NET,CentralRepository,dbo
ctsinazprdedssqlmi.inso1a101c37461fa.database.windows.net,EDS_PRD_PTM1_PFD_PAAS_SNAP_PUB,HCM_PS_JPM_CAT_I_RLAT_STG_CURR,EDS_CURR_STG,CTSAZSIMICRSMAS.INSO1A101C37461FA.DATABASE.WINDOWS.NET,ent_data_store_sub,dbo
ctsinazprdedssqlmi.inso1a101c37461fa.database.windows.net,EDS_PRD_PTM1_PFD_PAAS_SNAP_PUB,HCM_PS_MAJOR_TBL_STG_CURR,EDS_CURR_STG,CTSAZSIMIPFD.INSO1A101C37461FA.DATABASE.WINDOWS.NET,CentralRepository,dbo
ctsinazprdedssqlmi.inso1a101c37461fa.database.windows.net,EDS_PRD_PTM1_PFD_PAAS_SNAP_PUB,HCM_PS_MAJOR_TBL_STG_CURR,EDS_CURR_STG,CTSAZSIMIPTM1.293366D454BB.DATABASE.WINDOWS.NET,CentralRepository,dbo
ctsinazprdedssqlmi.inso1a101c37461fa.database.windows.net,EDS_PRD_PTM1_PFD_PAAS_SNAP_PUB,HCM_PS_MAJOR_TBL_STG_CURR,EDS_CURR_STG,CTSAZSIMICRSMAS.INSO1A101C37461FA.DATABASE.WINDOWS.NET,ent_data_store_sub,dbo
ctsinazprdedssqlmi.inso1a101c37461fa.database.windows.net,EDS_PRD_PTM1_PFD_PAAS_SNAP_PUB,HCM_PS_NID_TYPE_TBL_STG_CURR,EDS_CURR_STG,CTSAZSIMIPFD.INSO1A101C37461FA.DATABASE.WINDOWS.NET,CentralRepository,dbo
ctsinazprdedssqlmi.inso1a101c37461fa.database.windows.net,EDS_PRD_PTM1_PFD_PAAS_SNAP_PUB,HCM_PS_NID_TYPE_TBL_STG_CURR,EDS_CURR_STG,CTSAZSIMIPTM1.293366D454BB.DATABASE.WINDOWS.NET,CentralRepository,dbo
ctsinazprdedssqlmi.inso1a101c37461fa.database.windows.net,EDS_PRD_PTM1_PFD_PAAS_SNAP_PUB,HCM_PS_NID_TYPE_TBL_STG_CURR,EDS_CURR_STG,CTSAZSIMICRSMAS.INSO1A101C37461FA.DATABASE.WINDOWS.NET,ent_data_store_sub,dbo
ctsinazprdedssqlmi.inso1a101c37461fa.database.windows.net,EDS_PRD_PTM1_PFD_PAAS_SNAP_PUB,HCM_PS_PERS_NID_STG_CURR,EDS_CURR_STG,CTSAZSIMIPFD.INSO1A101C37461FA.DATABASE.WINDOWS.NET,CentralRepository,dbo
ctsinazprdedssqlmi.inso1a101c37461fa.database.windows.net,EDS_PRD_PTM1_PFD_PAAS_SNAP_PUB,HCM_PS_PERS_NID_STG_CURR,EDS_CURR_STG,CTSAZSIMIPTM1.293366D454BB.DATABASE.WINDOWS.NET,CentralRepository,dbo
ctsinazprdedssqlmi.inso1a101c37461fa.database.windows.net,EDS_PRD_PTM1_PFD_PAAS_SNAP_PUB,HCM_PS_PERS_NID_STG_CURR,EDS_CURR_STG,CTSAZSIMICRSMAS.INSO1A101C37461FA.DATABASE.WINDOWS.NET,ent_data_store_sub,dbo
ctsinazprdedssqlmi.inso1a101c37461fa.database.windows.net,EDS_PRD_PTM1_PFD_PAAS_SNAP_PUB,HCM_PS_PRIORWORK_EXPER_STG_CURR,EDS_CURR_STG,CTSAZSIMIPFD.INSO1A101C37461FA.DATABASE.WINDOWS.NET,CentralRepository,dbo
ctsinazprdedssqlmi.inso1a101c37461fa.database.windows.net,EDS_PRD_PTM1_PFD_PAAS_SNAP_PUB,HCM_PS_PRIORWORK_EXPER_STG_CURR,EDS_CURR_STG,CTSAZSIMIPTM1.293366D454BB.DATABASE.WINDOWS.NET,CentralRepository,dbo
ctsinazprdedssqlmi.inso1a101c37461fa.database.windows.net,EDS_PRD_PTM1_PFD_PAAS_SNAP_PUB,HCM_PS_PRIORWORK_EXPER_STG_CURR,EDS_CURR_STG,CTSAZSIMICRSMAS.INSO1A101C37461FA.DATABASE.WINDOWS.NET,ent_data_store_sub,dbo
ctsinazprdedssqlmi.inso1a101c37461fa.database.windows.net,EDS_PRD_PTM1_PFD_PAAS_SNAP_PUB,HCM_PS_REG_REGION_TBL_STG_CURR,EDS_CURR_STG,CTSAZSIMIPFD.INSO1A101C37461FA.DATABASE.WINDOWS.NET,CentralRepository,dbo
ctsinazprdedssqlmi.inso1a101c37461fa.database.windows.net,EDS_PRD_PTM1_PFD_PAAS_SNAP_PUB,HCM_PS_REG_REGION_TBL_STG_CURR,EDS_CURR_STG,CTSAZSIMIPTM1.293366D454BB.DATABASE.WINDOWS.NET,CentralRepository,dbo
ctsinazprdedssqlmi.inso1a101c37461fa.database.windows.net,EDS_PRD_PTM1_PFD_PAAS_SNAP_PUB,HCM_PS_REG_REGION_TBL_STG_CURR,EDS_CURR_STG,CTSAZSIMICRSMAS.INSO1A101C37461FA.DATABASE.WINDOWS.NET,ent_data_store_sub,dbo
ctsinazprdedssqlmi.inso1a101c37461fa.database.windows.net,EDS_PRD_PTM1_PFD_PAAS_SNAP_PUB,HCM_PS_SETID_TBL_STG_CURR,EDS_CURR_STG,CTSAZSIMIPFD.INSO1A101C37461FA.DATABASE.WINDOWS.NET,CentralRepository,dbo
ctsinazprdedssqlmi.inso1a101c37461fa.database.windows.net,EDS_PRD_PTM1_PFD_PAAS_SNAP_PUB,HCM_PS_SETID_TBL_STG_CURR,EDS_CURR_STG,CTSAZSIMIPTM1.293366D454BB.DATABASE.WINDOWS.NET,CentralRepository,dbo
ctsinazprdedssqlmi.inso1a101c37461fa.database.windows.net,EDS_PRD_PTM1_PFD_PAAS_SNAP_PUB,HCM_PS_SETID_TBL_STG_CURR,EDS_CURR_STG,CTSAZSIMICRSMAS.INSO1A101C37461FA.DATABASE.WINDOWS.NET,ent_data_store_sub,dbo
ctsinazprdedssqlmi.inso1a101c37461fa.database.windows.net,EDS_PRD_PTM1_PFD_PAAS_SNAP_PUB,HCM_PS_VISA_PERMIT_TBL_STG_CURR,EDS_CURR_STG,CTSAZSIMIPFD.INSO1A101C37461FA.DATABASE.WINDOWS.NET,CentralRepository,dbo
ctsinazprdedssqlmi.inso1a101c37461fa.database.windows.net,EDS_PRD_PTM1_PFD_PAAS_SNAP_PUB,HCM_PS_VISA_PERMIT_TBL_STG_CURR,EDS_CURR_STG,CTSAZSIMIPTM1.293366D454BB.DATABASE.WINDOWS.NET,CentralRepository,dbo
ctsinazprdedssqlmi.inso1a101c37461fa.database.windows.net,EDS_PRD_PTM1_PFD_PAAS_SNAP_PUB,HCM_PS_VISA_PERMIT_TBL_STG_CURR,EDS_CURR_STG,CTSAZSIMICRSMAS.INSO1A101C37461FA.DATABASE.WINDOWS.NET,ent_data_store_sub,dbo
ctsinazprdedssqlmi.inso1a101c37461fa.database.windows.net,EDS_PRD_PTM1_PFD_PAAS_SNAP_PUB,LM_vw_ReplicationMaster_STG_CURR,EDS_CURR_STG,CTSAZSIMIPFD.INSO1A101C37461FA.DATABASE.WINDOWS.NET,CentralRepository,dbo
ctsinazprdedssqlmi.inso1a101c37461fa.database.windows.net,EDS_PRD_PTM1_PFD_PAAS_SNAP_PUB,LM_vw_ReplicationMaster_STG_CURR,EDS_CURR_STG,CTSAZSIMIPTM1.293366D454BB.DATABASE.WINDOWS.NET,CentralRepository,dbo
ctsinazprdedssqlmi.inso1a101c37461fa.database.windows.net,EDS_PRD_PTM1_PFD_PAAS_SNAP_PUB,LM_vw_ReplicationMaster_STG_CURR,EDS_CURR_STG,CTSAZSIMICRSMAS.INSO1A101C37461FA.DATABASE.WINDOWS.NET,ent_data_store_sub,dbo
ctsinazprdedssqlmi.inso1a101c37461fa.database.windows.net,EDS_PRD_PTM1_PFD_PAAS_SNAP_PUB,HCM_PS_CT_TM_TBL_GBL_STG_CURR,EDS_CURR_STG,CTSAZSIMIPFD.INSO1A101C37461FA.DATABASE.WINDOWS.NET,CentralRepository,dbo
ctsinazprdedssqlmi.inso1a101c37461fa.database.windows.net,EDS_PRD_PTM1_PFD_PAAS_SNAP_PUB,CentralRepository_HCM_RoleAttributes_MIG,CRS_BASE_TBL,CTSAZSIMIPFD.INSO1A101C37461FA.DATABASE.WINDOWS.NET,CentralRepository,dbo
ctsinazprdedssqlmi.inso1a101c37461fa.database.windows.net,EDS_PRD_PTM1_PFD_PAAS_SNAP_PUB,CHIRE_REQUISITIONDETAILS_STG_CURR,EDS_CURR_STG,CTSAZSIMIPTM1.293366D454BB.DATABASE.WINDOWS.NET,CentralRepository,dbo
ctsinazprdedssqlmi.inso1a101c37461fa.database.windows.net,EDS_PRD_PTM1_PFD_PAAS_SNAP_PUB,TMP_vw_TMP_CRS_Proposal_Details_STG_CURR,EDS_CURR_STG,CTSAZSIMIPFD.INSO1A101C37461FA.DATABASE.WINDOWS.NET,CentralRepository,dbo
ctsinazprdedssqlmi.inso1a101c37461fa.database.windows.net,EDS_PRD_PTM1_PFD_PAAS_SNAP_PUB,CHIRE_REQUISITIONDETAILS_STG_CURR,EDS_CURR_STG,CTSAZSIMICRSMAS.INSO1A101C37461FA.DATABASE.WINDOWS.NET,ent_data_store_sub,dbo
ctsinazprdedssqlmi.inso1a101c37461fa.database.windows.net,EDS_PRD_PTM1_PFD_PAAS_SNAP_PUB,CHire_CandidateRequisitionMapping_STG_CURR,EDS_CURR_STG,CTSAZSIMIPFD.INSO1A101C37461FA.DATABASE.WINDOWS.NET,CentralRepository,dbo
ctsinazprdedssqlmi.inso1a101c37461fa.database.windows.net,EDS_PRD_PTM1_PFD_PAAS_SNAP_PUB,TMP_vw_TMP_CRS_Proposal_Details_STG_CURR,EDS_CURR_STG,CTSAZSIMICRSMAS.INSO1A101C37461FA.DATABASE.WINDOWS.NET,ent_data_store_sub,dbo
ctsinazprdedssqlmi.inso1a101c37461fa.database.windows.net,EDS_PRD_PTM1_PFD_PAAS_SNAP_PUB,CentralRepository_HCM_RoleAttributes_MIG,CRS_BASE_TBL,CTSAZSIMICRSMAS.INSO1A101C37461FA.DATABASE.WINDOWS.NET,ent_data_store_sub,dbo
ctsinazprdedssqlmi.inso1a101c37461fa.database.windows.net,EDS_PRD_PTM1_PFD_PAAS_SNAP_PUB,CHIRE_REQUISITIONDETAILS_STG_CURR,EDS_CURR_STG,CTSAZSIMIPFD.INSO1A101C37461FA.DATABASE.WINDOWS.NET,CentralRepository,dbo
ctsinazprdedssqlmi.inso1a101c37461fa.database.windows.net,EDS_PRD_PTM1_PFD_PAAS_SNAP_PUB,CentralRepository_HCM_RoleAttributes_MIG,CRS_BASE_TBL,CTSAZSIMIPTM1.293366D454BB.DATABASE.WINDOWS.NET,CentralRepository,dbo
ctsinazprdedssqlmi.inso1a101c37461fa.database.windows.net,EDS_PRD_PTM1_PFD_PAAS_SNAP_PUB,CHire_CandidateRequisitionMapping_STG_CURR,EDS_CURR_STG,CTSAZSIMIPTM1.293366D454BB.DATABASE.WINDOWS.NET,CentralRepository,dbo
ctsinazprdedssqlmi.inso1a101c37461fa.database.windows.net,EDS_PRD_PTM1_PFD_PAAS_SNAP_PUB,TMP_vw_TMP_CRS_Proposal_Details_STG_CURR,EDS_CURR_STG,CTSAZSIMIPTM1.293366D454BB.DATABASE.WINDOWS.NET,CentralRepository,dbo
ctsinazprdedssqlmi.inso1a101c37461fa.database.windows.net,EDS_PRD_PTM1_PFD_PAAS_SNAP_PUB,CHire_CandidateRequisitionMapping_STG_CURR,EDS_CURR_STG,CTSAZSIMICRSMAS.INSO1A101C37461FA.DATABASE.WINDOWS.NET,ent_data_store_sub,dbo
ctsinazprdedssqlmi.inso1a101c37461fa.database.windows.net,EDS_PRD_PTM1_PFD_PAAS_SNAP_PUB,SFDC_Account_STG_CURR,EDS_CURR_STG,CTSAZSIMICRSMAS.INSO1A101C37461FA.DATABASE.WINDOWS.NET,ent_data_store_sub,dbo
ctsinazprdedssqlmi.inso1a101c37461fa.database.windows.net,EDS_PRD_PTM1_PFD_PAAS_SNAP_PUB,CentralRepository_Email_Address_MIG,CRS_BASE_TBL,CTSAZSIMICRSMAS.INSO1A101C37461FA.DATABASE.WINDOWS.NET,ent_data_store_sub,dbo
ctsinazprdedssqlmi.inso1a101c37461fa.database.windows.net,EDS_PRD_PTM1_PFD_PAAS_SNAP_PUB,HCM_PS_DEPT_TBL_STG_CURR,EDS_CURR_STG,CTSAZSIMICRSMAS.INSO1A101C37461FA.DATABASE.WINDOWS.NET,ent_data_store_sub,dbo
ctsinazprdedssqlmi.inso1a101c37461fa.database.windows.net,EDS_PRD_PTM1_PFD_PAAS_SNAP_PUB,CentralRepository_DepartmentVerticalMapping,CRS_BASE_TBL,CTSAZSIMIPTM1.293366D454BB.DATABASE.WINDOWS.NET,CentralRepository,dbo
ctsinazprdedssqlmi.inso1a101c37461fa.database.windows.net,EDS_PRD_PTM1_PFD_PAAS_SNAP_PUB,ESA_PS_CTS_PC_DEPT_VW_STG_CURR,EDS_CURR_STG,CTSAZSIMICRSMAS.INSO1A101C37461FA.DATABASE.WINDOWS.NET,ent_data_store_sub,dbo
ctsinazprdedssqlmi.inso1a101c37461fa.database.windows.net,EDS_PRD_PTM1_PFD_PAAS_SNAP_PUB,CentralRepository_Email_Address_MIG,CRS_BASE_TBL,CTSAZSIMIPTM1.293366D454BB.DATABASE.WINDOWS.NET,CentralRepository,dbo
ctsinazprdedssqlmi.inso1a101c37461fa.database.windows.net,EDS_PRD_PTM1_PFD_PAAS_SNAP_PUB,HCM_PF_Associate_Skills_STG_CURR,EDS_CURR_STG,CTSAZSIMIPFD.INSO1A101C37461FA.DATABASE.WINDOWS.NET,CentralRepository,dbo
ctsinazprdedssqlmi.inso1a101c37461fa.database.windows.net,EDS_PRD_PTM1_PFD_PAAS_SNAP_PUB,HCM_PS_JOBCODE_TBL_STG_CURR,EDS_CURR_STG,CTSAZSIMICRSMAS.INSO1A101C37461FA.DATABASE.WINDOWS.NET,ent_data_store_sub,dbo
ctsinazprdedssqlmi.inso1a101c37461fa.database.windows.net,EDS_PRD_PTM1_PFD_PAAS_SNAP_PUB,HCM_PS_JOBCODE_TBL_STG_CURR,EDS_CURR_STG,CTSAZSIMIPTM1.293366D454BB.DATABASE.WINDOWS.NET,CentralRepository,dbo
ctsinazprdedssqlmi.inso1a101c37461fa.database.windows.net,EDS_PRD_PTM1_PFD_PAAS_SNAP_PUB,DataRetention_RegionDataRetentionRule_STG_CURR,EDS_CURR_STG,CTSAZSIMIPTM1.293366D454BB.DATABASE.WINDOWS.NET,CentralRepository,dbo
ctsinazprdedssqlmi.inso1a101c37461fa.database.windows.net,EDS_PRD_PTM1_PFD_PAAS_SNAP_PUB,CentralRepository_Project_MIG,CRS_BASE_TBL,CTSAZSIMIPTM1.293366D454BB.DATABASE.WINDOWS.NET,CentralRepository,dbo
ctsinazprdedssqlmi.inso1a101c37461fa.database.windows.net,EDS_PRD_PTM1_PFD_PAAS_SNAP_PUB,HCM_PF_SKILL_CAT_ITEMS_STG_CURR_MIG,CRS_BASE_TBL,CTSAZSIMIPFD.INSO1A101C37461FA.DATABASE.WINDOWS.NET,CentralRepository,dbo
ctsinazprdedssqlmi.inso1a101c37461fa.database.windows.net,EDS_PRD_PTM1_PFD_PAAS_SNAP_PUB,HCM_PF_ParentChildMapping_STG_CURR_MIG,CRS_BASE_TBL,CTSAZSIMIPTM1.293366D454BB.DATABASE.WINDOWS.NET,CentralRepository,dbo
ctsinazprdedssqlmi.inso1a101c37461fa.database.windows.net,EDS_PRD_PTM1_PFD_PAAS_SNAP_PUB,CentralRepository_AssociateAddress_MIG,CRS_BASE_TBL,CTSAZSIMICRSMAS.INSO1A101C37461FA.DATABASE.WINDOWS.NET,ent_data_store_sub,dbo
ctsinazprdedssqlmi.inso1a101c37461fa.database.windows.net,EDS_PRD_PTM1_PFD_PAAS_SNAP_PUB,CentralRepository_Pool_MIG,CRS_BASE_TBL,CTSAZSIMIPFD.INSO1A101C37461FA.DATABASE.WINDOWS.NET,CentralRepository,dbo
ctsinazprdedssqlmi.inso1a101c37461fa.database.windows.net,EDS_PRD_PTM1_PFD_PAAS_SNAP_PUB,HCM_PS_CT_TM_TBL_GBL_STG_CURR,EDS_CURR_STG,CTSAZSIMIPTM1.293366D454BB.DATABASE.WINDOWS.NET,CentralRepository,dbo
ctsinazprdedssqlmi.inso1a101c37461fa.database.windows.net,EDS_PRD_PTM1_PFD_PAAS_SNAP_PUB,CentralRepository_GSMS_Master_MIG,CRS_BASE_TBL,CTSAZSIMICRSMAS.INSO1A101C37461FA.DATABASE.WINDOWS.NET,ent_data_store_sub,dbo
ctsinazprdedssqlmi.inso1a101c37461fa.database.windows.net,EDS_PRD_PTM1_PFD_PAAS_SNAP_PUB,HCM_PF_Associate_Skills_STG_CURR,EDS_CURR_STG,CTSAZSIMICRSMAS.INSO1A101C37461FA.DATABASE.WINDOWS.NET,ent_data_store_sub,dbo
ctsinazprdedssqlmi.inso1a101c37461fa.database.windows.net,EDS_PRD_PTM1_PFD_PAAS_SNAP_PUB,ESA_PS_PROJECT_MGR_STG_CURR,EDS_CURR_STG,CTSAZSIMICRSMAS.INSO1A101C37461FA.DATABASE.WINDOWS.NET,ent_data_store_sub,dbo
ctsinazprdedssqlmi.inso1a101c37461fa.database.windows.net,EDS_PRD_PTM1_PFD_PAAS_SNAP_PUB,ESA_PS_PROJECT_MGR_STG_CURR,EDS_CURR_STG,CTSAZSIMIPTM1.293366D454BB.DATABASE.WINDOWS.NET,CentralRepository,dbo
ctsinazprdedssqlmi.inso1a101c37461fa.database.windows.net,EDS_PRD_PTM1_PFD_PAAS_SNAP_PUB,CentralRepository_HCMLocation_MIG,CRS_BASE_TBL,CTSAZSIMIPTM1.293366D454BB.DATABASE.WINDOWS.NET,CentralRepository,dbo
ctsinazprdedssqlmi.inso1a101c37461fa.database.windows.net,EDS_PRD_PTM1_PFD_PAAS_SNAP_PUB,CentralRepository_Set_ProjectStatus_MIG,CRS_BASE_TBL,CTSAZSIMICRSMAS.INSO1A101C37461FA.DATABASE.WINDOWS.NET,ent_data_store_sub,dbo
ctsinazprdedssqlmi.inso1a101c37461fa.database.windows.net,EDS_PRD_PTM1_PFD_PAAS_SNAP_PUB,HCM_PS_CT_TM_TBL_GBL_STG_CURR,EDS_CURR_STG,CTSAZSIMICRSMAS.INSO1A101C37461FA.DATABASE.WINDOWS.NET,ent_data_store_sub,dbo
ctsinazprdedssqlmi.inso1a101c37461fa.database.windows.net,EDS_PRD_PTM1_PFD_PAAS_SNAP_PUB,CentralRepository_GSMS_Master_MIG,CRS_BASE_TBL,CTSAZSIMIPTM1.293366D454BB.DATABASE.WINDOWS.NET,CentralRepository,dbo
ctsinazprdedssqlmi.inso1a101c37461fa.database.windows.net,EDS_PRD_PTM1_PFD_PAAS_SNAP_PUB,HCM_PF_ParentChildMapping_STG_CURR_MIG,CRS_BASE_TBL,CTSAZSIMIPFD.INSO1A101C37461FA.DATABASE.WINDOWS.NET,CentralRepository,dbo
ctsinazprdedssqlmi.inso1a101c37461fa.database.windows.net,EDS_PRD_PTM1_PFD_PAAS_SNAP_PUB,CentralRepository_Department_TreeMaster_MIG,CRS_BASE_TBL,CTSAZSIMIPTM1.293366D454BB.DATABASE.WINDOWS.NET,CentralRepository,dbo
ctsinazprdedssqlmi.inso1a101c37461fa.database.windows.net,EDS_PRD_PTM1_PFD_PAAS_SNAP_PUB,CentralRepository_AssociatePool_MIG,CRS_BASE_TBL,CTSAZSIMIPTM1.293366D454BB.DATABASE.WINDOWS.NET,CentralRepository,dbo
ctsinazprdedssqlmi.inso1a101c37461fa.database.windows.net,EDS_PRD_PTM1_PFD_PAAS_SNAP_PUB,CentralRepository_Horizontal_master_MIG,CRS_BASE_TBL,CTSAZSIMICRSMAS.INSO1A101C37461FA.DATABASE.WINDOWS.NET,ent_data_store_sub,dbo
ctsinazprdedssqlmi.inso1a101c37461fa.database.windows.net,EDS_PRD_PTM1_PFD_PAAS_SNAP_PUB,CENTRALREPOSITORY_CANDIDATEDETAILS_MIG,CRS_BASE_TBL,CTSAZSIMICRSMAS.INSO1A101C37461FA.DATABASE.WINDOWS.NET,ent_data_store_sub,dbo
ctsinazprdedssqlmi.inso1a101c37461fa.database.windows.net,EDS_PRD_PTM1_PFD_PAAS_SNAP_PUB,CentralRepository_HolidayDate_MIG,CRS_BASE_TBL,CTSAZSIMICRSMAS.INSO1A101C37461FA.DATABASE.WINDOWS.NET,ent_data_store_sub,dbo
ctsinazprdedssqlmi.inso1a101c37461fa.database.windows.net,EDS_PRD_PTM1_PFD_PAAS_SNAP_PUB,CentralRepository_Pool_MIG,CRS_BASE_TBL,CTSAZSIMIPTM1.293366D454BB.DATABASE.WINDOWS.NET,CentralRepository,dbo
ctsinazprdedssqlmi.inso1a101c37461fa.database.windows.net,EDS_PRD_PTM1_PFD_PAAS_SNAP_PUB,CentralRepository_JOB_Reference_MIG,CRS_BASE_TBL,CTSAZSIMIPFD.INSO1A101C37461FA.DATABASE.WINDOWS.NET,CentralRepository,dbo
ctsinazprdedssqlmi.inso1a101c37461fa.database.windows.net,EDS_PRD_PTM1_PFD_PAAS_SNAP_PUB,ESA_PS_CTS_PC_DEPT_VW_STG_CURR,EDS_CURR_STG,CTSAZSIMIPTM1.293366D454BB.DATABASE.WINDOWS.NET,CentralRepository,dbo
ctsinazprdedssqlmi.inso1a101c37461fa.database.windows.net,EDS_PRD_PTM1_PFD_PAAS_SNAP_PUB,CentralRepository_EAM_Leavedata_MIG,CRS_BASE_TBL,CTSAZSIMICRSMAS.INSO1A101C37461FA.DATABASE.WINDOWS.NET,ent_data_store_sub,dbo
ctsinazprdedssqlmi.inso1a101c37461fa.database.windows.net,EDS_PRD_PTM1_PFD_PAAS_SNAP_PUB,CentralRepository_GSMS_AssociateSeatInfo_MIG,CRS_BASE_TBL,CTSAZSIMIPFD.INSO1A101C37461FA.DATABASE.WINDOWS.NET,CentralRepository,dbo
ctsinazprdedssqlmi.inso1a101c37461fa.database.windows.net,EDS_PRD_PTM1_PFD_PAAS_SNAP_PUB,CentralRepository_Pool_MIG,CRS_BASE_TBL,CTSAZSIMICRSMAS.INSO1A101C37461FA.DATABASE.WINDOWS.NET,ent_data_store_sub,dbo
ctsinazprdedssqlmi.inso1a101c37461fa.database.windows.net,EDS_PRD_PTM1_PFD_PAAS_SNAP_PUB,CentralRepository_JobFamilyMaster_MIG,CRS_BASE_TBL,CTSAZSIMIPFD.INSO1A101C37461FA.DATABASE.WINDOWS.NET,CentralRepository,dbo
ctsinazprdedssqlmi.inso1a101c37461fa.database.windows.net,EDS_PRD_PTM1_PFD_PAAS_SNAP_PUB,DataRetention_AssociateRetentionRecord_STG_CURR,EDS_CURR_STG,CTSAZSIMICRSMAS.INSO1A101C37461FA.DATABASE.WINDOWS.NET,ent_data_store_sub,dbo
ctsinazprdedssqlmi.inso1a101c37461fa.database.windows.net,EDS_PRD_PTM1_PFD_PAAS_SNAP_PUB,CentralRepository_Email_Address_MIG,CRS_BASE_TBL,CTSAZSIMIPFD.INSO1A101C37461FA.DATABASE.WINDOWS.NET,CentralRepository,dbo
ctsinazprdedssqlmi.inso1a101c37461fa.database.windows.net,EDS_PRD_PTM1_PFD_PAAS_SNAP_PUB,HCM_PF_Associate_Skills_STG_CURR,EDS_CURR_STG,CTSAZSIMIPTM1.293366D454BB.DATABASE.WINDOWS.NET,CentralRepository,dbo
ctsinazprdedssqlmi.inso1a101c37461fa.database.windows.net,EDS_PRD_PTM1_PFD_PAAS_SNAP_PUB,HCM_PF_SKILL_CAT_ITEMS_STG_CURR_MIG,CRS_BASE_TBL,CTSAZSIMICRSMAS.INSO1A101C37461FA.DATABASE.WINDOWS.NET,ent_data_store_sub,dbo
ctsinazprdedssqlmi.inso1a101c37461fa.database.windows.net,EDS_PRD_PTM1_PFD_PAAS_SNAP_PUB,CentralRepository_SelfUpdateContacts_MIG,CRS_BASE_TBL,CTSAZSIMIPTM1.293366D454BB.DATABASE.WINDOWS.NET,CentralRepository,dbo
ctsinazprdedssqlmi.inso1a101c37461fa.database.windows.net,EDS_PRD_PTM1_PFD_PAAS_SNAP_PUB,LM_vw_LocationMaster_STG_CURR,EDS_CURR_STG,CTSAZSIMIPFD.INSO1A101C37461FA.DATABASE.WINDOWS.NET,CentralRepository,dbo
ctsinazprdedssqlmi.inso1a101c37461fa.database.windows.net,EDS_PRD_PTM1_PFD_PAAS_SNAP_PUB,CentralRepository_Department_TreeMaster_MIG,CRS_BASE_TBL,CTSAZSIMICRSMAS.INSO1A101C37461FA.DATABASE.WINDOWS.NET,ent_data_store_sub,dbo
ctsinazprdedssqlmi.inso1a101c37461fa.database.windows.net,EDS_PRD_PTM1_PFD_PAAS_SNAP_PUB,RHMS_tbl_EDS_RoleMaster_STG_CURR,EDS_CURR_STG,CTSAZSIMIPTM1.293366D454BB.DATABASE.WINDOWS.NET,CentralRepository,dbo
ctsinazprdedssqlmi.inso1a101c37461fa.database.windows.net,EDS_PRD_PTM1_PFD_PAAS_SNAP_PUB,HCM_PS_COUNTRY_TBL_STG_CURR,EDS_CURR_STG,CTSAZSIMIPFD.INSO1A101C37461FA.DATABASE.WINDOWS.NET,CentralRepository,dbo
ctsinazprdedssqlmi.inso1a101c37461fa.database.windows.net,EDS_PRD_PTM1_PFD_PAAS_SNAP_PUB,HCM_PS_DEPT_TBL_STG_CURR,EDS_CURR_STG,CTSAZSIMIPFD.INSO1A101C37461FA.DATABASE.WINDOWS.NET,CentralRepository,dbo
ctsinazprdedssqlmi.inso1a101c37461fa.database.windows.net,EDS_PRD_PTM1_PFD_PAAS_SNAP_PUB,CentralRepository_Horizontal_master_MIG,CRS_BASE_TBL,CTSAZSIMIPTM1.293366D454BB.DATABASE.WINDOWS.NET,CentralRepository,dbo
ctsinazprdedssqlmi.inso1a101c37461fa.database.windows.net,EDS_PRD_PTM1_PFD_PAAS_SNAP_PUB,CentralRepository_EAM_Leavedata_MIG,CRS_BASE_TBL,CTSAZSIMIPTM1.293366D454BB.DATABASE.WINDOWS.NET,CentralRepository,dbo
ctsinazprdedssqlmi.inso1a101c37461fa.database.windows.net,EDS_PRD_PTM1_PFD_PAAS_SNAP_PUB,CentralRepository_Set_ProjectStatus_MIG,CRS_BASE_TBL,CTSAZSIMIPFD.INSO1A101C37461FA.DATABASE.WINDOWS.NET,CentralRepository,dbo
ctsinazprdedssqlmi.inso1a101c37461fa.database.windows.net,EDS_PRD_PTM1_PFD_PAAS_SNAP_PUB,ESA_PS_CTS_PC_SS_DELG_STG_CURR,EDS_CURR_STG,CTSAZSIMIPTM1.293366D454BB.DATABASE.WINDOWS.NET,CentralRepository,dbo
ctsinazprdedssqlmi.inso1a101c37461fa.database.windows.net,EDS_PRD_PTM1_PFD_PAAS_SNAP_PUB,DataRetention_AssociateRetentionRecord_STG_CURR,EDS_CURR_STG,CTSAZSIMIPTM1.293366D454BB.DATABASE.WINDOWS.NET,CentralRepository,dbo
ctsinazprdedssqlmi.inso1a101c37461fa.database.windows.net,EDS_PRD_PTM1_PFD_PAAS_SNAP_PUB,ESA_PS_CTS_PC_SS_DELG_STG_CURR,EDS_CURR_STG,CTSAZSIMICRSMAS.INSO1A101C37461FA.DATABASE.WINDOWS.NET,ent_data_store_sub,dbo
ctsinazprdedssqlmi.inso1a101c37461fa.database.windows.net,EDS_PRD_PTM1_PFD_PAAS_SNAP_PUB,SFDC_Financial_Ultimate_Parent_Account_STG_CURR,EDS_CURR_STG,CTSAZSIMIPTM1.293366D454BB.DATABASE.WINDOWS.NET,CentralRepository,dbo
ctsinazprdedssqlmi.inso1a101c37461fa.database.windows.net,EDS_PRD_PTM1_PFD_PAAS_SNAP_PUB,CentralRepository_HCMLocation_MIG,CRS_BASE_TBL,CTSAZSIMICRSMAS.INSO1A101C37461FA.DATABASE.WINDOWS.NET,ent_data_store_sub,dbo
ctsinazprdedssqlmi.inso1a101c37461fa.database.windows.net,EDS_PRD_PTM1_PFD_PAAS_SNAP_PUB,CentralRepository_Grade_Master_MIG,CRS_BASE_TBL,CTSAZSIMICRSMAS.INSO1A101C37461FA.DATABASE.WINDOWS.NET,ent_data_store_sub,dbo
ctsinazprdedssqlmi.inso1a101c37461fa.database.windows.net,EDS_PRD_PTM1_PFD_PAAS_SNAP_PUB,HCM_PS_BUS_UNIT_TBL_HR_STG_CURR,EDS_CURR_STG,CTSAZSIMIPFD.INSO1A101C37461FA.DATABASE.WINDOWS.NET,CentralRepository,dbo
ctsinazprdedssqlmi.inso1a101c37461fa.database.windows.net,EDS_PRD_PTM1_PFD_PAAS_SNAP_PUB,CENTRALREPOSITORY_CANDIDATEDETAILS_MIG,CRS_BASE_TBL,CTSAZSIMIPTM1.293366D454BB.DATABASE.WINDOWS.NET,CentralRepository,dbo
ctsinazprdedssqlmi.inso1a101c37461fa.database.windows.net,EDS_PRD_PTM1_PFD_PAAS_SNAP_PUB,SFDC_Account_STG_CURR,EDS_CURR_STG,CTSAZSIMIPTM1.293366D454BB.DATABASE.WINDOWS.NET,CentralRepository,dbo
ctsinazprdedssqlmi.inso1a101c37461fa.database.windows.net,EDS_PRD_PTM1_PFD_PAAS_SNAP_PUB,SFDC_Opportunity_STG_CURR,EDS_CURR_STG,CTSAZSIMIPFD.INSO1A101C37461FA.DATABASE.WINDOWS.NET,CentralRepository,dbo
ctsinazprdedssqlmi.inso1a101c37461fa.database.windows.net,EDS_PRD_PTM1_RSO_PUB,Apple_Table_test_EDS,EDS_CURR_STG,CTSAZSIMIPTM1.293366D454BB.DATABASE.WINDOWS.NET,CentralRepository,dbo
ctsinazprdedssqlmi.inso1a101c37461fa.database.windows.net,EDS_PRD_PTM1_RSO_PUB,CentralRepository_ESA_Allocation_MIG,CRS_BASE_TBL,CTSAZSIMIPTM1.293366D454BB.DATABASE.WINDOWS.NET,CentralRepository,dbo
ctsinazprdedssqlmi.inso1a101c37461fa.database.windows.net,EDS_PRD_PTM1_RSO_PUB,CentralRepository_RMG_ResourceRequest_MIG,CRS_BASE_TBL,CTSAZSIMIPTM1.293366D454BB.DATABASE.WINDOWS.NET,CentralRepository,dbo
ctsinazprdedssqlmi.inso1a101c37461fa.database.windows.net,EDS_PRD_PTM1_RSO_PUB,CHire_CandidateCurrentOffer_STG_CURR,EDS_CURR_STG,CTSAZSIMIPTM1.293366D454BB.DATABASE.WINDOWS.NET,CentralRepository,dbo
ctsinazprdedssqlmi.inso1a101c37461fa.database.windows.net,EDS_PRD_PTM1_RSO_PUB,CHire_CandidatePersonalDetail_STG_CURR,EDS_CURR_STG,CTSAZSIMIPTM1.293366D454BB.DATABASE.WINDOWS.NET,CentralRepository,dbo
ctsinazprdedssqlmi.inso1a101c37461fa.database.windows.net,EDS_PRD_PTM1_RSO_PUB,HCM_PS_CT_GBL_HCM_SFBD_STG_CURR,EDS_CURR_STG,CTSAZSIMIPTM1.293366D454BB.DATABASE.WINDOWS.NET,CentralRepository,dbo
ctsinazprdedssqlmi.inso1a101c37461fa.database.windows.net,EDS_PRD_PTM1_RSO_PUB,LMS_TBL_TMX_ATTEMPT_STG_CURR,EDS_CURR_STG,CTSAZSIMIPTM1.293366D454BB.DATABASE.WINDOWS.NET,CentralRepository,dbo
ctsinazprdedssqlmi.inso1a101c37461fa.database.windows.net,EDS_PRD_PTM1_RSO_PUB,LMS_TBL_TMX_REGISTRATION_STG_CURR,EDS_CURR_STG,CTSAZSIMIPTM1.293366D454BB.DATABASE.WINDOWS.NET,CentralRepository,dbo
ctsinazprdedssqlmi.inso1a101c37461fa.database.windows.net,EDS_PRD_PTM1_RSO_PUB,LMS_TBL_TMX_REGTRANSASSOCIATION_STG_CURR,EDS_CURR_STG,CTSAZSIMIPTM1.293366D454BB.DATABASE.WINDOWS.NET,CentralRepository,dbo
ctsinazprdedssqlmi.inso1a101c37461fa.database.windows.net,EDS_PRD_PTM1_SNAP_PUB,LMS_TBL_TMX_ACTIVITY_STG_CURR,EDS_CURR_STG,CTSAZSIMIPTM1.293366D454BB.DATABASE.WINDOWS.NET,CentralRepository,dbo
ctsinazprdedssqlmi.inso1a101c37461fa.database.windows.net,EDS_PRD_PTM1_SNAP_PUB,FMS_PS_CTS_TAX_HDR_VW_STG_CURR,EDS_CURR_STG,CTSAZSIMIPTM1.293366D454BB.DATABASE.WINDOWS.NET,CentralRepository,dbo
ctsinazprdedssqlmi.inso1a101c37461fa.database.windows.net,EDS_PRD_PTM1_SNAP_PUB,ESA_PS_CTS_ETAX_RTCFVW_STG_CURR,EDS_CURR_STG,CTSAZSIMIPTM1.293366D454BB.DATABASE.WINDOWS.NET,CentralRepository,dbo
ctsinazprdedssqlmi.inso1a101c37461fa.database.windows.net,EDS_PRD_PTM1_SNAP_PUB,ARIBA_vw_Centralrepository_AribaProcurementAccount_STG_CURR,EDS_CURR_STG,CTSAZSIMIPTM1.293366D454BB.DATABASE.WINDOWS.NET,CentralRepository,dbo
ctsinazprdedssqlmi.inso1a101c37461fa.database.windows.net,EDS_PRD_PTM1_SNAP_PUB,FMS_PS_CTS_VNDR_LOC_VW_STG_CURR,EDS_CURR_STG,CTSAZSIMIPTM1.293366D454BB.DATABASE.WINDOWS.NET,CentralRepository,dbo
ctsinazprdedssqlmi.inso1a101c37461fa.database.windows.net,EDS_PRD_PTM1_SNAP_PUB,ESA_PS_CTS_VDR_GST_VW_STG_CURR,EDS_CURR_STG,CTSAZSIMIPTM1.293366D454BB.DATABASE.WINDOWS.NET,CentralRepository,dbo
ctsinazprdedssqlmi.inso1a101c37461fa.database.windows.net,EDS_PRD_PTM1_SNAP_PUB,FMS_PS_CTS_WTHDCD_H_VW_STG_CURR,EDS_CURR_STG,CTSAZSIMIPTM1.293366D454BB.DATABASE.WINDOWS.NET,CentralRepository,dbo
ctsinazprdedssqlmi.inso1a101c37461fa.database.windows.net,EDS_PRD_PTM1_SNAP_PUB,FMS_PS_CTS_VNDR_ADDRVW_STG_CURR,EDS_CURR_STG,CTSAZSIMIPTM1.293366D454BB.DATABASE.WINDOWS.NET,CentralRepository,dbo
ctsinazprdedssqlmi.inso1a101c37461fa.database.windows.net,EDS_PRD_PTM1_SNAP_PUB,FMS_PS_CTS_GL_ACCT_STG_STG_CURR,EDS_CURR_STG,CTSAZSIMIPTM1.293366D454BB.DATABASE.WINDOWS.NET,CentralRepository,dbo
ctsinazprdedssqlmi.inso1a101c37461fa.database.windows.net,EDS_PRD_PTM1_SNAP_PUB,FMS_PS_CTS_VDR_SUP_STG_STG_CURR,EDS_CURR_STG,CTSAZSIMIPTM1.293366D454BB.DATABASE.WINDOWS.NET,CentralRepository,dbo
ctsinazprdedssqlmi.inso1a101c37461fa.database.windows.net,EDS_PRD_PTM1_SNAP_PUB,FMS_PS_CTS_PROFILE_VW_STG_CURR,EDS_CURR_STG,CTSAZSIMIPTM1.293366D454BB.DATABASE.WINDOWS.NET,CentralRepository,dbo
ctsinazprdedssqlmi.inso1a101c37461fa.database.windows.net,EDS_PRD_PTM1_SNAP_PUB,FMS_PS_CTS_PMT_TRMS_VW_STG_CURR,EDS_CURR_STG,CTSAZSIMIPTM1.293366D454BB.DATABASE.WINDOWS.NET,CentralRepository,dbo
ctsinazprdedssqlmi.inso1a101c37461fa.database.windows.net,EDS_PRD_PTM1_SNAP_PUB,FMS_PS_CTS_VDR_LOC_STG_STG_CURR,EDS_CURR_STG,CTSAZSIMIPTM1.293366D454BB.DATABASE.WINDOWS.NET,CentralRepository,dbo
ctsinazprdedssqlmi.inso1a101c37461fa.database.windows.net,EDS_PRD_PTM1_SNAP_PUB,FMS_PS_CTS_VNDR_WJURVW_STG_CURR,EDS_CURR_STG,CTSAZSIMIPTM1.293366D454BB.DATABASE.WINDOWS.NET,CentralRepository,dbo
ctsinazprdedssqlmi.inso1a101c37461fa.database.windows.net,EDS_PRD_PTM1_SNAP_PUB,FMS_PS_CTS_ETAX_RTDLVW_STG_CURR,EDS_CURR_STG,CTSAZSIMIPTM1.293366D454BB.DATABASE.WINDOWS.NET,CentralRepository,dbo
ctsinazprdedssqlmi.inso1a101c37461fa.database.windows.net,EDS_PRD_PTM1_SNAP_PUB,FMS_PS_CTS_COMBDATA_VW_STG_CURR,EDS_CURR_STG,CTSAZSIMIPTM1.293366D454BB.DATABASE.WINDOWS.NET,CentralRepository,dbo
ctsinazprdedssqlmi.inso1a101c37461fa.database.windows.net,EDS_PRD_PTM1_SNAP_PUB,FMS_PS_CTS_WTHDCD_D_VW_STG_CURR,EDS_CURR_STG,CTSAZSIMIPTM1.293366D454BB.DATABASE.WINDOWS.NET,CentralRepository,dbo
ctsinazprdedssqlmi.inso1a101c37461fa.database.windows.net,EDS_PRD_PTM1_SNAP_PUB,FMS_PS_CTS_GLBUSUNT_VW_STG_CURR,EDS_CURR_STG,CTSAZSIMIPTM1.293366D454BB.DATABASE.WINDOWS.NET,CentralRepository,dbo
ctsinazprdedssqlmi.inso1a101c37461fa.database.windows.net,EDS_PRD_PTM1_SNAP_PUB,CentralRepository_Competency_Type_MIG,CRS_BASE_TBL,CTSAZSIMIPTM1.293366D454BB.DATABASE.WINDOWS.NET,CentralRepository,dbo
ctsinazprdedssqlmi.inso1a101c37461fa.database.windows.net,EDS_PRD_PTM1_SNAP_PUB,CentralRepository_EAM_IND_Comp_Off_Mig,CRS_BASE_TBL,CTSAZSIMIPTM1.293366D454BB.DATABASE.WINDOWS.NET,CentralRepository,dbo
ctsinazprdedssqlmi.inso1a101c37461fa.database.windows.net,EDS_PRD_PTM1_SNAP_PUB,RHMS_tbl_EDS_BUHierarchyEntityGrouping_STG_CURR,EDS_CURR_STG,CTSAZSIMIPTM1.293366D454BB.DATABASE.WINDOWS.NET,CentralRepository,dbo
ctsinazprdedssqlmi.inso1a101c37461fa.database.windows.net,EDS_PRD_PTM1_SNAP_PUB,CentralRepository_Associate_Wise_Revenue_Details_MIG,CRS_BASE_TBL,CTSAZSIMIPTM1.293366D454BB.DATABASE.WINDOWS.NET,CentralRepository,dbo
ctsinazprdedssqlmi.inso1a101c37461fa.database.windows.net,EDS_PRD_PTM1_SNAP_PUB,CentralRepository_HCM_ExitInterview_MIG,CRS_BASE_TBL,CTSAZSIMIPTM1.293366D454BB.DATABASE.WINDOWS.NET,CentralRepository,dbo
ctsinazprdedssqlmi.inso1a101c37461fa.database.windows.net,EDS_PRD_PTM1_SNAP_PUB,TMP_vw_TMP_CRS_SO_Details_STG_CURR,EDS_CURR_STG,CTSAZSIMIPTM1.293366D454BB.DATABASE.WINDOWS.NET,CentralRepository,dbo
ctsinazprdedssqlmi.inso1a101c37461fa.database.windows.net,EDS_PRD_PTM1_SNAP_PUB,ESA_PS_RS_ATTACHMENTS_STG_CURR,EDS_CURR_STG,CTSAZSIMIPTM1.293366D454BB.DATABASE.WINDOWS.NET,CentralRepository,dbo
ctsinazprdedssqlmi.inso1a101c37461fa.database.windows.net,EDS_PRD_PTM1_SNAP_PUB,HCM_PS_CODE_CITY_BRA_STG_CURR,EDS_CURR_STG,CTSAZSIMIPTM1.293366D454BB.DATABASE.WINDOWS.NET,CentralRepository,dbo
ctsinazprdedssqlmi.inso1a101c37461fa.database.windows.net,EDS_PRD_PTM1_SNAP_PUB,HCM_PS_CT_CNTY_CD_TBL_STG_CURR,EDS_CURR_STG,CTSAZSIMIPTM1.293366D454BB.DATABASE.WINDOWS.NET,CentralRepository,dbo
ctsinazprdedssqlmi.inso1a101c37461fa.database.windows.net,EDS_PRD_PTM1_SNAP_PUB,HCM_PS_NAME_FORMAT_TBL_STG_CURR,EDS_CURR_STG,CTSAZSIMIPTM1.293366D454BB.DATABASE.WINDOWS.NET,CentralRepository,dbo
ctsinazprdedssqlmi.inso1a101c37461fa.database.windows.net,EDS_PRD_PTM1_SNAP_PUB,ESA_PS_PGM_APPLAREA_AC_STG_CURR,EDS_CURR_STG,CTSAZSIMIPTM1.293366D454BB.DATABASE.WINDOWS.NET,CentralRepository,dbo
ctsinazprdedssqlmi.inso1a101c37461fa.database.windows.net,EDS_PRD_PTM1_SNAP_PUB,LMS_TBL_TAX_ITEM_STG_CURR,EDS_CURR_STG,CTSAZSIMIPTM1.293366D454BB.DATABASE.WINDOWS.NET,CentralRepository,dbo
ctsinazprdedssqlmi.inso1a101c37461fa.database.windows.net,EDS_PRD_PTM1_SNAP_PUB,LMS_LOC_STG_CURR,EDS_CURR_STG,CTSAZSIMIPTM1.293366D454BB.DATABASE.WINDOWS.NET,CentralRepository,dbo
ctsinazprdedssqlmi.inso1a101c37461fa.database.windows.net,EDS_PRD_PTM1_SNAP_PUB,LMS_STG_FAC_STG_CURR,EDS_CURR_STG,CTSAZSIMIPTM1.293366D454BB.DATABASE.WINDOWS.NET,CentralRepository,dbo
ctsinazprdedssqlmi.inso1a101c37461fa.database.windows.net,EDS_PRD_PTM1_SNAP_PUB,ESA_PS_CTPC_HOR_EDS_VW_STG_CURR,EDS_CURR_STG,CTSAZSIMIPTM1.293366D454BB.DATABASE.WINDOWS.NET,CentralRepository,dbo
ctsinazprdedssqlmi.inso1a101c37461fa.database.windows.net,EDS_PRD_PTM1_SNAP_PUB,CentralRepository_JOB_DELETED_Reference_MIG,CRS_BASE_TBL,CTSAZSIMIPTM1.293366D454BB.DATABASE.WINDOWS.NET,CentralRepository,dbo
ctsinazprdedssqlmi.inso1a101c37461fa.database.windows.net,EDS_PRD_PTM1_SNAP_PUB,CentralRepository_RHMS_PracticeArea_Master_MIG,CRS_BASE_TBL,CTSAZSIMIPTM1.293366D454BB.DATABASE.WINDOWS.NET,CentralRepository,dbo
ctsinazprdedssqlmi.inso1a101c37461fa.database.windows.net,EDS_PRD_PTM1_SNAP_PUB,SEZ_VWGETASSOCIATESEZSTATUSDETAILS_STG_CURR,EDS_CURR_STG,CTSAZSIMIPTM1.293366D454BB.DATABASE.WINDOWS.NET,CentralRepository,dbo
ctsinazprdedssqlmi.inso1a101c37461fa.database.windows.net,EDS_PRD_PTM1_SNAP_PUB,CentralRepository_RHMS_ServiceLine_Master_MIG,CRS_BASE_TBL,CTSAZSIMIPTM1.293366D454BB.DATABASE.WINDOWS.NET,CentralRepository,dbo
ctsinazprdedssqlmi.inso1a101c37461fa.database.windows.net,EDS_PRD_PTM1_SNAP_PUB,CentralRepository_ESA_Horizontalserviceofferings_MIG,CRS_BASE_TBL,CTSAZSIMIPTM1.293366D454BB.DATABASE.WINDOWS.NET,CentralRepository,dbo
ctsinazprdedssqlmi.inso1a101c37461fa.database.windows.net,EDS_PRD_PTM1_SNAP_PUB,LMS_ACTIVITYVIRTUALLABDETAIL_STG_CURR,EDS_CURR_STG,CTSAZSIMIPTM1.293366D454BB.DATABASE.WINDOWS.NET,CentralRepository,dbo
ctsinazprdedssqlmi.inso1a101c37461fa.database.windows.net,EDS_PRD_PTM1_SNAP_PUB,CentralRepository_ESA_SubHorizontal_MIG,CRS_BASE_TBL,CTSAZSIMIPTM1.293366D454BB.DATABASE.WINDOWS.NET,CentralRepository,dbo
ctsinazprdedssqlmi.inso1a101c37461fa.database.windows.net,EDS_PRD_PTM1_SNAP_PUB,LMS_ExternalCertificate_STG_CURR,EDS_CURR_STG,CTSAZSIMIPTM1.293366D454BB.DATABASE.WINDOWS.NET,CentralRepository,dbo
ctsinazprdedssqlmi.inso1a101c37461fa.database.windows.net,EDS_PRD_PTM1_SNAP_PUB,HCM_PS_ADDRESS_TYP_TBL_STG_CURR,EDS_CURR_STG,CTSAZSIMIPTM1.293366D454BB.DATABASE.WINDOWS.NET,CentralRepository,dbo
ctsinazprdedssqlmi.inso1a101c37461fa.database.windows.net,EDS_PRD_PTM1_SNAP_PUB,LMS_PERSON_STG_CURR,EDS_CURR_STG,CTSAZSIMIPTM1.293366D454BB.DATABASE.WINDOWS.NET,CentralRepository,dbo
ctsinazprdedssqlmi.inso1a101c37461fa.database.windows.net,EDS_PRD_PTM1_SNAP_PUB,CentralRepository_NamePrefix_MIG,CRS_BASE_TBL,CTSAZSIMIPTM1.293366D454BB.DATABASE.WINDOWS.NET,CentralRepository,dbo
ctsinazprdedssqlmi.inso1a101c37461fa.database.windows.net,EDS_PRD_PTM1_SNAP_PUB,CentralRepository_HCM_CCA_Roles_A360_MIG,CRS_BASE_TBL,CTSAZSIMIPTM1.293366D454BB.DATABASE.WINDOWS.NET,CentralRepository,dbo
ctsinazprdedssqlmi.inso1a101c37461fa.database.windows.net,EDS_PRD_PTM1_SNAP_PUB,DATARETENTION_VW_COGNIZANT_ASSOCIATE_DETAILS_STG_CURR,EDS_CURR_STG,CTSAZSIMIPTM1.293366D454BB.DATABASE.WINDOWS.NET,CentralRepository,dbo
ctsinazprdedssqlmi.inso1a101c37461fa.database.windows.net,EDS_PRD_PTM1_SNAP_PUB,HCM_PS_NAME_SUFFIX_TBL_STG_CURR,EDS_CURR_STG,CTSAZSIMIPTM1.293366D454BB.DATABASE.WINDOWS.NET,CentralRepository,dbo
ctsinazprdedssqlmi.inso1a101c37461fa.database.windows.net,EDS_PRD_PTM1_SNAP_PUB,LMS_USERVMASSIGNMENT_STG_CURR,EDS_CURR_STG,CTSAZSIMIPTM1.293366D454BB.DATABASE.WINDOWS.NET,CentralRepository,dbo
ctsinazprdedssqlmi.inso1a101c37461fa.database.windows.net,EDS_PRD_PTM1_SNAP_PUB,TMP_vw_TMP_CRS_Associate_Pool_Details_STG_CURR,EDS_CURR_STG,CTSAZSIMIPTM1.293366D454BB.DATABASE.WINDOWS.NET,CentralRepository,dbo
ctsinazprdedssqlmi.inso1a101c37461fa.database.windows.net,EDS_PRD_PTM1_SNAP_PUB,ESA_PS_CURRENCY_CD_TBL_STG_CURR,EDS_CURR_STG,CTSAZSIMIPTM1.293366D454BB.DATABASE.WINDOWS.NET,CentralRepository,dbo
ctsinazprdedssqlmi.inso1a101c37461fa.database.windows.net,EDS_PRD_PTM1_SNAP_PUB,LMS_ACTLABEL_STG_CURR,EDS_CURR_STG,CTSAZSIMIPTM1.293366D454BB.DATABASE.WINDOWS.NET,CentralRepository,dbo
ctsinazprdedssqlmi.inso1a101c37461fa.database.windows.net,EDS_PRD_PTM1_SNAP_PUB,LMS_VIRTUALLABTRANSACTION_STG_CURR,EDS_CURR_STG,CTSAZSIMIPTM1.293366D454BB.DATABASE.WINDOWS.NET,CentralRepository,dbo
ctsinazprdedssqlmi.inso1a101c37461fa.database.windows.net,EDS_PRD_PTM1_SNAP_PUB,CentralRepository_Proficiency_MIG,CRS_BASE_TBL,CTSAZSIMIPTM1.293366D454BB.DATABASE.WINDOWS.NET,CentralRepository,dbo
ctsinazprdedssqlmi.inso1a101c37461fa.database.windows.net,EDS_PRD_PTM1_SNAP_PUB,ESA_PS_PROJ_CATG_TBL_STG_CURR,EDS_CURR_STG,CTSAZSIMIPTM1.293366D454BB.DATABASE.WINDOWS.NET,CentralRepository,dbo
ctsinazprdedssqlmi.inso1a101c37461fa.database.windows.net,EDS_PRD_PTM1_SNAP_PUB,CentralRepository_HCM_Associate_School_Data_MIG,CRS_BASE_TBL,CTSAZSIMIPTM1.293366D454BB.DATABASE.WINDOWS.NET,CentralRepository,dbo
ctsinazprdedssqlmi.inso1a101c37461fa.database.windows.net,EDS_PRD_PTM1_SNAP_PUB,CentralRepository_Rate_Master_MIG,CRS_BASE_TBL,CTSAZSIMIPTM1.293366D454BB.DATABASE.WINDOWS.NET,CentralRepository,dbo
ctsinazprdedssqlmi.inso1a101c37461fa.database.windows.net,EDS_PRD_PTM1_SNAP_PUB,CentralRepository_EmergencyContact_MIG,CRS_BASE_TBL,CTSAZSIMIPTM1.293366D454BB.DATABASE.WINDOWS.NET,CentralRepository,dbo
ctsinazprdedssqlmi.inso1a101c37461fa.database.windows.net,EDS_PRD_PTM1_SNAP_PUB,ESA_PS_CTS_PC_PAR_TBL_STG_CURR,EDS_CURR_STG,CTSAZSIMIPTM1.293366D454BB.DATABASE.WINDOWS.NET,CentralRepository,dbo
ctsinazprdedssqlmi.inso1a101c37461fa.database.windows.net,EDS_PRD_PTM1_SNAP_PUB,LMS_STG_Code_STG_CURR,EDS_CURR_STG,CTSAZSIMIPTM1.293366D454BB.DATABASE.WINDOWS.NET,CentralRepository,dbo
ctsinazprdedssqlmi.inso1a101c37461fa.database.windows.net,EDS_PRD_PTM1_SNAP_PUB,CentralRepository_EAM_LeaveMaster_MIG,CRS_BASE_TBL,CTSAZSIMIPTM1.293366D454BB.DATABASE.WINDOWS.NET,CentralRepository,dbo
ctsinazprdedssqlmi.inso1a101c37461fa.database.windows.net,EDS_PRD_PTM1_SNAP_PUB,CentralRepository_RHMS_VerticalHierarchyEntityGrouping_MIG,CRS_BASE_TBL,CTSAZSIMIPTM1.293366D454BB.DATABASE.WINDOWS.NET,CentralRepository,dbo
ctsinazprdedssqlmi.inso1a101c37461fa.database.windows.net,EDS_PRD_PTM1_SNAP_PUB,HCM_PS_CT_ODC_TM_TBL_STG_CURR,EDS_CURR_STG,CTSAZSIMIPTM1.293366D454BB.DATABASE.WINDOWS.NET,CentralRepository,dbo
ctsinazprdedssqlmi.inso1a101c37461fa.database.windows.net,EDS_PRD_PTM1_SNAP_PUB,Centralrepository_PRISM_Actuals_mig,CRS_BASE_TBL,CTSAZSIMIPTM1.293366D454BB.DATABASE.WINDOWS.NET,CentralRepository,dbo
ctsinazprdedssqlmi.inso1a101c37461fa.database.windows.net,EDS_PRD_PTM1_SNAP_PUB,Centralrepository_HCM_ThirdGenderCountrySetup_MIG,CRS_BASE_TBL,CTSAZSIMIPTM1.293366D454BB.DATABASE.WINDOWS.NET,CentralRepository,dbo
ctsinazprdedssqlmi.inso1a101c37461fa.database.windows.net,EDS_PRD_PTM1_SNAP_PUB,CentralRepository_HCM_AcquiredCompanyDetails_Mig,CRS_BASE_TBL,CTSAZSIMIPTM1.293366D454BB.DATABASE.WINDOWS.NET,CentralRepository,dbo
ctsinazprdedssqlmi.inso1a101c37461fa.database.windows.net,EDS_PRD_PTM1_SNAP_PUB,ESA_PS_PGM_APPLICATION_STG_CURR,EDS_CURR_STG,CTSAZSIMIPTM1.293366D454BB.DATABASE.WINDOWS.NET,CentralRepository,dbo
ctsinazprdedssqlmi.inso1a101c37461fa.database.windows.net,EDS_PRD_PTM1_SNAP_PUB,CentralRepository_ESA_GradesData_MIG,CRS_BASE_TBL,CTSAZSIMIPTM1.293366D454BB.DATABASE.WINDOWS.NET,CentralRepository,dbo
ctsinazprdedssqlmi.inso1a101c37461fa.database.windows.net,EDS_PRD_PTM1_SNAP_PUB,LMS_TBL_TMX_USERREQUIREDACT_STG_CURR,EDS_CURR_STG,CTSAZSIMIPTM1.293366D454BB.DATABASE.WINDOWS.NET,CentralRepository,dbo
ctsinazprdedssqlmi.inso1a101c37461fa.database.windows.net,EDS_PRD_PTM1_SNAP_PUB,HCM_PS_CT_GBL_SFT_MSTR_STG_CURR,EDS_CURR_STG,CTSAZSIMIPTM1.293366D454BB.DATABASE.WINDOWS.NET,CentralRepository,dbo
ctsinazprdedssqlmi.inso1a101c37461fa.database.windows.net,EDS_PRD_PTM1_SNAP_PUB,CentralRepository_Accomplishment_MIG,CRS_BASE_TBL,CTSAZSIMIPTM1.293366D454BB.DATABASE.WINDOWS.NET,CentralRepository,dbo
ctsinazprdedssqlmi.inso1a101c37461fa.database.windows.net,EDS_PRD_PTM1_SNAP_PUB,IC_TICPROJECTGRID_STG_CURR,EDS_CURR_STG,CTSAZSIMIPTM1.293366D454BB.DATABASE.WINDOWS.NET,CentralRepository,dbo
ctsinazprdedssqlmi.inso1a101c37461fa.database.windows.net,EDS_PRD_PTM1_SNAP_PUB,LM_vw_CompanyMaster_STG_CURR,EDS_CURR_STG,CTSAZSIMIPTM1.293366D454BB.DATABASE.WINDOWS.NET,CentralRepository,dbo
ctsinazprdedssqlmi.inso1a101c37461fa.database.windows.net,EDS_PRD_PTM1_SNAP_PUB,LMS_REGISTRATIONOFFERINGTEMPLATE_STG_CURR,EDS_CURR_STG,CTSAZSIMIPTM1.293366D454BB.DATABASE.WINDOWS.NET,CentralRepository,dbo
ctsinazprdedssqlmi.inso1a101c37461fa.database.windows.net,EDS_PRD_PTM1_SNAP_PUB,Centralrepository_HCM_AssociateExitinterviewData_mig,CRS_BASE_TBL,CTSAZSIMIPTM1.293366D454BB.DATABASE.WINDOWS.NET,CentralRepository,dbo
ctsinazprdedssqlmi.inso1a101c37461fa.database.windows.net,EDS_PRD_PTM1_SNAP_PUB,CentralRepository_Contracts,CRS_BASE_TBL,CTSAZSIMIPTM1.293366D454BB.DATABASE.WINDOWS.NET,CentralRepository,dbo
ctsinazprdedssqlmi.inso1a101c37461fa.database.windows.net,EDS_PRD_PTM1_SNAP_PUB,ONBOARDING_Vw_BuddyApp_CandidateData_STG_CURR,EDS_CURR_STG,CTSAZSIMIPTM1.293366D454BB.DATABASE.WINDOWS.NET,CentralRepository,dbo
ctsinazprdedssqlmi.inso1a101c37461fa.database.windows.net,EDS_PRD_PTM1_SNAP_PUB,HCM_PS_CT_CIS_SL_PL_STG_CURR,EDS_CURR_STG,CTSAZSIMIPTM1.293366D454BB.DATABASE.WINDOWS.NET,CentralRepository,dbo
ctsinazprdedssqlmi.inso1a101c37461fa.database.windows.net,EDS_PRD_PTM1_SNAP_PUB,HCM_PS_CT_GBL_HCM_MGRS_STG_CURR,EDS_CURR_STG,CTSAZSIMIPTM1.293366D454BB.DATABASE.WINDOWS.NET,CentralRepository,dbo
ctsinazprdedssqlmi.inso1a101c37461fa.database.windows.net,EDS_PRD_PTM1_SNAP_PUB,CHire_CandidateEducation_STG_CURR,EDS_CURR_STG,CTSAZSIMIPTM1.293366D454BB.DATABASE.WINDOWS.NET,CentralRepository,dbo
ctsinazprdedssqlmi.inso1a101c37461fa.database.windows.net,EDS_PRD_PTM1_SNAP_PUB,MYWKSPC_GSMS_Master_LM_STG_CURR,EDS_CURR_STG,CTSAZSIMIPTM1.293366D454BB.DATABASE.WINDOWS.NET,CentralRepository,dbo
ctsinazprdedssqlmi.inso1a101c37461fa.database.windows.net,EDS_PRD_PTM1_SNAP_PUB,CentralRepository_EAM_PerdayLeaveData_MIG,CRS_BASE_TBL,CTSAZSIMIPTM1.293366D454BB.DATABASE.WINDOWS.NET,CentralRepository,dbo
ctsinazprdedssqlmi.inso1a101c37461fa.database.windows.net,EDS_PRD_PTM1_SNAP_PUB,CentralRepository_Billing_Details_Mig,CRS_BASE_TBL,CTSAZSIMIPTM1.293366D454BB.DATABASE.WINDOWS.NET,CentralRepository,dbo
ctsinazprdedssqlmi.inso1a101c37461fa.database.windows.net,EDS_PRD_PTM1_SNAP_PUB,LMS_TBL_TAX_NODE_STG_CURR,EDS_CURR_STG,CTSAZSIMIPTM1.293366D454BB.DATABASE.WINDOWS.NET,CentralRepository,dbo
ctsinazprdedssqlmi.inso1a101c37461fa.database.windows.net,EDS_PRD_PTM1_SNAP_PUB,CentralRepository_HCM_VacationLeaveBalance_MIG,CRS_BASE_TBL,CTSAZSIMIPTM1.293366D454BB.DATABASE.WINDOWS.NET,CentralRepository,dbo
ctsinazprdedssqlmi.inso1a101c37461fa.database.windows.net,EDS_PRD_PTM1_SNAP_PUB,MYCCR_MyCareer_ProfilePercentage_STG_CURR,EDS_CURR_STG,CTSAZSIMIPTM1.293366D454BB.DATABASE.WINDOWS.NET,CentralRepository,dbo
ctsinazprdedssqlmi.inso1a101c37461fa.database.windows.net,EDS_PRD_PTM1_SNAP_PUB,DATARETENTION_VW_COGNIZANT_CANDIDATE_DETAILS_STG_CURR,EDS_CURR_STG,CTSAZSIMIPTM1.293366D454BB.DATABASE.WINDOWS.NET,CentralRepository,dbo
ctsinazprdedssqlmi.inso1a101c37461fa.database.windows.net,EDS_PRD_R1_Cloud_RSO_PUB,SFDC_Opportunity_Team_STG_CURR,EDS_CURR_STG,CTSAZMIPDPCRSR1.INSO1A101C37461FA.DATABASE.WINDOWS.NET,CentralRepository_Report,dbo
ctsinazprdedssqlmi.inso1a101c37461fa.database.windows.net,EDS_PRD_R1_Cloud_RSO_PUB,SFDC_OpportunityLineItem_STG_CURR,EDS_CURR_STG,CTSAZMIPDPCRSR1.INSO1A101C37461FA.DATABASE.WINDOWS.NET,CentralRepository_Report,dbo
ctsinazprdedssqlmi.inso1a101c37461fa.database.windows.net,EDS_PRD_R1_Cloud_RSO_PUB,SFDC_Product_STG_CURR,EDS_CURR_STG,CTSAZMIPDPCRSR1.INSO1A101C37461FA.DATABASE.WINDOWS.NET,CentralRepository_Report,dbo
ctsinazprdedssqlmi.inso1a101c37461fa.database.windows.net,EDS_PRD_R1_Cloud_RSO_PUB,SFDC_Project_Date_Change_STG_CURR,EDS_CURR_STG,CTSAZMIPDPCRSR1.INSO1A101C37461FA.DATABASE.WINDOWS.NET,CentralRepository_Report,dbo
ctsinazprdedssqlmi.inso1a101c37461fa.database.windows.net,EDS_PRD_R1_Cloud_RSO_PUB,SFDC_Renewal_Expansion_Projects_STG_CURR,EDS_CURR_STG,CTSAZMIPDPCRSR1.INSO1A101C37461FA.DATABASE.WINDOWS.NET,CentralRepository_Report,dbo
ctsinazprdedssqlmi.inso1a101c37461fa.database.windows.net,EDS_PRD_R1_Cloud_RSO_PUB,TMP_vw_TMP_CRS_Proposal_Details_STG_CURR,EDS_CURR_STG,CTSAZMIPDPCRSR1.INSO1A101C37461FA.DATABASE.WINDOWS.NET,CentralRepository_Report,dbo
ctsinazprdedssqlmi.inso1a101c37461fa.database.windows.net,EDS_PRD_R1_Cloud_RSO_PUB,SFDC_Account_Team_STG_CURR,EDS_CURR_STG,CTSAZMIPDPCRSR1.INSO1A101C37461FA.DATABASE.WINDOWS.NET,CentralRepository_Report,dbo
ctsinazprdedssqlmi.inso1a101c37461fa.database.windows.net,EDS_PRD_R1_Cloud_RSO_PUB,SFDC_Contact_STG_CURR,EDS_CURR_STG,CTSAZMIPDPCRSR1.INSO1A101C37461FA.DATABASE.WINDOWS.NET,CentralRepository_Report,dbo
ctsinazprdedssqlmi.inso1a101c37461fa.database.windows.net,EDS_PRD_R1_Cloud_RSO_PUB,SFDC_Financial_Ultimate_Parent_Account_STG_CURR,EDS_CURR_STG,CTSAZMIPDPCRSR1.INSO1A101C37461FA.DATABASE.WINDOWS.NET,CentralRepository_Report,dbo
ctsinazprdedssqlmi.inso1a101c37461fa.database.windows.net,EDS_PRD_R1_Cloud_RSO_PUB,SFDC_Forecast_STG_CURR,EDS_CURR_STG,CTSAZMIPDPCRSR1.INSO1A101C37461FA.DATABASE.WINDOWS.NET,CentralRepository_Report,dbo
ctsinazprdedssqlmi.inso1a101c37461fa.database.windows.net,EDS_PRD_R1_Cloud_RSO_PUB,SFDC_Opp_Serv_Line_Item_STG_CURR,EDS_CURR_STG,CTSAZMIPDPCRSR1.INSO1A101C37461FA.DATABASE.WINDOWS.NET,CentralRepository_Report,dbo
ctsinazprdedssqlmi.inso1a101c37461fa.database.windows.net,EDS_PRD_R1_Cloud_RSO_PUB,SFDC_Opportunity_Closure_STG_CURR,EDS_CURR_STG,CTSAZMIPDPCRSR1.INSO1A101C37461FA.DATABASE.WINDOWS.NET,CentralRepository_Report,dbo
ctsinazprdedssqlmi.inso1a101c37461fa.database.windows.net,EDS_PRD_R1_Cloud_RSO_PUB,ESA_PS_CTS_BUD_CUT_TBL_STG_CURR,EDS_CURR_STG,CTSAZMIPDPCRSR1.INSO1A101C37461FA.DATABASE.WINDOWS.NET,CentralRepository_Report,dbo
ctsinazprdedssqlmi.inso1a101c37461fa.database.windows.net,EDS_PRD_R1_Cloud_RSO_PUB,ESA_PS_CTS_CA_MIL_REC_STG_CURR,EDS_CURR_STG,CTSAZMIPDPCRSR1.INSO1A101C37461FA.DATABASE.WINDOWS.NET,CentralRepository_Report,dbo
ctsinazprdedssqlmi.inso1a101c37461fa.database.windows.net,EDS_PRD_R1_Cloud_RSO_PUB,ESA_PS_CTS_CRS_IN_STG_STG_CURR,EDS_CURR_STG,CTSAZMIPDPCRSR1.INSO1A101C37461FA.DATABASE.WINDOWS.NET,CentralRepository_Report,dbo
ctsinazprdedssqlmi.inso1a101c37461fa.database.windows.net,EDS_PRD_R1_Cloud_RSO_PUB,ESA_PS_CTS_CRS_TM_CONT_STG_CURR,EDS_CURR_STG,CTSAZMIPDPCRSR1.INSO1A101C37461FA.DATABASE.WINDOWS.NET,CentralRepository_Report,dbo
ctsinazprdedssqlmi.inso1a101c37461fa.database.windows.net,EDS_PRD_R1_Cloud_RSO_PUB,ESA_PS_CTS_CRS_TMINV_STG_CURR,EDS_CURR_STG,CTSAZMIPDPCRSR1.INSO1A101C37461FA.DATABASE.WINDOWS.NET,CentralRepository_Report,dbo
ctsinazprdedssqlmi.inso1a101c37461fa.database.windows.net,EDS_PRD_R1_Cloud_RSO_PUB,ESA_PS_CTS_FMS_HCM_DEP_STG_CURR,EDS_CURR_STG,CTSAZMIPDPCRSR1.INSO1A101C37461FA.DATABASE.WINDOWS.NET,CentralRepository_Report,dbo
ctsinazprdedssqlmi.inso1a101c37461fa.database.windows.net,EDS_PRD_R1_Cloud_RSO_PUB,ESA_PS_CTS_GRADE_ROLE_STG_CURR,EDS_CURR_STG,CTSAZMIPDPCRSR1.INSO1A101C37461FA.DATABASE.WINDOWS.NET,CentralRepository_Report,dbo
ctsinazprdedssqlmi.inso1a101c37461fa.database.windows.net,EDS_PRD_R1_Cloud_RSO_PUB,ESA_PS_CTS_IN_ITM_STG_STG_CURR,EDS_CURR_STG,CTSAZMIPDPCRSR1.INSO1A101C37461FA.DATABASE.WINDOWS.NET,CentralRepository_Report,dbo
ctsinazprdedssqlmi.inso1a101c37461fa.database.windows.net,EDS_PRD_R1_Cloud_RSO_PUB,ESA_PS_CTS_IN_PCSBU_VW_STG_CURR,EDS_CURR_STG,CTSAZMIPDPCRSR1.INSO1A101C37461FA.DATABASE.WINDOWS.NET,CentralRepository_Report,dbo
ctsinazprdedssqlmi.inso1a101c37461fa.database.windows.net,EDS_PRD_R1_Cloud_RSO_PUB,ESA_PS_CTS_IN_PCSOL_VW_STG_CURR,EDS_CURR_STG,CTSAZMIPDPCRSR1.INSO1A101C37461FA.DATABASE.WINDOWS.NET,CentralRepository_Report,dbo
ctsinazprdedssqlmi.inso1a101c37461fa.database.windows.net,EDS_PRD_R1_Cloud_RSO_PUB,ESA_PS_CTS_LOC_ATRBT_STG_CURR,EDS_CURR_STG,CTSAZMIPDPCRSR1.INSO1A101C37461FA.DATABASE.WINDOWS.NET,CentralRepository_Report,dbo
ctsinazprdedssqlmi.inso1a101c37461fa.database.windows.net,EDS_PRD_R1_Cloud_RSO_PUB,ESA_PS_CTS_PC_DEPT_VW_STG_CURR,EDS_CURR_STG,CTSAZMIPDPCRSR1.INSO1A101C37461FA.DATABASE.WINDOWS.NET,CentralRepository_Report,dbo
ctsinazprdedssqlmi.inso1a101c37461fa.database.windows.net,EDS_PRD_R1_Cloud_RSO_PUB,ESA_PS_CTS_PC_PAR_TBL_STG_CURR,EDS_CURR_STG,CTSAZMIPDPCRSR1.INSO1A101C37461FA.DATABASE.WINDOWS.NET,CentralRepository_Report,dbo
ctsinazprdedssqlmi.inso1a101c37461fa.database.windows.net,EDS_PRD_R1_Cloud_RSO_PUB,ESA_PS_CTS_PC_SB_HR_MP_STG_CURR,EDS_CURR_STG,CTSAZMIPDPCRSR1.INSO1A101C37461FA.DATABASE.WINDOWS.NET,CentralRepository_Report,dbo
ctsinazprdedssqlmi.inso1a101c37461fa.database.windows.net,EDS_PRD_R1_Cloud_RSO_PUB,ESA_PS_CTS_PC_SS_DELG_STG_CURR,EDS_CURR_STG,CTSAZMIPDPCRSR1.INSO1A101C37461FA.DATABASE.WINDOWS.NET,CentralRepository_Report,dbo
ctsinazprdedssqlmi.inso1a101c37461fa.database.windows.net,EDS_PRD_R1_Cloud_RSO_PUB,ESA_PS_CTS_PRACTIC_TBL_STG_CURR,EDS_CURR_STG,CTSAZMIPDPCRSR1.INSO1A101C37461FA.DATABASE.WINDOWS.NET,CentralRepository_Report,dbo
ctsinazprdedssqlmi.inso1a101c37461fa.database.windows.net,EDS_PRD_R1_Cloud_RSO_PUB,ESA_PS_CTS_RM_DPTPL_MP_STG_CURR,EDS_CURR_STG,CTSAZMIPDPCRSR1.INSO1A101C37461FA.DATABASE.WINDOWS.NET,CentralRepository_Report,dbo
ctsinazprdedssqlmi.inso1a101c37461fa.database.windows.net,EDS_PRD_R1_Cloud_RSO_PUB,ESA_PS_CTS_RM_RL_HSTRY_STG_CURR,EDS_CURR_STG,CTSAZMIPDPCRSR1.INSO1A101C37461FA.DATABASE.WINDOWS.NET,CentralRepository_Report,dbo
ctsinazprdedssqlmi.inso1a101c37461fa.database.windows.net,EDS_PRD_R1_Cloud_RSO_PUB,ESA_PS_CTS_RTSET_DTL_STG_CURR,EDS_CURR_STG,CTSAZMIPDPCRSR1.INSO1A101C37461FA.DATABASE.WINDOWS.NET,CentralRepository_Report,dbo
ctsinazprdedssqlmi.inso1a101c37461fa.database.windows.net,EDS_PRD_R1_Cloud_RSO_PUB,ESA_PS_CTS_TECHNLGY_VW_STG_CURR,EDS_CURR_STG,CTSAZMIPDPCRSR1.INSO1A101C37461FA.DATABASE.WINDOWS.NET,CentralRepository_Report,dbo
ctsinazprdedssqlmi.inso1a101c37461fa.database.windows.net,EDS_PRD_R1_Cloud_RSO_PUB,ESA_PS_CTSPC_CRTCL_TBL_STG_CURR,EDS_CURR_STG,CTSAZMIPDPCRSR1.INSO1A101C37461FA.DATABASE.WINDOWS.NET,CentralRepository_Report,dbo
ctsinazprdedssqlmi.inso1a101c37461fa.database.windows.net,EDS_PRD_R1_Cloud_RSO_PUB,ESA_PS_CURRENCY_CD_TBL_STG_CURR,EDS_CURR_STG,CTSAZMIPDPCRSR1.INSO1A101C37461FA.DATABASE.WINDOWS.NET,CentralRepository_Report,dbo
ctsinazprdedssqlmi.inso1a101c37461fa.database.windows.net,EDS_PRD_R1_Cloud_RSO_PUB,ESA_PS_CUST_ADDRESS_STG_CURR,EDS_CURR_STG,CTSAZMIPDPCRSR1.INSO1A101C37461FA.DATABASE.WINDOWS.NET,CentralRepository_Report,dbo
ctsinazprdedssqlmi.inso1a101c37461fa.database.windows.net,EDS_PRD_R1_Cloud_RSO_PUB,ESA_PS_PGM_APPLAREA_AC_STG_CURR,EDS_CURR_STG,CTSAZMIPDPCRSR1.INSO1A101C37461FA.DATABASE.WINDOWS.NET,CentralRepository_Report,dbo
ctsinazprdedssqlmi.inso1a101c37461fa.database.windows.net,EDS_PRD_R1_Cloud_RSO_PUB,ESA_PS_PGM_APPLICATION_STG_CURR,EDS_CURR_STG,CTSAZMIPDPCRSR1.INSO1A101C37461FA.DATABASE.WINDOWS.NET,CentralRepository_Report,dbo
ctsinazprdedssqlmi.inso1a101c37461fa.database.windows.net,EDS_PRD_R1_Cloud_RSO_PUB,ESA_PS_PROJ_CATG_TBL_STG_CURR,EDS_CURR_STG,CTSAZMIPDPCRSR1.INSO1A101C37461FA.DATABASE.WINDOWS.NET,CentralRepository_Report,dbo
ctsinazprdedssqlmi.inso1a101c37461fa.database.windows.net,EDS_PRD_R1_Cloud_RSO_PUB,ESA_PS_PROJ_STATUS_TBL_STG_CURR,EDS_CURR_STG,CTSAZMIPDPCRSR1.INSO1A101C37461FA.DATABASE.WINDOWS.NET,CentralRepository_Report,dbo
ctsinazprdedssqlmi.inso1a101c37461fa.database.windows.net,EDS_PRD_R1_Cloud_RSO_PUB,ESA_PS_PROJ_TYPE_TBL_STG_CURR,EDS_CURR_STG,CTSAZMIPDPCRSR1.INSO1A101C37461FA.DATABASE.WINDOWS.NET,CentralRepository_Report,dbo
ctsinazprdedssqlmi.inso1a101c37461fa.database.windows.net,EDS_PRD_R1_Cloud_RSO_PUB,ESA_PS_PROJECT_MGR_STG_CURR,EDS_CURR_STG,CTSAZMIPDPCRSR1.INSO1A101C37461FA.DATABASE.WINDOWS.NET,CentralRepository_Report,dbo
ctsinazprdedssqlmi.inso1a101c37461fa.database.windows.net,EDS_PRD_R1_Cloud_RSO_PUB,ESA_PS_RS_ATTACHMENTS_STG_CURR,EDS_CURR_STG,CTSAZMIPDPCRSR1.INSO1A101C37461FA.DATABASE.WINDOWS.NET,CentralRepository_Report,dbo
ctsinazprdedssqlmi.inso1a101c37461fa.database.windows.net,EDS_PRD_R1_Cloud_RSO_PUB,FMS_PS_CTS_GL_ACCT_STG_STG_CURR,EDS_CURR_STG,CTSAZMIPDPCRSR1.INSO1A101C37461FA.DATABASE.WINDOWS.NET,CentralRepository_Report,dbo
ctsinazprdedssqlmi.inso1a101c37461fa.database.windows.net,EDS_PRD_R1_Cloud_RSO_PUB,FMS_PS_CTS_GLBUSUNT_VW_STG_CURR,EDS_CURR_STG,CTSAZMIPDPCRSR1.INSO1A101C37461FA.DATABASE.WINDOWS.NET,CentralRepository_Report,dbo
ctsinazprdedssqlmi.inso1a101c37461fa.database.windows.net,EDS_PRD_R1_Cloud_RSO_PUB,FMS_PS_CTS_PMT_STEP_VW_STG_CURR,EDS_CURR_STG,CTSAZMIPDPCRSR1.INSO1A101C37461FA.DATABASE.WINDOWS.NET,CentralRepository_Report,dbo
ctsinazprdedssqlmi.inso1a101c37461fa.database.windows.net,EDS_PRD_R1_Cloud_RSO_PUB,FMS_PS_CTS_PMT_TRMS_VW_STG_CURR,EDS_CURR_STG,CTSAZMIPDPCRSR1.INSO1A101C37461FA.DATABASE.WINDOWS.NET,CentralRepository_Report,dbo
ctsinazprdedssqlmi.inso1a101c37461fa.database.windows.net,EDS_PRD_R1_Cloud_RSO_PUB,FMS_PS_CTS_PYMT_DET_VW_STG_CURR,EDS_CURR_STG,CTSAZMIPDPCRSR1.INSO1A101C37461FA.DATABASE.WINDOWS.NET,CentralRepository_Report,dbo
ctsinazprdedssqlmi.inso1a101c37461fa.database.windows.net,EDS_PRD_R1_Cloud_RSO_PUB,FMS_PS_CTS_VDR_LOC_STG_STG_CURR,EDS_CURR_STG,CTSAZMIPDPCRSR1.INSO1A101C37461FA.DATABASE.WINDOWS.NET,CentralRepository_Report,dbo
ctsinazprdedssqlmi.inso1a101c37461fa.database.windows.net,EDS_PRD_R1_Cloud_RSO_PUB,FMS_PS_CTS_VDR_ORG_STG_STG_CURR,EDS_CURR_STG,CTSAZMIPDPCRSR1.INSO1A101C37461FA.DATABASE.WINDOWS.NET,CentralRepository_Report,dbo
ctsinazprdedssqlmi.inso1a101c37461fa.database.windows.net,EDS_PRD_R1_Cloud_RSO_PUB,FMS_PS_CTS_VDR_SUP_STG_STG_CURR,EDS_CURR_STG,CTSAZMIPDPCRSR1.INSO1A101C37461FA.DATABASE.WINDOWS.NET,CentralRepository_Report,dbo
ctsinazprdedssqlmi.inso1a101c37461fa.database.windows.net,EDS_PRD_R1_Cloud_RSO_PUB,FMS_PS_CTS_VNDR_ID_STG_STG_CURR,EDS_CURR_STG,CTSAZMIPDPCRSR1.INSO1A101C37461FA.DATABASE.WINDOWS.NET,CentralRepository_Report,dbo
ctsinazprdedssqlmi.inso1a101c37461fa.database.windows.net,EDS_PRD_R1_Cloud_RSO_PUB,FMS_PS_CTS_VNDR_STG_STG_CURR,EDS_CURR_STG,CTSAZMIPDPCRSR1.INSO1A101C37461FA.DATABASE.WINDOWS.NET,CentralRepository_Report,dbo
ctsinazprdedssqlmi.inso1a101c37461fa.database.windows.net,EDS_PRD_R1_Cloud_RSO_PUB,FMS_PS_DEPT_TBL_STG_CURR,EDS_CURR_STG,CTSAZMIPDPCRSR1.INSO1A101C37461FA.DATABASE.WINDOWS.NET,CentralRepository_Report,dbo
ctsinazprdedssqlmi.inso1a101c37461fa.database.windows.net,EDS_PRD_R1_Cloud_RSO_PUB,FMS_PS_RT_RATE_TBL_STG_CURR,EDS_CURR_STG,CTSAZMIPDPCRSR1.INSO1A101C37461FA.DATABASE.WINDOWS.NET,CentralRepository_Report,dbo
ctsinazprdedssqlmi.inso1a101c37461fa.database.windows.net,EDS_PRD_R1_Cloud_RSO_PUB,FMS_PS_VENDOR_STG_CURR,EDS_CURR_STG,CTSAZMIPDPCRSR1.INSO1A101C37461FA.DATABASE.WINDOWS.NET,CentralRepository_Report,dbo
ctsinazprdedssqlmi.inso1a101c37461fa.database.windows.net,EDS_PRD_R1_Cloud_RSO_PUB,HCM_PF_Associate_Skills_STG_CURR,EDS_CURR_STG,CTSAZMIPDPCRSR1.INSO1A101C37461FA.DATABASE.WINDOWS.NET,CentralRepository_Report,dbo
ctsinazprdedssqlmi.inso1a101c37461fa.database.windows.net,EDS_PRD_R1_Cloud_RSO_PUB,HCM_PF_ParentChildMapping_STG_CURR_MIG,CRS_BASE_TBL,CTSAZMIPDPCRSR1.INSO1A101C37461FA.DATABASE.WINDOWS.NET,CentralRepository_Report,dbo
ctsinazprdedssqlmi.inso1a101c37461fa.database.windows.net,EDS_PRD_R1_Cloud_RSO_PUB,HCM_PF_SKILL_CAT_ITEMS_STG_CURR_MIG,CRS_BASE_TBL,CTSAZMIPDPCRSR1.INSO1A101C37461FA.DATABASE.WINDOWS.NET,CentralRepository_Report,dbo
ctsinazprdedssqlmi.inso1a101c37461fa.database.windows.net,EDS_PRD_R1_Cloud_RSO_PUB,HCM_PS_BUS_UNIT_OPT_HR_STG_CURR,EDS_CURR_STG,CTSAZMIPDPCRSR1.INSO1A101C37461FA.DATABASE.WINDOWS.NET,CentralRepository_Report,dbo
ctsinazprdedssqlmi.inso1a101c37461fa.database.windows.net,EDS_PRD_R1_Cloud_RSO_PUB,HCM_PS_BUS_UNIT_TBL_HR_STG_CURR,EDS_CURR_STG,CTSAZMIPDPCRSR1.INSO1A101C37461FA.DATABASE.WINDOWS.NET,CentralRepository_Report,dbo
ctsinazprdedssqlmi.inso1a101c37461fa.database.windows.net,EDS_PRD_R1_Cloud_RSO_PUB,HCM_PS_CM_ROLE_COMPS_STG_CURR,EDS_CURR_STG,CTSAZMIPDPCRSR1.INSO1A101C37461FA.DATABASE.WINDOWS.NET,CentralRepository_Report,dbo
ctsinazprdedssqlmi.inso1a101c37461fa.database.windows.net,EDS_PRD_R1_Cloud_RSO_PUB,HCM_PS_COUNTRY_TBL_STG_CURR,EDS_CURR_STG,CTSAZMIPDPCRSR1.INSO1A101C37461FA.DATABASE.WINDOWS.NET,CentralRepository_Report,dbo
ctsinazprdedssqlmi.inso1a101c37461fa.database.windows.net,EDS_PRD_R1_Cloud_RSO_PUB,HCM_PS_CT_CLUSTERSETUP_STG_CURR,EDS_CURR_STG,CTSAZMIPDPCRSR1.INSO1A101C37461FA.DATABASE.WINDOWS.NET,CentralRepository_Report,dbo
ctsinazprdedssqlmi.inso1a101c37461fa.database.windows.net,EDS_PRD_R1_Cloud_RSO_PUB,HCM_PS_CT_DEPT_TYPE_STG_CURR,EDS_CURR_STG,CTSAZMIPDPCRSR1.INSO1A101C37461FA.DATABASE.WINDOWS.NET,CentralRepository_Report,dbo
ctsinazprdedssqlmi.inso1a101c37461fa.database.windows.net,EDS_PRD_R1_Cloud_RSO_PUB,HCM_PS_CT_FIN_MIS_STUP_STG_CURR,EDS_CURR_STG,CTSAZMIPDPCRSR1.INSO1A101C37461FA.DATABASE.WINDOWS.NET,CentralRepository_Report,dbo
ctsinazprdedssqlmi.inso1a101c37461fa.database.windows.net,EDS_PRD_R1_Cloud_RSO_PUB,HCM_PS_CT_GBL_HCM_SFBD_STG_CURR,EDS_CURR_STG,CTSAZMIPDPCRSR1.INSO1A101C37461FA.DATABASE.WINDOWS.NET,CentralRepository_Report,dbo
ctsinazprdedssqlmi.inso1a101c37461fa.database.windows.net,EDS_PRD_R1_Cloud_RSO_PUB,HCM_PS_CT_MA_EMP_CMPY_STG_CURR,EDS_CURR_STG,CTSAZMIPDPCRSR1.INSO1A101C37461FA.DATABASE.WINDOWS.NET,CentralRepository_Report,dbo
ctsinazprdedssqlmi.inso1a101c37461fa.database.windows.net,EDS_PRD_R1_Cloud_RSO_PUB,HCM_PS_CT_ODC_EMPL_TBL_STG_CURR,EDS_CURR_STG,CTSAZMIPDPCRSR1.INSO1A101C37461FA.DATABASE.WINDOWS.NET,CentralRepository_Report,dbo
ctsinazprdedssqlmi.inso1a101c37461fa.database.windows.net,EDS_PRD_R1_Cloud_RSO_PUB,HCM_PS_CT_ODC_TM_TBL_STG_CURR,EDS_CURR_STG,CTSAZMIPDPCRSR1.INSO1A101C37461FA.DATABASE.WINDOWS.NET,CentralRepository_Report,dbo
ctsinazprdedssqlmi.inso1a101c37461fa.database.windows.net,EDS_PRD_R1_Cloud_RSO_PUB,HCM_PS_CT_PF_NUMBER_STG_CURR,EDS_CURR_STG,CTSAZMIPDPCRSR1.INSO1A101C37461FA.DATABASE.WINDOWS.NET,CentralRepository_Report,dbo
ctsinazprdedssqlmi.inso1a101c37461fa.database.windows.net,EDS_PRD_R1_Cloud_RSO_PUB,HCM_PS_CT_STATE_TBL_STG_CURR,EDS_CURR_STG,CTSAZMIPDPCRSR1.INSO1A101C37461FA.DATABASE.WINDOWS.NET,CentralRepository_Report,dbo
ctsinazprdedssqlmi.inso1a101c37461fa.database.windows.net,EDS_PRD_R1_Cloud_RSO_PUB,HCM_PS_CT_STATE_TBL_VW_CRS_STG_CURR,EDS_CURR_STG,CTSAZMIPDPCRSR1.INSO1A101C37461FA.DATABASE.WINDOWS.NET,CentralRepository_Report,dbo
ctsinazprdedssqlmi.inso1a101c37461fa.database.windows.net,EDS_PRD_R1_Cloud_RSO_PUB,HCM_PS_CT_STRINGS_TBL_STG_CURR,EDS_CURR_STG,CTSAZMIPDPCRSR1.INSO1A101C37461FA.DATABASE.WINDOWS.NET,CentralRepository_Report,dbo
ctsinazprdedssqlmi.inso1a101c37461fa.database.windows.net,EDS_PRD_R1_Cloud_RSO_PUB,HCM_PS_CT_TM_TBL_GBL_STG_CURR,EDS_CURR_STG,CTSAZMIPDPCRSR1.INSO1A101C37461FA.DATABASE.WINDOWS.NET,CentralRepository_Report,dbo
ctsinazprdedssqlmi.inso1a101c37461fa.database.windows.net,EDS_PRD_R1_Cloud_RSO_PUB,HCM_PS_DEPT_TBL_STG_CURR,EDS_CURR_STG,CTSAZMIPDPCRSR1.INSO1A101C37461FA.DATABASE.WINDOWS.NET,CentralRepository_Report,dbo
ctsinazprdedssqlmi.inso1a101c37461fa.database.windows.net,EDS_PRD_R1_Cloud_RSO_PUB,HCM_PS_HOLIDAY_TBL_STG_CURR,EDS_CURR_STG,CTSAZMIPDPCRSR1.INSO1A101C37461FA.DATABASE.WINDOWS.NET,CentralRepository_Report,dbo
ctsinazprdedssqlmi.inso1a101c37461fa.database.windows.net,EDS_PRD_R1_Cloud_RSO_PUB,HCM_PS_JOBCODE_TBL_STG_CURR,EDS_CURR_STG,CTSAZMIPDPCRSR1.INSO1A101C37461FA.DATABASE.WINDOWS.NET,CentralRepository_Report,dbo
ctsinazprdedssqlmi.inso1a101c37461fa.database.windows.net,EDS_PRD_R1_Cloud_RSO_PUB,HCM_PS_JPM_CAT_GMEMB_STG_CURR,EDS_CURR_STG,CTSAZMIPDPCRSR1.INSO1A101C37461FA.DATABASE.WINDOWS.NET,CentralRepository_Report,dbo
ctsinazprdedssqlmi.inso1a101c37461fa.database.windows.net,EDS_PRD_R1_Cloud_RSO_PUB,HCM_PS_JPM_CAT_GROUPS_STG_CURR,EDS_CURR_STG,CTSAZMIPDPCRSR1.INSO1A101C37461FA.DATABASE.WINDOWS.NET,CentralRepository_Report,dbo
ctsinazprdedssqlmi.inso1a101c37461fa.database.windows.net,EDS_PRD_R1_Cloud_RSO_PUB,HCM_PS_JPM_CAT_I_RLAT_STG_CURR,EDS_CURR_STG,CTSAZMIPDPCRSR1.INSO1A101C37461FA.DATABASE.WINDOWS.NET,CentralRepository_Report,dbo
ctsinazprdedssqlmi.inso1a101c37461fa.database.windows.net,EDS_PRD_R1_Cloud_RSO_PUB,HCM_PS_PRIORWORK_EXPER_STG_CURR,EDS_CURR_STG,CTSAZMIPDPCRSR1.INSO1A101C37461FA.DATABASE.WINDOWS.NET,CentralRepository_Report,dbo
ctsinazprdedssqlmi.inso1a101c37461fa.database.windows.net,EDS_PRD_R1_Cloud_RSO_PUB,HCM_PS_REG_REGION_TBL_STG_CURR,EDS_CURR_STG,CTSAZMIPDPCRSR1.INSO1A101C37461FA.DATABASE.WINDOWS.NET,CentralRepository_Report,dbo
ctsinazprdedssqlmi.inso1a101c37461fa.database.windows.net,EDS_PRD_R1_Cloud_RSO_PUB,HCM_PS_SETID_TBL_STG_CURR,EDS_CURR_STG,CTSAZMIPDPCRSR1.INSO1A101C37461FA.DATABASE.WINDOWS.NET,CentralRepository_Report,dbo
ctsinazprdedssqlmi.inso1a101c37461fa.database.windows.net,EDS_PRD_R1_Cloud_RSO_PUB,HCM_PS_VISA_PERMIT_TBL_STG_CURR,EDS_CURR_STG,CTSAZMIPDPCRSR1.INSO1A101C37461FA.DATABASE.WINDOWS.NET,CentralRepository_Report,dbo
ctsinazprdedssqlmi.inso1a101c37461fa.database.windows.net,EDS_PRD_R1_Cloud_RSO_PUB,IC_IC_SGA_FEED_STG_CURR,EDS_CURR_STG,CTSAZMIPDPCRSR1.INSO1A101C37461FA.DATABASE.WINDOWS.NET,CentralRepository_Report,dbo
ctsinazprdedssqlmi.inso1a101c37461fa.database.windows.net,EDS_PRD_R1_Cloud_RSO_PUB,IC_TICPROJECTGRID_STG_CURR,EDS_CURR_STG,CTSAZMIPDPCRSR1.INSO1A101C37461FA.DATABASE.WINDOWS.NET,CentralRepository_Report,dbo
ctsinazprdedssqlmi.inso1a101c37461fa.database.windows.net,EDS_PRD_R1_Cloud_RSO_PUB,LM_AccessManagement_STG_CURR,EDS_CURR_STG,CTSAZMIPDPCRSR1.INSO1A101C37461FA.DATABASE.WINDOWS.NET,CentralRepository_Report,dbo
ctsinazprdedssqlmi.inso1a101c37461fa.database.windows.net,EDS_PRD_R1_Cloud_RSO_PUB,LM_AccessTagging_STG_CURR,EDS_CURR_STG,CTSAZMIPDPCRSR1.INSO1A101C37461FA.DATABASE.WINDOWS.NET,CentralRepository_Report,dbo
ctsinazprdedssqlmi.inso1a101c37461fa.database.windows.net,EDS_PRD_R1_Cloud_RSO_PUB,LM_vw_CompanyMaster_STG_CURR,EDS_CURR_STG,CTSAZMIPDPCRSR1.INSO1A101C37461FA.DATABASE.WINDOWS.NET,CentralRepository_Report,dbo
ctsinazprdedssqlmi.inso1a101c37461fa.database.windows.net,EDS_PRD_R1_Cloud_RSO_PUB,LM_vw_LegalCompanymaster_STG_CURR,EDS_CURR_STG,CTSAZMIPDPCRSR1.INSO1A101C37461FA.DATABASE.WINDOWS.NET,CentralRepository_Report,dbo
ctsinazprdedssqlmi.inso1a101c37461fa.database.windows.net,EDS_PRD_R1_Cloud_RSO_PUB,LM_vw_LocationMaster_STG_CURR,EDS_CURR_STG,CTSAZMIPDPCRSR1.INSO1A101C37461FA.DATABASE.WINDOWS.NET,CentralRepository_Report,dbo
ctsinazprdedssqlmi.inso1a101c37461fa.database.windows.net,EDS_PRD_R1_Cloud_RSO_PUB,LM_vw_ReplicationMaster_STG_CURR,EDS_CURR_STG,CTSAZMIPDPCRSR1.INSO1A101C37461FA.DATABASE.WINDOWS.NET,CentralRepository_Report,dbo
ctsinazprdedssqlmi.inso1a101c37461fa.database.windows.net,EDS_PRD_R1_Cloud_RSO_PUB,LM_vw_SetIDMaster_STG_CURR,EDS_CURR_STG,CTSAZMIPDPCRSR1.INSO1A101C37461FA.DATABASE.WINDOWS.NET,CentralRepository_Report,dbo
ctsinazprdedssqlmi.inso1a101c37461fa.database.windows.net,EDS_PRD_R1_Cloud_RSO_PUB,LMS_ACTIVITYSKILL_STG_CURR,EDS_CURR_STG,CTSAZMIPDPCRSR1.INSO1A101C37461FA.DATABASE.WINDOWS.NET,CentralRepository_Report,dbo
ctsinazprdedssqlmi.inso1a101c37461fa.database.windows.net,EDS_PRD_R1_Cloud_RSO_PUB,LMS_ACTIVITYVIRTUALLABDETAIL_STG_CURR,EDS_CURR_STG,CTSAZMIPDPCRSR1.INSO1A101C37461FA.DATABASE.WINDOWS.NET,CentralRepository_Report,dbo
ctsinazprdedssqlmi.inso1a101c37461fa.database.windows.net,EDS_PRD_R1_Cloud_RSO_PUB,LMS_ACTLABEL_STG_CURR,EDS_CURR_STG,CTSAZMIPDPCRSR1.INSO1A101C37461FA.DATABASE.WINDOWS.NET,CentralRepository_Report,dbo
ctsinazprdedssqlmi.inso1a101c37461fa.database.windows.net,EDS_PRD_R1_Cloud_RSO_PUB,LMS_LOC_STG_CURR,EDS_CURR_STG,CTSAZMIPDPCRSR1.INSO1A101C37461FA.DATABASE.WINDOWS.NET,CentralRepository_Report,dbo
ctsinazprdedssqlmi.inso1a101c37461fa.database.windows.net,EDS_PRD_R1_Cloud_RSO_PUB,LMS_PERSON_STG_CURR,EDS_CURR_STG,CTSAZMIPDPCRSR1.INSO1A101C37461FA.DATABASE.WINDOWS.NET,CentralRepository_Report,dbo
ctsinazprdedssqlmi.inso1a101c37461fa.database.windows.net,EDS_PRD_R1_Cloud_RSO_PUB,LMS_PERSONACQUIREDSKILL_STG_CURR,EDS_CURR_STG,CTSAZMIPDPCRSR1.INSO1A101C37461FA.DATABASE.WINDOWS.NET,CentralRepository_Report,dbo
ctsinazprdedssqlmi.inso1a101c37461fa.database.windows.net,EDS_PRD_R1_Cloud_RSO_PUB,LMS_PERSONOPTIONAL1_STG_CURR,EDS_CURR_STG,CTSAZMIPDPCRSR1.INSO1A101C37461FA.DATABASE.WINDOWS.NET,CentralRepository_Report,dbo
ctsinazprdedssqlmi.inso1a101c37461fa.database.windows.net,EDS_PRD_R1_Cloud_RSO_PUB,LMS_REGISTRATIONOFFERINGTEMPLATE_STG_CURR,EDS_CURR_STG,CTSAZMIPDPCRSR1.INSO1A101C37461FA.DATABASE.WINDOWS.NET,CentralRepository_Report,dbo
ctsinazprdedssqlmi.inso1a101c37461fa.database.windows.net,EDS_PRD_R1_Cloud_RSO_PUB,LMS_SKILLMASTER_STG_CURR,EDS_CURR_STG,CTSAZMIPDPCRSR1.INSO1A101C37461FA.DATABASE.WINDOWS.NET,CentralRepository_Report,dbo
ctsinazprdedssqlmi.inso1a101c37461fa.database.windows.net,EDS_PRD_R1_Cloud_RSO_PUB,LMS_STG_ActAudReq_STG_CURR,EDS_CURR_STG,CTSAZMIPDPCRSR1.INSO1A101C37461FA.DATABASE.WINDOWS.NET,CentralRepository_Report,dbo
ctsinazprdedssqlmi.inso1a101c37461fa.database.windows.net,EDS_PRD_R1_Cloud_RSO_PUB,LMS_STG_Code_STG_CURR,EDS_CURR_STG,CTSAZMIPDPCRSR1.INSO1A101C37461FA.DATABASE.WINDOWS.NET,CentralRepository_Report,dbo
ctsinazprdedssqlmi.inso1a101c37461fa.database.windows.net,EDS_PRD_R1_Cloud_RSO_PUB,LMS_STG_FAC_STG_CURR,EDS_CURR_STG,CTSAZMIPDPCRSR1.INSO1A101C37461FA.DATABASE.WINDOWS.NET,CentralRepository_Report,dbo
ctsinazprdedssqlmi.inso1a101c37461fa.database.windows.net,EDS_PRD_R1_Cloud_RSO_PUB,LMS_TBL_TMX_ACTADDITIONALPROP_STG_CURR,EDS_CURR_STG,CTSAZMIPDPCRSR1.INSO1A101C37461FA.DATABASE.WINDOWS.NET,CentralRepository_Report,dbo
ctsinazprdedssqlmi.inso1a101c37461fa.database.windows.net,EDS_PRD_R1_Cloud_RSO_PUB,LMS_TBL_TMX_ACTCBT_STG_CURR,EDS_CURR_STG,CTSAZMIPDPCRSR1.INSO1A101C37461FA.DATABASE.WINDOWS.NET,CentralRepository_Report,dbo
ctsinazprdedssqlmi.inso1a101c37461fa.database.windows.net,EDS_PRD_R1_Cloud_RSO_PUB,LMS_TBL_TMX_ACTINST_STG_CURR,EDS_CURR_STG,CTSAZMIPDPCRSR1.INSO1A101C37461FA.DATABASE.WINDOWS.NET,CentralRepository_Report,dbo
ctsinazprdedssqlmi.inso1a101c37461fa.database.windows.net,EDS_PRD_R1_Cloud_RSO_PUB,LMS_TBL_TMX_ACTIVITY_STG_CURR,EDS_CURR_STG,CTSAZMIPDPCRSR1.INSO1A101C37461FA.DATABASE.WINDOWS.NET,CentralRepository_Report,dbo
ctsinazprdedssqlmi.inso1a101c37461fa.database.windows.net,EDS_PRD_R1_Cloud_RSO_PUB,LMS_TBL_TMX_ACTLOC_STG_CURR,EDS_CURR_STG,CTSAZMIPDPCRSR1.INSO1A101C37461FA.DATABASE.WINDOWS.NET,CentralRepository_Report,dbo
ctsinazprdedssqlmi.inso1a101c37461fa.database.windows.net,EDS_PRD_R1_Cloud_RSO_PUB,LMS_TBL_TMX_ACTMETADATA_STG_CURR,EDS_CURR_STG,CTSAZMIPDPCRSR1.INSO1A101C37461FA.DATABASE.WINDOWS.NET,CentralRepository_Report,dbo
ctsinazprdedssqlmi.inso1a101c37461fa.database.windows.net,EDS_PRD_R1_Cloud_RSO_PUB,LMS_TBL_TMX_ATTEMPT_STG_CURR,EDS_CURR_STG,CTSAZMIPDPCRSR1.INSO1A101C37461FA.DATABASE.WINDOWS.NET,CentralRepository_Report,dbo
ctsinazprdedssqlmi.inso1a101c37461fa.database.windows.net,EDS_PRD_R1_Cloud_RSO_PUB,LMS_TBL_TMX_REGISTRATION_STG_CURR,EDS_CURR_STG,CTSAZMIPDPCRSR1.INSO1A101C37461FA.DATABASE.WINDOWS.NET,CentralRepository_Report,dbo
ctsinazprdedssqlmi.inso1a101c37461fa.database.windows.net,EDS_PRD_R1_Cloud_RSO_PUB,LMS_TBL_TMX_REGTRANSASSOCIATION_STG_CURR,EDS_CURR_STG,CTSAZMIPDPCRSR1.INSO1A101C37461FA.DATABASE.WINDOWS.NET,CentralRepository_Report,dbo
ctsinazprdedssqlmi.inso1a101c37461fa.database.windows.net,EDS_PRD_R1_Cloud_RSO_PUB,LMS_TBL_TMX_USERREQUIREDACT_STG_CURR,EDS_CURR_STG,CTSAZMIPDPCRSR1.INSO1A101C37461FA.DATABASE.WINDOWS.NET,CentralRepository_Report,dbo
ctsinazprdedssqlmi.inso1a101c37461fa.database.windows.net,EDS_PRD_R1_Cloud_RSO_PUB,LMS_USERVMASSIGNMENT_STG_CURR,EDS_CURR_STG,CTSAZMIPDPCRSR1.INSO1A101C37461FA.DATABASE.WINDOWS.NET,CentralRepository_Report,dbo
ctsinazprdedssqlmi.inso1a101c37461fa.database.windows.net,EDS_PRD_R1_Cloud_RSO_PUB,LMS_VIRTUALLABTRANSACTION_STG_CURR,EDS_CURR_STG,CTSAZMIPDPCRSR1.INSO1A101C37461FA.DATABASE.WINDOWS.NET,CentralRepository_Report,dbo
ctsinazprdedssqlmi.inso1a101c37461fa.database.windows.net,EDS_PRD_R1_Cloud_RSO_PUB,Mainspring_VW_EDS_Archetypeprojectdemographics_STG_CURR,EDS_CURR_STG,CTSAZMIPDPCRSR1.INSO1A101C37461FA.DATABASE.WINDOWS.NET,CentralRepository_Report,dbo
ctsinazprdedssqlmi.inso1a101c37461fa.database.windows.net,EDS_PRD_R1_Cloud_RSO_PUB,NAPRL_vw_ActiveReciprocityDetails_STG_CURR,EDS_CURR_STG,CTSAZMIPDPCRSR1.INSO1A101C37461FA.DATABASE.WINDOWS.NET,CentralRepository_Report,dbo
ctsinazprdedssqlmi.inso1a101c37461fa.database.windows.net,EDS_PRD_R1_Cloud_RSO_PUB,ONBOARDING_Vw_BuddyApp_CandidateData_STG_CURR,EDS_CURR_STG,CTSAZMIPDPCRSR1.INSO1A101C37461FA.DATABASE.WINDOWS.NET,CentralRepository_Report,dbo
ctsinazprdedssqlmi.inso1a101c37461fa.database.windows.net,EDS_PRD_R1_Cloud_RSO_PUB,RHMS_tbl_EDS_BUHierarchyEntityGrouping_STG_CURR,EDS_CURR_STG,CTSAZMIPDPCRSR1.INSO1A101C37461FA.DATABASE.WINDOWS.NET,CentralRepository_Report,dbo
ctsinazprdedssqlmi.inso1a101c37461fa.database.windows.net,EDS_PRD_R1_Cloud_RSO_PUB,RHMS_tbl_EDS_BUVerticalEntityMasterData_STG_CURR,EDS_CURR_STG,CTSAZMIPDPCRSR1.INSO1A101C37461FA.DATABASE.WINDOWS.NET,CentralRepository_Report,dbo
ctsinazprdedssqlmi.inso1a101c37461fa.database.windows.net,EDS_PRD_R1_Cloud_RSO_PUB,RHMS_tbl_EDS_HorizontalToSLPA_Mapping_STG_CURR,EDS_CURR_STG,CTSAZMIPDPCRSR1.INSO1A101C37461FA.DATABASE.WINDOWS.NET,CentralRepository_Report,dbo
ctsinazprdedssqlmi.inso1a101c37461fa.database.windows.net,EDS_PRD_R1_Cloud_RSO_PUB,RHMS_tbl_EDS_RoleMaster_STG_CURR,EDS_CURR_STG,CTSAZMIPDPCRSR1.INSO1A101C37461FA.DATABASE.WINDOWS.NET,CentralRepository_Report,dbo
ctsinazprdedssqlmi.inso1a101c37461fa.database.windows.net,EDS_PRD_R1_Cloud_RSO_PUB,SEZ_VWGETASSOCIATESEZSTATUSDETAILS_STG_CURR,EDS_CURR_STG,CTSAZMIPDPCRSR1.INSO1A101C37461FA.DATABASE.WINDOWS.NET,CentralRepository_Report,dbo
ctsinazprdedssqlmi.inso1a101c37461fa.database.windows.net,EDS_PRD_R1_Cloud_RSO_PUB,SFDC_Account_Segmentation_Mapping_STG_CURR,EDS_CURR_STG,CTSAZMIPDPCRSR1.INSO1A101C37461FA.DATABASE.WINDOWS.NET,CentralRepository_Report,dbo
ctsinazprdedssqlmi.inso1a101c37461fa.database.windows.net,EDS_PRD_R1_Cloud_RSO_PUB,ESA_PS_CTS_BD_PRJ_CHLD_STG_CURR,EDS_CURR_STG,CTSAZMIPDPCRSR1.INSO1A101C37461FA.DATABASE.WINDOWS.NET,CentralRepository_Report,dbo
ctsinazprdedssqlmi.inso1a101c37461fa.database.windows.net,EDS_PRD_R1_Cloud_RSO_PUB,CentralRepository_SelfUpdateContacts_MIG,CRS_BASE_TBL,CTSAZMIPDPCRSR1.INSO1A101C37461FA.DATABASE.WINDOWS.NET,CentralRepository_Report,dbo
ctsinazprdedssqlmi.inso1a101c37461fa.database.windows.net,EDS_PRD_R1_Cloud_RSO_PUB,CentralRepository_Set_ProjectStatus_MIG,CRS_BASE_TBL,CTSAZMIPDPCRSR1.INSO1A101C37461FA.DATABASE.WINDOWS.NET,CentralRepository_Report,dbo
ctsinazprdedssqlmi.inso1a101c37461fa.database.windows.net,EDS_PRD_R1_Cloud_RSO_PUB,AcdmyRprt_cep_sumtotal_associate_target_tbl_STG_CURR,EDS_CURR_STG,CTSAZMIPDPCRSR1.INSO1A101C37461FA.DATABASE.WINDOWS.NET,CentralRepository_Report,dbo
ctsinazprdedssqlmi.inso1a101c37461fa.database.windows.net,EDS_PRD_R1_Cloud_RSO_PUB,Apple_Table_test_EDS,EDS_CURR_STG,CTSAZMIPDPCRSR1.INSO1A101C37461FA.DATABASE.WINDOWS.NET,CentralRepository_Report,dbo
ctsinazprdedssqlmi.inso1a101c37461fa.database.windows.net,EDS_PRD_R1_Cloud_RSO_PUB,BCM_vw_CLeranComplianceDetails_STG_CURR,EDS_CURR_STG,CTSAZMIPDPCRSR1.INSO1A101C37461FA.DATABASE.WINDOWS.NET,CentralRepository_Report,dbo
ctsinazprdedssqlmi.inso1a101c37461fa.database.windows.net,EDS_PRD_R1_Cloud_RSO_PUB,CentralRepository_Accomplishment_MIG,CRS_BASE_TBL,CTSAZMIPDPCRSR1.INSO1A101C37461FA.DATABASE.WINDOWS.NET,CentralRepository_Report,dbo
ctsinazprdedssqlmi.inso1a101c37461fa.database.windows.net,EDS_PRD_R1_Cloud_RSO_PUB,CentralRepository_Action_MIG,CRS_BASE_TBL,CTSAZMIPDPCRSR1.INSO1A101C37461FA.DATABASE.WINDOWS.NET,CentralRepository_Report,dbo
ctsinazprdedssqlmi.inso1a101c37461fa.database.windows.net,EDS_PRD_R1_Cloud_RSO_PUB,CentralRepository_Action_Reason_MIG,CRS_BASE_TBL,CTSAZMIPDPCRSR1.INSO1A101C37461FA.DATABASE.WINDOWS.NET,CentralRepository_Report,dbo
ctsinazprdedssqlmi.inso1a101c37461fa.database.windows.net,EDS_PRD_R1_Cloud_RSO_PUB,CentralRepository_Associate_Details_History_MIG,CRS_BASE_TBL,CTSAZMIPDPCRSR1.INSO1A101C37461FA.DATABASE.WINDOWS.NET,CentralRepository_Report,dbo
ctsinazprdedssqlmi.inso1a101c37461fa.database.windows.net,EDS_PRD_R1_Cloud_RSO_PUB,CentralRepository_Associate_Details_MIG,CRS_BASE_TBL,CTSAZMIPDPCRSR1.INSO1A101C37461FA.DATABASE.WINDOWS.NET,CentralRepository_Report,dbo
ctsinazprdedssqlmi.inso1a101c37461fa.database.windows.net,EDS_PRD_R1_Cloud_RSO_PUB,CentralRepository_Associate_Wise_Revenue_Details_MIG,CRS_BASE_TBL,CTSAZMIPDPCRSR1.INSO1A101C37461FA.DATABASE.WINDOWS.NET,CentralRepository_Report,dbo
ctsinazprdedssqlmi.inso1a101c37461fa.database.windows.net,EDS_PRD_R1_Cloud_RSO_PUB,CentralRepository_AssociateAddress_MIG,CRS_BASE_TBL,CTSAZMIPDPCRSR1.INSO1A101C37461FA.DATABASE.WINDOWS.NET,CentralRepository_Report,dbo
ctsinazprdedssqlmi.inso1a101c37461fa.database.windows.net,EDS_PRD_R1_Cloud_RSO_PUB,CentralRepository_AssociateNationality_MIG,CRS_BASE_TBL,CTSAZMIPDPCRSR1.INSO1A101C37461FA.DATABASE.WINDOWS.NET,CentralRepository_Report,dbo
ctsinazprdedssqlmi.inso1a101c37461fa.database.windows.net,EDS_PRD_R1_Cloud_RSO_PUB,CentralRepository_AssociatePool_MIG,CRS_BASE_TBL,CTSAZMIPDPCRSR1.INSO1A101C37461FA.DATABASE.WINDOWS.NET,CentralRepository_Report,dbo
ctsinazprdedssqlmi.inso1a101c37461fa.database.windows.net,EDS_PRD_R1_Cloud_RSO_PUB,CentralRepository_Beeline_WorkerDownloadData_MIG,CRS_BASE_TBL,CTSAZMIPDPCRSR1.INSO1A101C37461FA.DATABASE.WINDOWS.NET,CentralRepository_Report,dbo
ctsinazprdedssqlmi.inso1a101c37461fa.database.windows.net,EDS_PRD_R1_Cloud_RSO_PUB,CentralRepository_Beeline_WorkerDownloadData_Transaction_MIG,CRS_BASE_TBL,CTSAZMIPDPCRSR1.INSO1A101C37461FA.DATABASE.WINDOWS.NET,CentralRepository_Report,dbo
ctsinazprdedssqlmi.inso1a101c37461fa.database.windows.net,EDS_PRD_R1_Cloud_RSO_PUB,CentralRepository_BeelineWorkerDownloadData_ExceptionHandling_MIG,CRS_BASE_TBL,CTSAZMIPDPCRSR1.INSO1A101C37461FA.DATABASE.WINDOWS.NET,CentralRepository_Report,dbo
ctsinazprdedssqlmi.inso1a101c37461fa.database.windows.net,EDS_PRD_R1_Cloud_RSO_PUB,CentralRepository_Billing_Details_Mig,CRS_BASE_TBL,CTSAZMIPDPCRSR1.INSO1A101C37461FA.DATABASE.WINDOWS.NET,CentralRepository_Report,dbo
ctsinazprdedssqlmi.inso1a101c37461fa.database.windows.net,EDS_PRD_R1_Cloud_RSO_PUB,CENTRALREPOSITORY_CANDIDATEDETAILS_MIG,CRS_BASE_TBL,CTSAZMIPDPCRSR1.INSO1A101C37461FA.DATABASE.WINDOWS.NET,CentralRepository_Report,dbo
ctsinazprdedssqlmi.inso1a101c37461fa.database.windows.net,EDS_PRD_R1_Cloud_RSO_PUB,CentralRepository_Cash_collection_details_MIG,CRS_BASE_TBL,CTSAZMIPDPCRSR1.INSO1A101C37461FA.DATABASE.WINDOWS.NET,CentralRepository_Report,dbo
ctsinazprdedssqlmi.inso1a101c37461fa.database.windows.net,EDS_PRD_R1_Cloud_RSO_PUB,CentralRepository_Cdeploy_Associateproposaldetails_MIG,CRS_BASE_TBL,CTSAZMIPDPCRSR1.INSO1A101C37461FA.DATABASE.WINDOWS.NET,CentralRepository_Report,dbo
ctsinazprdedssqlmi.inso1a101c37461fa.database.windows.net,EDS_PRD_R1_Cloud_RSO_PUB,CentralRepository_Company_Master_MIG,CRS_BASE_TBL,CTSAZMIPDPCRSR1.INSO1A101C37461FA.DATABASE.WINDOWS.NET,CentralRepository_Report,dbo
ctsinazprdedssqlmi.inso1a101c37461fa.database.windows.net,EDS_PRD_R1_Cloud_RSO_PUB,CentralRepository_Competency_Type_MIG,CRS_BASE_TBL,CTSAZMIPDPCRSR1.INSO1A101C37461FA.DATABASE.WINDOWS.NET,CentralRepository_Report,dbo
ctsinazprdedssqlmi.inso1a101c37461fa.database.windows.net,EDS_PRD_R1_Cloud_RSO_PUB,CentralRepository_Contacts_MIG,CRS_BASE_TBL,CTSAZMIPDPCRSR1.INSO1A101C37461FA.DATABASE.WINDOWS.NET,CentralRepository_Report,dbo
ctsinazprdedssqlmi.inso1a101c37461fa.database.windows.net,EDS_PRD_R1_Cloud_RSO_PUB,CentralRepository_Contracts,CRS_BASE_TBL,CTSAZMIPDPCRSR1.INSO1A101C37461FA.DATABASE.WINDOWS.NET,CentralRepository_Report,dbo
ctsinazprdedssqlmi.inso1a101c37461fa.database.windows.net,EDS_PRD_R1_Cloud_RSO_PUB,CentralRepository_Currency_Details_MIG,CRS_BASE_TBL,CTSAZMIPDPCRSR1.INSO1A101C37461FA.DATABASE.WINDOWS.NET,CentralRepository_Report,dbo
ctsinazprdedssqlmi.inso1a101c37461fa.database.windows.net,EDS_PRD_R1_Cloud_RSO_PUB,CentralRepository_Department_TreeMaster_MIG,CRS_BASE_TBL,CTSAZMIPDPCRSR1.INSO1A101C37461FA.DATABASE.WINDOWS.NET,CentralRepository_Report,dbo
ctsinazprdedssqlmi.inso1a101c37461fa.database.windows.net,EDS_PRD_R1_Cloud_RSO_PUB,CentralRepository_DepartmentVerticalMapping,CRS_BASE_TBL,CTSAZMIPDPCRSR1.INSO1A101C37461FA.DATABASE.WINDOWS.NET,CentralRepository_Report,dbo
ctsinazprdedssqlmi.inso1a101c37461fa.database.windows.net,EDS_PRD_R1_Cloud_RSO_PUB,CentralRepository_DependentAddress_MIG,CRS_BASE_TBL,CTSAZMIPDPCRSR1.INSO1A101C37461FA.DATABASE.WINDOWS.NET,CentralRepository_Report,dbo
ctsinazprdedssqlmi.inso1a101c37461fa.database.windows.net,EDS_PRD_R1_Cloud_RSO_PUB,CentralRepository_DependentName_MIG,CRS_BASE_TBL,CTSAZMIPDPCRSR1.INSO1A101C37461FA.DATABASE.WINDOWS.NET,CentralRepository_Report,dbo
ctsinazprdedssqlmi.inso1a101c37461fa.database.windows.net,EDS_PRD_R1_Cloud_RSO_PUB,CentralRepository_DependentPhonenumber_MIG,CRS_BASE_TBL,CTSAZMIPDPCRSR1.INSO1A101C37461FA.DATABASE.WINDOWS.NET,CentralRepository_Report,dbo
ctsinazprdedssqlmi.inso1a101c37461fa.database.windows.net,EDS_PRD_R1_Cloud_RSO_PUB,CentralRepository_DependentRelationship_MIG,CRS_BASE_TBL,CTSAZMIPDPCRSR1.INSO1A101C37461FA.DATABASE.WINDOWS.NET,CentralRepository_Report,dbo
ctsinazprdedssqlmi.inso1a101c37461fa.database.windows.net,EDS_PRD_R1_Cloud_RSO_PUB,CentralRepository_EAM_Current_bal_MIG,CRS_BASE_TBL,CTSAZMIPDPCRSR1.INSO1A101C37461FA.DATABASE.WINDOWS.NET,CentralRepository_Report,dbo
ctsinazprdedssqlmi.inso1a101c37461fa.database.windows.net,EDS_PRD_R1_Cloud_RSO_PUB,CentralRepository_EAM_Leavedata_MIG,CRS_BASE_TBL,CTSAZMIPDPCRSR1.INSO1A101C37461FA.DATABASE.WINDOWS.NET,CentralRepository_Report,dbo
ctsinazprdedssqlmi.inso1a101c37461fa.database.windows.net,EDS_PRD_R1_Cloud_RSO_PUB,CentralRepository_EAM_LeaveMaster_MIG,CRS_BASE_TBL,CTSAZMIPDPCRSR1.INSO1A101C37461FA.DATABASE.WINDOWS.NET,CentralRepository_Report,dbo
ctsinazprdedssqlmi.inso1a101c37461fa.database.windows.net,EDS_PRD_R1_Cloud_RSO_PUB,CentralRepository_EAM_PerdayLeaveData_MIG,CRS_BASE_TBL,CTSAZMIPDPCRSR1.INSO1A101C37461FA.DATABASE.WINDOWS.NET,CentralRepository_Report,dbo
ctsinazprdedssqlmi.inso1a101c37461fa.database.windows.net,EDS_PRD_R1_Cloud_RSO_PUB,CentralRepository_Email_Address_MIG,CRS_BASE_TBL,CTSAZMIPDPCRSR1.INSO1A101C37461FA.DATABASE.WINDOWS.NET,CentralRepository_Report,dbo
ctsinazprdedssqlmi.inso1a101c37461fa.database.windows.net,EDS_PRD_R1_Cloud_RSO_PUB,CentralRepository_EmergencyContact_MIG,CRS_BASE_TBL,CTSAZMIPDPCRSR1.INSO1A101C37461FA.DATABASE.WINDOWS.NET,CentralRepository_Report,dbo
ctsinazprdedssqlmi.inso1a101c37461fa.database.windows.net,EDS_PRD_R1_Cloud_RSO_PUB,CentralRepository_Entity_Details_MIG,CRS_BASE_TBL,CTSAZMIPDPCRSR1.INSO1A101C37461FA.DATABASE.WINDOWS.NET,CentralRepository_Report,dbo
ctsinazprdedssqlmi.inso1a101c37461fa.database.windows.net,EDS_PRD_R1_Cloud_RSO_PUB,CentralRepository_ESA_Actual_Forecasted_Efforts_Data_Mig,CRS_BASE_TBL,CTSAZMIPDPCRSR1.INSO1A101C37461FA.DATABASE.WINDOWS.NET,CentralRepository_Report,dbo
ctsinazprdedssqlmi.inso1a101c37461fa.database.windows.net,EDS_PRD_R1_Cloud_RSO_PUB,CentralRepository_ESA_Allocation_MIG,CRS_BASE_TBL,CTSAZMIPDPCRSR1.INSO1A101C37461FA.DATABASE.WINDOWS.NET,CentralRepository_Report,dbo
ctsinazprdedssqlmi.inso1a101c37461fa.database.windows.net,EDS_PRD_R1_Cloud_RSO_PUB,CentralRepository_ESA_Eligibleprojectmanager_MIG,CRS_BASE_TBL,CTSAZMIPDPCRSR1.INSO1A101C37461FA.DATABASE.WINDOWS.NET,CentralRepository_Report,dbo
ctsinazprdedssqlmi.inso1a101c37461fa.database.windows.net,EDS_PRD_R1_Cloud_RSO_PUB,CentralRepository_ESA_ProjectSupervisor_MIG,CRS_BASE_TBL,CTSAZMIPDPCRSR1.INSO1A101C37461FA.DATABASE.WINDOWS.NET,CentralRepository_Report,dbo
ctsinazprdedssqlmi.inso1a101c37461fa.database.windows.net,EDS_PRD_R1_Cloud_RSO_PUB,CentralRepository_ESA_Role_Master_MIG,CRS_BASE_TBL,CTSAZMIPDPCRSR1.INSO1A101C37461FA.DATABASE.WINDOWS.NET,CentralRepository_Report,dbo
ctsinazprdedssqlmi.inso1a101c37461fa.database.windows.net,EDS_PRD_R1_Cloud_RSO_PUB,CentralRepository_ESA_SubHorizontal_MIG,CRS_BASE_TBL,CTSAZMIPDPCRSR1.INSO1A101C37461FA.DATABASE.WINDOWS.NET,CentralRepository_Report,dbo
ctsinazprdedssqlmi.inso1a101c37461fa.database.windows.net,EDS_PRD_R1_Cloud_RSO_PUB,CentralRepository_EstablishmentMaster_MIG,CRS_BASE_TBL,CTSAZMIPDPCRSR1.INSO1A101C37461FA.DATABASE.WINDOWS.NET,CentralRepository_Report,dbo
ctsinazprdedssqlmi.inso1a101c37461fa.database.windows.net,EDS_PRD_R1_Cloud_RSO_PUB,CentralRepository_FBD_contract_details_MIG,CRS_BASE_TBL,CTSAZMIPDPCRSR1.INSO1A101C37461FA.DATABASE.WINDOWS.NET,CentralRepository_Report,dbo
ctsinazprdedssqlmi.inso1a101c37461fa.database.windows.net,EDS_PRD_R1_Cloud_RSO_PUB,CentralRepository_Fixed_Bid_Revenue_forecast_report_Mig,CRS_BASE_TBL,CTSAZMIPDPCRSR1.INSO1A101C37461FA.DATABASE.WINDOWS.NET,CentralRepository_Report,dbo
ctsinazprdedssqlmi.inso1a101c37461fa.database.windows.net,EDS_PRD_R1_Cloud_RSO_PUB,Centralrepository_ForecastFBD_CRS_MIG,CRS_BASE_TBL,CTSAZMIPDPCRSR1.INSO1A101C37461FA.DATABASE.WINDOWS.NET,CentralRepository_Report,dbo
ctsinazprdedssqlmi.inso1a101c37461fa.database.windows.net,EDS_PRD_R1_Cloud_RSO_PUB,CentralRepository_Grade_Master_MIG,CRS_BASE_TBL,CTSAZMIPDPCRSR1.INSO1A101C37461FA.DATABASE.WINDOWS.NET,CentralRepository_Report,dbo
ctsinazprdedssqlmi.inso1a101c37461fa.database.windows.net,EDS_PRD_R1_Cloud_RSO_PUB,CentralRepository_GSMS_AssociateSeatInfo_MIG,CRS_BASE_TBL,CTSAZMIPDPCRSR1.INSO1A101C37461FA.DATABASE.WINDOWS.NET,CentralRepository_Report,dbo
ctsinazprdedssqlmi.inso1a101c37461fa.database.windows.net,EDS_PRD_R1_Cloud_RSO_PUB,CentralRepository_GSMS_Master_MIG,CRS_BASE_TBL,CTSAZMIPDPCRSR1.INSO1A101C37461FA.DATABASE.WINDOWS.NET,CentralRepository_Report,dbo
ctsinazprdedssqlmi.inso1a101c37461fa.database.windows.net,EDS_PRD_R1_Cloud_RSO_PUB,CentralRepository_GSMS_SeatMaster_MIG,CRS_BASE_TBL,CTSAZMIPDPCRSR1.INSO1A101C37461FA.DATABASE.WINDOWS.NET,CentralRepository_Report,dbo
ctsinazprdedssqlmi.inso1a101c37461fa.database.windows.net,EDS_PRD_R1_Cloud_RSO_PUB,CentralRepository_HCM_AcquiredCompanyDetails_Mig,CRS_BASE_TBL,CTSAZMIPDPCRSR1.INSO1A101C37461FA.DATABASE.WINDOWS.NET,CentralRepository_Report,dbo
ctsinazprdedssqlmi.inso1a101c37461fa.database.windows.net,EDS_PRD_R1_Cloud_RSO_PUB,Centralrepository_HCM_AssociateExitinterviewData_mig,CRS_BASE_TBL,CTSAZMIPDPCRSR1.INSO1A101C37461FA.DATABASE.WINDOWS.NET,CentralRepository_Report,dbo
ctsinazprdedssqlmi.inso1a101c37461fa.database.windows.net,EDS_PRD_R1_Cloud_RSO_PUB,CentralRepository_HCM_CCA_Roles_MIG,CRS_BASE_TBL,CTSAZMIPDPCRSR1.INSO1A101C37461FA.DATABASE.WINDOWS.NET,CentralRepository_Report,dbo
ctsinazprdedssqlmi.inso1a101c37461fa.database.windows.net,EDS_PRD_R1_Cloud_RSO_PUB,CentralRepository_HCM_DirectDepositApprovalStatus_MIG,CRS_BASE_TBL,CTSAZMIPDPCRSR1.INSO1A101C37461FA.DATABASE.WINDOWS.NET,CentralRepository_Report,dbo
ctsinazprdedssqlmi.inso1a101c37461fa.database.windows.net,EDS_PRD_R1_Cloud_RSO_PUB,CentralRepository_HCM_ExitInterview_MIG,CRS_BASE_TBL,CTSAZMIPDPCRSR1.INSO1A101C37461FA.DATABASE.WINDOWS.NET,CentralRepository_Report,dbo
ctsinazprdedssqlmi.inso1a101c37461fa.database.windows.net,EDS_PRD_R1_Cloud_RSO_PUB,Centralrepository_HCM_JobAbandonmentData_MIG,CRS_BASE_TBL,CTSAZMIPDPCRSR1.INSO1A101C37461FA.DATABASE.WINDOWS.NET,CentralRepository_Report,dbo
ctsinazprdedssqlmi.inso1a101c37461fa.database.windows.net,EDS_PRD_R1_Cloud_RSO_PUB,Centralrepository_HCM_LeafLevelProficiency_MIG,CRS_BASE_TBL,CTSAZMIPDPCRSR1.INSO1A101C37461FA.DATABASE.WINDOWS.NET,CentralRepository_Report,dbo
ctsinazprdedssqlmi.inso1a101c37461fa.database.windows.net,EDS_PRD_R1_Cloud_RSO_PUB,CentralRepository_HCM_Offerlettercontentdetails_MIG,CRS_BASE_TBL,CTSAZMIPDPCRSR1.INSO1A101C37461FA.DATABASE.WINDOWS.NET,CentralRepository_Report,dbo
ctsinazprdedssqlmi.inso1a101c37461fa.database.windows.net,EDS_PRD_R1_Cloud_RSO_PUB,CentralRepository_HCM_ResignationReasonDetails_MIG,CRS_BASE_TBL,CTSAZMIPDPCRSR1.INSO1A101C37461FA.DATABASE.WINDOWS.NET,CentralRepository_Report,dbo
ctsinazprdedssqlmi.inso1a101c37461fa.database.windows.net,EDS_PRD_R1_Cloud_RSO_PUB,CentralRepository_HCM_RoleAttributes_MIG,CRS_BASE_TBL,CTSAZMIPDPCRSR1.INSO1A101C37461FA.DATABASE.WINDOWS.NET,CentralRepository_Report,dbo
ctsinazprdedssqlmi.inso1a101c37461fa.database.windows.net,EDS_PRD_R1_Cloud_RSO_PUB,CentralRepository_HCM_RTBmember_MIG,CRS_BASE_TBL,CTSAZMIPDPCRSR1.INSO1A101C37461FA.DATABASE.WINDOWS.NET,CentralRepository_Report,dbo
ctsinazprdedssqlmi.inso1a101c37461fa.database.windows.net,EDS_PRD_R1_Cloud_RSO_PUB,Centralrepository_HCM_USAssociateDetailsHistory_MIG,CRS_BASE_TBL,CTSAZMIPDPCRSR1.INSO1A101C37461FA.DATABASE.WINDOWS.NET,CentralRepository_Report,dbo
ctsinazprdedssqlmi.inso1a101c37461fa.database.windows.net,EDS_PRD_R1_Cloud_RSO_PUB,CentralRepository_HCM_Workaddress_MIG,CRS_BASE_TBL,CTSAZMIPDPCRSR1.INSO1A101C37461FA.DATABASE.WINDOWS.NET,CentralRepository_Report,dbo
ctsinazprdedssqlmi.inso1a101c37461fa.database.windows.net,EDS_PRD_R1_Cloud_RSO_PUB,CentralRepository_HCMLocation_MIG,CRS_BASE_TBL,CTSAZMIPDPCRSR1.INSO1A101C37461FA.DATABASE.WINDOWS.NET,CentralRepository_Report,dbo
ctsinazprdedssqlmi.inso1a101c37461fa.database.windows.net,EDS_PRD_R1_Cloud_RSO_PUB,CentralRepository_HolidayDate_MIG,CRS_BASE_TBL,CTSAZMIPDPCRSR1.INSO1A101C37461FA.DATABASE.WINDOWS.NET,CentralRepository_Report,dbo
ctsinazprdedssqlmi.inso1a101c37461fa.database.windows.net,EDS_PRD_R1_Cloud_RSO_PUB,CentralRepository_Horizontal_Manager_Mig,CRS_BASE_TBL,CTSAZMIPDPCRSR1.INSO1A101C37461FA.DATABASE.WINDOWS.NET,CentralRepository_Report,dbo
ctsinazprdedssqlmi.inso1a101c37461fa.database.windows.net,EDS_PRD_R1_Cloud_RSO_PUB,CentralRepository_Horizontal_master_MIG,CRS_BASE_TBL,CTSAZMIPDPCRSR1.INSO1A101C37461FA.DATABASE.WINDOWS.NET,CentralRepository_Report,dbo
ctsinazprdedssqlmi.inso1a101c37461fa.database.windows.net,EDS_PRD_R1_Cloud_RSO_PUB,CentralRepository_JOB_Reference_MIG,CRS_BASE_TBL,CTSAZMIPDPCRSR1.INSO1A101C37461FA.DATABASE.WINDOWS.NET,CentralRepository_Report,dbo
ctsinazprdedssqlmi.inso1a101c37461fa.database.windows.net,EDS_PRD_R1_Cloud_RSO_PUB,CentralRepository_JobFamilyMaster_MIG,CRS_BASE_TBL,CTSAZMIPDPCRSR1.INSO1A101C37461FA.DATABASE.WINDOWS.NET,CentralRepository_Report,dbo
ctsinazprdedssqlmi.inso1a101c37461fa.database.windows.net,EDS_PRD_R1_Cloud_RSO_PUB,CentralRepository_Jobtask_MIG,CRS_BASE_TBL,CTSAZMIPDPCRSR1.INSO1A101C37461FA.DATABASE.WINDOWS.NET,CentralRepository_Report,dbo
ctsinazprdedssqlmi.inso1a101c37461fa.database.windows.net,EDS_PRD_R1_Cloud_RSO_PUB,CentralRepository_JPMProfileItems_MIG,CRS_BASE_TBL,CTSAZMIPDPCRSR1.INSO1A101C37461FA.DATABASE.WINDOWS.NET,CentralRepository_Report,dbo
ctsinazprdedssqlmi.inso1a101c37461fa.database.windows.net,EDS_PRD_R1_Cloud_RSO_PUB,CentralRepository_MyTravel_Details_MIG,CRS_BASE_TBL,CTSAZMIPDPCRSR1.INSO1A101C37461FA.DATABASE.WINDOWS.NET,CentralRepository_Report,dbo
ctsinazprdedssqlmi.inso1a101c37461fa.database.windows.net,EDS_PRD_R1_Cloud_RSO_PUB,CentralRepository_NAPayroll_NRADetails_MIG,CRS_BASE_TBL,CTSAZMIPDPCRSR1.INSO1A101C37461FA.DATABASE.WINDOWS.NET,CentralRepository_Report,dbo
ctsinazprdedssqlmi.inso1a101c37461fa.database.windows.net,EDS_PRD_R1_Cloud_RSO_PUB,CentralRepository_PassportDetails_MIG,CRS_BASE_TBL,CTSAZMIPDPCRSR1.INSO1A101C37461FA.DATABASE.WINDOWS.NET,CentralRepository_Report,dbo
ctsinazprdedssqlmi.inso1a101c37461fa.database.windows.net,EDS_PRD_R1_Cloud_RSO_PUB,CentralRepository_Pool_MIG,CRS_BASE_TBL,CTSAZMIPDPCRSR1.INSO1A101C37461FA.DATABASE.WINDOWS.NET,CentralRepository_Report,dbo
ctsinazprdedssqlmi.inso1a101c37461fa.database.windows.net,EDS_PRD_R1_Cloud_RSO_PUB,Centralrepository_PRISM_Actuals_mig,CRS_BASE_TBL,CTSAZMIPDPCRSR1.INSO1A101C37461FA.DATABASE.WINDOWS.NET,CentralRepository_Report,dbo
ctsinazprdedssqlmi.inso1a101c37461fa.database.windows.net,EDS_PRD_R1_Cloud_RSO_PUB,Centralrepository_PRISM_Predictions_mig,CRS_BASE_TBL,CTSAZMIPDPCRSR1.INSO1A101C37461FA.DATABASE.WINDOWS.NET,CentralRepository_Report,dbo
ctsinazprdedssqlmi.inso1a101c37461fa.database.windows.net,EDS_PRD_R1_Cloud_RSO_PUB,CentralRepository_PRISM_Unbilledageing_mig,CRS_BASE_TBL,CTSAZMIPDPCRSR1.INSO1A101C37461FA.DATABASE.WINDOWS.NET,CentralRepository_Report,dbo
ctsinazprdedssqlmi.inso1a101c37461fa.database.windows.net,EDS_PRD_R1_Cloud_RSO_PUB,CentralRepository_Proficiency_MIG,CRS_BASE_TBL,CTSAZMIPDPCRSR1.INSO1A101C37461FA.DATABASE.WINDOWS.NET,CentralRepository_Report,dbo
ctsinazprdedssqlmi.inso1a101c37461fa.database.windows.net,EDS_PRD_R1_Cloud_RSO_PUB,CentralRepository_Project_Location_MIG,CRS_BASE_TBL,CTSAZMIPDPCRSR1.INSO1A101C37461FA.DATABASE.WINDOWS.NET,CentralRepository_Report,dbo
ctsinazprdedssqlmi.inso1a101c37461fa.database.windows.net,EDS_PRD_R1_Cloud_RSO_PUB,CentralRepository_Project_MIG,CRS_BASE_TBL,CTSAZMIPDPCRSR1.INSO1A101C37461FA.DATABASE.WINDOWS.NET,CentralRepository_Report,dbo
ctsinazprdedssqlmi.inso1a101c37461fa.database.windows.net,EDS_PRD_R1_Cloud_RSO_PUB,CentralRepository_ProjectEntity_Mapping_details_Mig,CRS_BASE_TBL,CTSAZMIPDPCRSR1.INSO1A101C37461FA.DATABASE.WINDOWS.NET,CentralRepository_Report,dbo
ctsinazprdedssqlmi.inso1a101c37461fa.database.windows.net,EDS_PRD_R1_Cloud_RSO_PUB,CentralRepository_ProjectRequest_details_MIG,CRS_BASE_TBL,CTSAZMIPDPCRSR1.INSO1A101C37461FA.DATABASE.WINDOWS.NET,CentralRepository_Report,dbo
ctsinazprdedssqlmi.inso1a101c37461fa.database.windows.net,EDS_PRD_R1_Cloud_RSO_PUB,CentralRepository_Rate_Master_MIG,CRS_BASE_TBL,CTSAZMIPDPCRSR1.INSO1A101C37461FA.DATABASE.WINDOWS.NET,CentralRepository_Report,dbo
ctsinazprdedssqlmi.inso1a101c37461fa.database.windows.net,EDS_PRD_R1_Cloud_RSO_PUB,CentralRepository_RateSetTrans_MIG,CRS_BASE_TBL,CTSAZMIPDPCRSR1.INSO1A101C37461FA.DATABASE.WINDOWS.NET,CentralRepository_Report,dbo
ctsinazprdedssqlmi.inso1a101c37461fa.database.windows.net,EDS_PRD_R1_Cloud_RSO_PUB,CentralRepository_ReasonCode_Description_MIG,CRS_BASE_TBL,CTSAZMIPDPCRSR1.INSO1A101C37461FA.DATABASE.WINDOWS.NET,CentralRepository_Report,dbo
ctsinazprdedssqlmi.inso1a101c37461fa.database.windows.net,EDS_PRD_R1_Cloud_RSO_PUB,CentralRepository_Revenue_Details_MIG,CRS_BASE_TBL,CTSAZMIPDPCRSR1.INSO1A101C37461FA.DATABASE.WINDOWS.NET,CentralRepository_Report,dbo
ctsinazprdedssqlmi.inso1a101c37461fa.database.windows.net,EDS_PRD_R1_Cloud_RSO_PUB,CentralRepository_RHMS_Customer_Market_MIG,CRS_BASE_TBL,CTSAZMIPDPCRSR1.INSO1A101C37461FA.DATABASE.WINDOWS.NET,CentralRepository_Report,dbo
ctsinazprdedssqlmi.inso1a101c37461fa.database.windows.net,EDS_PRD_R1_Cloud_RSO_PUB,CentralRepository_RHMS_IndustrySegment_MIG,CRS_BASE_TBL,CTSAZMIPDPCRSR1.INSO1A101C37461FA.DATABASE.WINDOWS.NET,CentralRepository_Report,dbo
ctsinazprdedssqlmi.inso1a101c37461fa.database.windows.net,EDS_PRD_R1_Cloud_RSO_PUB,CentralRepository_RHMS_PracticeArea_Master_MIG,CRS_BASE_TBL,CTSAZMIPDPCRSR1.INSO1A101C37461FA.DATABASE.WINDOWS.NET,CentralRepository_Report,dbo
ctsinazprdedssqlmi.inso1a101c37461fa.database.windows.net,EDS_PRD_R1_Cloud_RSO_PUB,CentralRepository_RHMS_RoleDetails_MIG,CRS_BASE_TBL,CTSAZMIPDPCRSR1.INSO1A101C37461FA.DATABASE.WINDOWS.NET,CentralRepository_Report,dbo
ctsinazprdedssqlmi.inso1a101c37461fa.database.windows.net,EDS_PRD_R1_Cloud_RSO_PUB,CentralRepository_RHMS_SensitiveRoleDetails_MIG,CRS_BASE_TBL,CTSAZMIPDPCRSR1.INSO1A101C37461FA.DATABASE.WINDOWS.NET,CentralRepository_Report,dbo
ctsinazprdedssqlmi.inso1a101c37461fa.database.windows.net,EDS_PRD_R1_Cloud_RSO_PUB,CentralRepository_RHMS_ServiceLine_Master_MIG,CRS_BASE_TBL,CTSAZMIPDPCRSR1.INSO1A101C37461FA.DATABASE.WINDOWS.NET,CentralRepository_Report,dbo
ctsinazprdedssqlmi.inso1a101c37461fa.database.windows.net,EDS_PRD_R1_Cloud_RSO_PUB,CentralRepository_RHMS_VerticalHierarchyEntityGrouping_MIG,CRS_BASE_TBL,CTSAZMIPDPCRSR1.INSO1A101C37461FA.DATABASE.WINDOWS.NET,CentralRepository_Report,dbo
ctsinazprdedssqlmi.inso1a101c37461fa.database.windows.net,EDS_PRD_R1_Cloud_RSO_PUB,CentralRepository_RMG_ResourceRequest_MIG,CRS_BASE_TBL,CTSAZMIPDPCRSR1.INSO1A101C37461FA.DATABASE.WINDOWS.NET,CentralRepository_Report,dbo
ctsinazprdedssqlmi.inso1a101c37461fa.database.windows.net,EDS_PRD_R1_Cloud_RSO_PUB,CentralRepository_Talview_Hriosdata,CRS_BASE_TBL,CTSAZMIPDPCRSR1.INSO1A101C37461FA.DATABASE.WINDOWS.NET,CentralRepository_Report,dbo
ctsinazprdedssqlmi.inso1a101c37461fa.database.windows.net,EDS_PRD_R1_Cloud_RSO_PUB,CentralRepository_Talview_Techios_Applicantskills,CRS_BASE_TBL,CTSAZMIPDPCRSR1.INSO1A101C37461FA.DATABASE.WINDOWS.NET,CentralRepository_Report,dbo
ctsinazprdedssqlmi.inso1a101c37461fa.database.windows.net,EDS_PRD_R1_Cloud_RSO_PUB,CentralRepository_Talview_Techiosdata,CRS_BASE_TBL,CTSAZMIPDPCRSR1.INSO1A101C37461FA.DATABASE.WINDOWS.NET,CentralRepository_Report,dbo
ctsinazprdedssqlmi.inso1a101c37461fa.database.windows.net,EDS_PRD_R1_Cloud_RSO_PUB,CentralRepository_XLAT_Translate_MIG,CRS_BASE_TBL,CTSAZMIPDPCRSR1.INSO1A101C37461FA.DATABASE.WINDOWS.NET,CentralRepository_Report,dbo
ctsinazprdedssqlmi.inso1a101c37461fa.database.windows.net,EDS_PRD_R1_Cloud_RSO_PUB,CHire_CandidateCurrentOffer_STG_CURR,EDS_CURR_STG,CTSAZMIPDPCRSR1.INSO1A101C37461FA.DATABASE.WINDOWS.NET,CentralRepository_Report,dbo
ctsinazprdedssqlmi.inso1a101c37461fa.database.windows.net,EDS_PRD_R1_Cloud_RSO_PUB,CHire_CandidateEducation_STG_CURR,EDS_CURR_STG,CTSAZMIPDPCRSR1.INSO1A101C37461FA.DATABASE.WINDOWS.NET,CentralRepository_Report,dbo
ctsinazprdedssqlmi.inso1a101c37461fa.database.windows.net,EDS_PRD_R1_Cloud_RSO_PUB,CHire_CandidateExperience_STG_CURR,EDS_CURR_STG,CTSAZMIPDPCRSR1.INSO1A101C37461FA.DATABASE.WINDOWS.NET,CentralRepository_Report,dbo
ctsinazprdedssqlmi.inso1a101c37461fa.database.windows.net,EDS_PRD_R1_Cloud_RSO_PUB,CHire_CandidateHiredDetail_STG_CURR,EDS_CURR_STG,CTSAZMIPDPCRSR1.INSO1A101C37461FA.DATABASE.WINDOWS.NET,CentralRepository_Report,dbo
ctsinazprdedssqlmi.inso1a101c37461fa.database.windows.net,EDS_PRD_R1_Cloud_RSO_PUB,CHire_CandidatePersonalDetail_STG_CURR,EDS_CURR_STG,CTSAZMIPDPCRSR1.INSO1A101C37461FA.DATABASE.WINDOWS.NET,CentralRepository_Report,dbo
ctsinazprdedssqlmi.inso1a101c37461fa.database.windows.net,EDS_PRD_R1_Cloud_RSO_PUB,CHire_CandidateRequisitionMapping_STG_CURR,EDS_CURR_STG,CTSAZMIPDPCRSR1.INSO1A101C37461FA.DATABASE.WINDOWS.NET,CentralRepository_Report,dbo
ctsinazprdedssqlmi.inso1a101c37461fa.database.windows.net,EDS_PRD_R1_Cloud_RSO_PUB,CHIRE_REQUISITIONDETAILS_STG_CURR,EDS_CURR_STG,CTSAZMIPDPCRSR1.INSO1A101C37461FA.DATABASE.WINDOWS.NET,CentralRepository_Report,dbo
ctsinazprdedssqlmi.inso1a101c37461fa.database.windows.net,EDS_PRD_R1_Cloud_RSO_PUB,CHire_RRCollaborators_STG_CURR,EDS_CURR_STG,CTSAZMIPDPCRSR1.INSO1A101C37461FA.DATABASE.WINDOWS.NET,CentralRepository_Report,dbo
ctsinazprdedssqlmi.inso1a101c37461fa.database.windows.net,EDS_PRD_R1_Cloud_RSO_PUB,CHire_UserDetails_STG_CURR,EDS_CURR_STG,CTSAZMIPDPCRSR1.INSO1A101C37461FA.DATABASE.WINDOWS.NET,CentralRepository_Report,dbo
ctsinazprdedssqlmi.inso1a101c37461fa.database.windows.net,EDS_PRD_R1_Cloud_RSO_PUB,DA_OPPORTUNITY_STG_CURR,EDS_CURR_STG,CTSAZMIPDPCRSR1.INSO1A101C37461FA.DATABASE.WINDOWS.NET,CentralRepository_Report,dbo
ctsinazprdedssqlmi.inso1a101c37461fa.database.windows.net,EDS_PRD_R1_Cloud_RSO_PUB,DAS_CurrentMonthDiscount_STG_CURR,EDS_CURR_STG,CTSAZMIPDPCRSR1.INSO1A101C37461FA.DATABASE.WINDOWS.NET,CentralRepository_Report,dbo
ctsinazprdedssqlmi.inso1a101c37461fa.database.windows.net,EDS_PRD_R1_Cloud_RSO_PUB,DAS_FutureMonthDiscount_STG_CURR,EDS_CURR_STG,CTSAZMIPDPCRSR1.INSO1A101C37461FA.DATABASE.WINDOWS.NET,CentralRepository_Report,dbo
ctsinazprdedssqlmi.inso1a101c37461fa.database.windows.net,EDS_PRD_R1_Cloud_RSO_PUB,DataRetention_AssociateRegionRecord_STG_CURR,EDS_CURR_STG,CTSAZMIPDPCRSR1.INSO1A101C37461FA.DATABASE.WINDOWS.NET,CentralRepository_Report,dbo
ctsinazprdedssqlmi.inso1a101c37461fa.database.windows.net,EDS_PRD_R1_Cloud_RSO_PUB,DataRetention_AssociateRetentionRecord_STG_CURR,EDS_CURR_STG,CTSAZMIPDPCRSR1.INSO1A101C37461FA.DATABASE.WINDOWS.NET,CentralRepository_Report,dbo
ctsinazprdedssqlmi.inso1a101c37461fa.database.windows.net,EDS_PRD_R1_Cloud_RSO_PUB,DataRetention_PurgeHold_STG_CURR,EDS_CURR_STG,CTSAZMIPDPCRSR1.INSO1A101C37461FA.DATABASE.WINDOWS.NET,CentralRepository_Report,dbo
ctsinazprdedssqlmi.inso1a101c37461fa.database.windows.net,EDS_PRD_R1_Cloud_RSO_PUB,DataRetention_RegionDataRetentionRule_STG_CURR,EDS_CURR_STG,CTSAZMIPDPCRSR1.INSO1A101C37461FA.DATABASE.WINDOWS.NET,CentralRepository_Report,dbo
ctsinazprdedssqlmi.inso1a101c37461fa.database.windows.net,EDS_PRD_R1_Cloud_RSO_PUB,DATARETENTION_VW_ASSOCIATE_LAST_PAYOUT_DETAILS_STG_CURR,EDS_CURR_STG,CTSAZMIPDPCRSR1.INSO1A101C37461FA.DATABASE.WINDOWS.NET,CentralRepository_Report,dbo
ctsinazprdedssqlmi.inso1a101c37461fa.database.windows.net,EDS_PRD_R1_Cloud_RSO_PUB,DATARETENTION_VW_COGNIZANT_CANDIDATE_DETAILS_STG_CURR,EDS_CURR_STG,CTSAZMIPDPCRSR1.INSO1A101C37461FA.DATABASE.WINDOWS.NET,CentralRepository_Report,dbo
ctsinazprdedssqlmi.inso1a101c37461fa.database.windows.net,EDS_PRD_R1_Cloud_RSO_PUB,DataRetention_vw_Ref_Region_FY_stg_curr,EDS_CURR_STG,CTSAZMIPDPCRSR1.INSO1A101C37461FA.DATABASE.WINDOWS.NET,CentralRepository_Report,dbo
ctsinazprdedssqlmi.inso1a101c37461fa.database.windows.net,EDS_PRD_R1_Cloud_RSO_PUB,DATARETENTION_VW_TRAVEL_HISTORY_STG_CURR,EDS_CURR_STG,CTSAZMIPDPCRSR1.INSO1A101C37461FA.DATABASE.WINDOWS.NET,CentralRepository_Report,dbo
ctsinazprdedssqlmi.inso1a101c37461fa.database.windows.net,EDS_PRD_R1_Cloud_RSO_PUB,ESA_PROJECTOPPORTUNITYLINKAGE_STG_CURR,EDS_CURR_STG,CTSAZMIPDPCRSR1.INSO1A101C37461FA.DATABASE.WINDOWS.NET,CentralRepository_Report,dbo
ctsinazprdedssqlmi.inso1a101c37461fa.database.windows.net,EDS_PRD_R1_Cloud_RSO_PUB,ESA_PS_CT_IN_BI_COLLEC_STG_CURR,EDS_CURR_STG,CTSAZMIPDPCRSR1.INSO1A101C37461FA.DATABASE.WINDOWS.NET,CentralRepository_Report,dbo
ctsinazprdedssqlmi.inso1a101c37461fa.database.windows.net,EDS_PRD_R1_Cloud_RSO_PUB,ESA_PS_CT_IN_BI_INVOIC_STG_CURR,EDS_CURR_STG,CTSAZMIPDPCRSR1.INSO1A101C37461FA.DATABASE.WINDOWS.NET,CentralRepository_Report,dbo
ctsinazprdedssqlmi.inso1a101c37461fa.database.windows.net,EDS_PRD_R1_Cloud_RSO_PUB,ESA_PS_CTPC_ARCTYP_TBL_STG_CURR,EDS_CURR_STG,CTSAZMIPDPCRSR1.INSO1A101C37461FA.DATABASE.WINDOWS.NET,CentralRepository_Report,dbo
ctsinazprdedssqlmi.inso1a101c37461fa.database.windows.net,EDS_PRD_R1_Cloud_RSO_PUB,ESA_PS_CTPC_HOR_EDS_VW_STG_CURR,EDS_CURR_STG,CTSAZMIPDPCRSR1.INSO1A101C37461FA.DATABASE.WINDOWS.NET,CentralRepository_Report,dbo
ctsinazprdedssqlmi.inso1a101c37461fa.database.windows.net,EDS_PRD_R1_Cloud_RSO_PUB,ESA_PS_CTPC_PRJARC_MAP_STG_CURR,EDS_CURR_STG,CTSAZMIPDPCRSR1.INSO1A101C37461FA.DATABASE.WINDOWS.NET,CentralRepository_Report,dbo
ctsinazprdedssqlmi.inso1a101c37461fa.database.windows.net,EDS_PRD_R1_Cloud_RSO_PUB,ESA_PS_CTRM_STTAG_STUP_STG_CURR,EDS_CURR_STG,CTSAZMIPDPCRSR1.INSO1A101C37461FA.DATABASE.WINDOWS.NET,CentralRepository_Report,dbo
ctsinazprdedssqlmi.inso1a101c37461fa.database.windows.net,EDS_PRD_R1_Cloud_SNAP_PUB,Mainspring_VW_EDS_Projects_STG_CURR,EDS_CURR_STG,CTSAZMIPDPCRSR1.INSO1A101C37461FA.DATABASE.WINDOWS.NET,CentralRepository_Report,dbo
ctsinazprdedssqlmi.inso1a101c37461fa.database.windows.net,EDS_PRD_R1_Cloud_SNAP_PUB,EDS_PendingApprovalSkills_STG_CURR,EDS_CURR_STG,CTSAZMIPDPCRSR1.INSO1A101C37461FA.DATABASE.WINDOWS.NET,CentralRepository_Report,dbo
ctsinazprdedssqlmi.inso1a101c37461fa.database.windows.net,EDS_PRD_R1_Cloud_SNAP_PUB,CentralRepository_SFDC_Account_RHMS_MIG,CRS_BASE_TBL,CTSAZMIPDPCRSR1.INSO1A101C37461FA.DATABASE.WINDOWS.NET,CentralRepository_Report,dbo
ctsinazprdedssqlmi.inso1a101c37461fa.database.windows.net,EDS_PRD_R1_Cloud_SNAP_PUB,SFDC_Account_STG_CURR,EDS_CURR_STG,CTSAZMIPDPCRSR1.INSO1A101C37461FA.DATABASE.WINDOWS.NET,CentralRepository_Report,dbo
ctsinazprdedssqlmi.inso1a101c37461fa.database.windows.net,EDS_PRD_R1_Cloud_SNAP_PUB,SFDC_Opportunity_STG_CURR,EDS_CURR_STG,CTSAZMIPDPCRSR1.INSO1A101C37461FA.DATABASE.WINDOWS.NET,CentralRepository_Report,dbo
ctsinazprdedssqlmi.inso1a101c37461fa.database.windows.net,EDS_PRD_R1_Cloud_SNAP_PUB,cww_vw_ContractSignatureCustomerProject_STG_CURR,EDS_CURR_STG,CTSAZMIPDPCRSR1.INSO1A101C37461FA.DATABASE.WINDOWS.NET,CentralRepository_Report,dbo
ctsinazprdedssqlmi.inso1a101c37461fa.database.windows.net,EDS_PRD_R1_Cloud_SNAP_PUB,cww_vw_ContractSignatureDetails_STG_CURR,EDS_CURR_STG,CTSAZMIPDPCRSR1.INSO1A101C37461FA.DATABASE.WINDOWS.NET,CentralRepository_Report,dbo
