DateT,Servername,Database_Name,Index_Details
Mar 11 2025 11:20PM,ctsazsimibcapps1.inso1a101c37461fa.database.windows.net,CentralRepository,IF NOT EXISTS(SELECT 1 FROM sys.indexes WHERE object_id = object_id('dbo.RHMS_tbl_EDS_RoleMaster_STG_CURR') AND NAME ='INDXC_RHM
Mar 11 2025 11:20PM,ctsazsimibcapps1.inso1a101c37461fa.database.windows.net,CentralRepository,IF NOT EXISTS(SELECT 1 FROM sys.indexes WHERE object_id = object_id('dbo.CentralRepository_Associate_Details_MIG') AND NAME ='IN
Mar 11 2025 11:20PM,ctsazsimibcapps1.inso1a101c37461fa.database.windows.net,CentralRepository,IF NOT EXISTS(SELECT 1 FROM sys.indexes WHERE object_id = object_id('dbo.CentralRepository_Associate_Details_MIG') AND NAME ='IN
Mar 11 2025 11:20PM,ctsazsimibcapps1.inso1a101c37461fa.database.windows.net,CentralRepository,IF NOT EXISTS(SELECT 1 FROM sys.indexes WHERE object_id = object_id('dbo.CentralRepository_Associate_Details_MIG') AND NAME ='IN
Mar 11 2025 11:20PM,ctsazsimibcapps1.inso1a101c37461fa.database.windows.net,CentralRepository,IF NOT EXISTS(SELECT 1 FROM sys.indexes WHERE object_id = object_id('dbo.CentralRepository_Associate_Details_MIG') AND NAME ='IN
Mar 11 2025 11:20PM,ctsazsimibcapps1.inso1a101c37461fa.database.windows.net,CentralRepository,IF NOT EXISTS(SELECT 1 FROM sys.indexes WHERE object_id = object_id('dbo.CentralRepository_Associate_Details_MIG') AND NAME ='IN
Mar 11 2025 11:20PM,ctsazsimibcapps1.inso1a101c37461fa.database.windows.net,CentralRepository,IF NOT EXISTS(SELECT 1 FROM sys.indexes WHERE object_id = object_id('dbo.CentralRepository_Associate_Details_MIG') AND NAME ='IN
Mar 11 2025 11:20PM,ctsazsimibcapps1.inso1a101c37461fa.database.windows.net,CentralRepository,IF NOT EXISTS(SELECT 1 FROM sys.indexes WHERE object_id = object_id('dbo.CentralRepository_Associate_Details_MIG') AND NAME ='IN
Mar 11 2025 11:20PM,ctsazsimibcapps1.inso1a101c37461fa.database.windows.net,CentralRepository,IF NOT EXISTS(SELECT 1 FROM sys.indexes WHERE object_id = object_id('dbo.CentralRepository_Associate_Details_MIG') AND NAME ='IN
Mar 11 2025 11:20PM,ctsazsimibcapps1.inso1a101c37461fa.database.windows.net,CentralRepository,IF NOT EXISTS(SELECT 1 FROM sys.indexes WHERE object_id = object_id('dbo.CentralRepository_Associate_Details_MIG') AND NAME ='IN
Mar 11 2025 11:20PM,ctsazsimibcapps1.inso1a101c37461fa.database.windows.net,CentralRepository,IF NOT EXISTS(SELECT 1 FROM sys.indexes WHERE object_id = object_id('dbo.CentralRepository_Associate_Details_MIG') AND NAME ='IN
Mar 11 2025 11:20PM,ctsazsimibcapps1.inso1a101c37461fa.database.windows.net,CentralRepository,IF NOT EXISTS(SELECT 1 FROM sys.indexes WHERE object_id = object_id('dbo.CentralRepository_Associate_Details_MIG') AND NAME ='IN
Mar 11 2025 11:20PM,ctsazsimibcapps1.inso1a101c37461fa.database.windows.net,CentralRepository,IF NOT EXISTS(SELECT 1 FROM sys.indexes WHERE object_id = object_id('dbo.CentralRepository_AssociateAddress_MIG') AND NAME ='IND
Mar 11 2025 11:20PM,ctsazsimibcapps1.inso1a101c37461fa.database.windows.net,CentralRepository,IF NOT EXISTS(SELECT 1 FROM sys.indexes WHERE object_id = object_id('dbo.CentralRepository_AssociateAddress_MIG') AND NAME ='IND
Mar 11 2025 11:20PM,ctsazsimibcapps1.inso1a101c37461fa.database.windows.net,CentralRepository,IF NOT EXISTS(SELECT 1 FROM sys.indexes WHERE object_id = object_id('dbo.CENTRALREPOSITORY_CANDIDATEDETAILS_MIG') AND NAME ='IND
Mar 11 2025 11:20PM,ctsazsimibcapps1.inso1a101c37461fa.database.windows.net,CentralRepository,IF NOT EXISTS(SELECT 1 FROM sys.indexes WHERE object_id = object_id('dbo.CentralRepository_Contacts_MIG') AND NAME ='INDXC_Centr
Mar 11 2025 11:20PM,ctsazsimibcapps1.inso1a101c37461fa.database.windows.net,CentralRepository,IF NOT EXISTS(SELECT 1 FROM sys.indexes WHERE object_id = object_id('dbo.CentralRepository_Contacts_MIG') AND NAME ='INDXC_Centr
Mar 11 2025 11:20PM,ctsazsimibcapps1.inso1a101c37461fa.database.windows.net,CentralRepository,IF NOT EXISTS(SELECT 1 FROM sys.indexes WHERE object_id = object_id('dbo.FMS_PS_RT_RATE_TBL_STG_CURR') AND NAME ='INDXC_FMS_PS_R
Mar 11 2025 11:20PM,ctsazsimibcapps1.inso1a101c37461fa.database.windows.net,CentralRepository,IF NOT EXISTS(SELECT 1 FROM sys.indexes WHERE object_id = object_id('dbo.CentralRepository_Chire_CandidateDocument_EDS') AND NAM
Mar 11 2025 11:20PM,ctsazsimibcapps1.inso1a101c37461fa.database.windows.net,CentralRepository,IF NOT EXISTS(SELECT 1 FROM sys.indexes WHERE object_id = object_id('dbo.CentralRepository_GSMS_AssociateSeatInfo_MIG') AND NAME
Mar 11 2025 11:20PM,ctsazsimibcapps1.inso1a101c37461fa.database.windows.net,CentralRepository,IF NOT EXISTS(SELECT 1 FROM sys.indexes WHERE object_id = object_id('dbo.CentralRepository_GSMS_AssociateSeatInfo_MIG') AND NAME
Mar 11 2025 11:20PM,ctsazsimibcapps1.inso1a101c37461fa.database.windows.net,CentralRepository,IF NOT EXISTS(SELECT 1 FROM sys.indexes WHERE object_id = object_id('dbo.CentralRepository_GSMS_AssociateSeatInfo_MIG') AND NAME
Mar 11 2025 11:20PM,ctsazsimibcapps1.inso1a101c37461fa.database.windows.net,CentralRepository,IF NOT EXISTS(SELECT 1 FROM sys.indexes WHERE object_id = object_id('dbo.CentralRepository_JOB_DELETED_Reference_MIG') AND NAME 
Mar 11 2025 11:20PM,ctsazsimibcapps1.inso1a101c37461fa.database.windows.net,CentralRepository,IF NOT EXISTS(SELECT 1 FROM sys.indexes WHERE object_id = object_id('dbo.CentralRepository_DepartmentVerticalMapping_EDS') AND N
Mar 11 2025 11:20PM,ctsazsimibcapps1.inso1a101c37461fa.database.windows.net,CentralRepository,IF NOT EXISTS(SELECT 1 FROM sys.indexes WHERE object_id = object_id('dbo.CentralRepository_DepartmentVerticalMapping_EDS') AND N
Mar 11 2025 11:20PM,ctsazsimibcapps1.inso1a101c37461fa.database.windows.net,CentralRepository,IF NOT EXISTS(SELECT 1 FROM sys.indexes WHERE object_id = object_id('dbo.HCM_PF_ParentChildMapping_STG_CURR_MIG') AND NAME ='IND
Mar 11 2025 11:20PM,ctsazsimibcapps1.inso1a101c37461fa.database.windows.net,CentralRepository,IF NOT EXISTS(SELECT 1 FROM sys.indexes WHERE object_id = object_id('dbo.HCM_PF_ParentChildMapping_STG_CURR_MIG') AND NAME ='IND
Mar 11 2025 11:20PM,ctsazsimibcapps1.inso1a101c37461fa.database.windows.net,CentralRepository,IF NOT EXISTS(SELECT 1 FROM sys.indexes WHERE object_id = object_id('dbo.CentralRepository_Email_Address_MIG') AND NAME ='INDXC_
Mar 11 2025 11:20PM,ctsazsimibcapps1.inso1a101c37461fa.database.windows.net,CentralRepository,IF NOT EXISTS(SELECT 1 FROM sys.indexes WHERE object_id = object_id('dbo.HCM_PS_BUS_UNIT_TBL_HR_STG_CURR') AND NAME ='INDXC_HCM_
Mar 11 2025 11:20PM,ctsazsimibcapps1.inso1a101c37461fa.database.windows.net,CentralRepository,IF NOT EXISTS(SELECT 1 FROM sys.indexes WHERE object_id = object_id('dbo.LMS_TBL_TMX_REGISTRATION_STG_CURR') AND NAME ='INDXC_LM
Mar 11 2025 11:20PM,ctsazsimibcapps1.inso1a101c37461fa.database.windows.net,CentralRepository,IF NOT EXISTS(SELECT 1 FROM sys.indexes WHERE object_id = object_id('dbo.LMS_TBL_TMX_REGISTRATION_STG_CURR') AND NAME ='INDXC_LM
Mar 11 2025 11:20PM,ctsazsimibcapps1.inso1a101c37461fa.database.windows.net,CentralRepository,IF NOT EXISTS(SELECT 1 FROM sys.indexes WHERE object_id = object_id('dbo.CentralRepository_Grade_Master_MIG') AND NAME ='INDXC_C
Mar 11 2025 11:20PM,ctsazsimibcapps1.inso1a101c37461fa.database.windows.net,CentralRepository,IF NOT EXISTS(SELECT 1 FROM sys.indexes WHERE object_id = object_id('dbo.CentralRepository_Talview_Techiosdata_EDS') AND NAME ='
Mar 11 2025 11:20PM,ctsazsimibcapps1.inso1a101c37461fa.database.windows.net,CentralRepository,IF NOT EXISTS(SELECT 1 FROM sys.indexes WHERE object_id = object_id('dbo.HCM_PS_CT_DEPT_TYPE_STG_CURR') AND NAME ='INDXC_HCM_PS_
Mar 11 2025 11:20PM,ctsazsimibcapps1.inso1a101c37461fa.database.windows.net,CentralRepository,IF NOT EXISTS(SELECT 1 FROM sys.indexes WHERE object_id = object_id('dbo.HCM_PS_VISA_PERMIT_TBL_STG_CURR') AND NAME ='IXNC_HCM_P
Mar 11 2025 11:20PM,ctsazsimibcapps1.inso1a101c37461fa.database.windows.net,CentralRepository,IF NOT EXISTS(SELECT 1 FROM sys.indexes WHERE object_id = object_id('dbo.CentralRepository_HCMLocation_MIG') AND NAME ='INDXC_Ce
Mar 11 2025 11:20PM,ctsazsimibcapps1.inso1a101c37461fa.database.windows.net,CentralRepository,IF NOT EXISTS(SELECT 1 FROM sys.indexes WHERE object_id = object_id('dbo.CentralRepository_HCMLocation_MIG') AND NAME ='CentralR
Mar 11 2025 11:20PM,ctsazsimibcapps1.inso1a101c37461fa.database.windows.net,CentralRepository,IF NOT EXISTS(SELECT 1 FROM sys.indexes WHERE object_id = object_id('dbo.CentralRepository_ESA_Allocation_MIG') AND NAME ='INDXC
Mar 11 2025 11:20PM,ctsazsimibcapps1.inso1a101c37461fa.database.windows.net,CentralRepository,IF NOT EXISTS(SELECT 1 FROM sys.indexes WHERE object_id = object_id('dbo.CentralRepository_ESA_Allocation_MIG') AND NAME ='INDXC
Mar 11 2025 11:20PM,ctsazsimibcapps1.inso1a101c37461fa.database.windows.net,CentralRepository,IF NOT EXISTS(SELECT 1 FROM sys.indexes WHERE object_id = object_id('dbo.CentralRepository_ESA_Allocation_MIG') AND NAME ='INDXC
Mar 11 2025 11:20PM,ctsazsimibcapps1.inso1a101c37461fa.database.windows.net,CentralRepository,IF NOT EXISTS(SELECT 1 FROM sys.indexes WHERE object_id = object_id('dbo.CentralRepository_ESA_Allocation_MIG') AND NAME ='INDXC
Mar 11 2025 11:20PM,ctsazsimibcapps1.inso1a101c37461fa.database.windows.net,CentralRepository,IF NOT EXISTS(SELECT 1 FROM sys.indexes WHERE object_id = object_id('dbo.CentralRepository_ESA_Allocation_MIG') AND NAME ='INDXC
Mar 11 2025 11:20PM,ctsazsimibcapps1.inso1a101c37461fa.database.windows.net,CentralRepository,IF NOT EXISTS(SELECT 1 FROM sys.indexes WHERE object_id = object_id('dbo.CentralRepository_ESA_Allocation_MIG') AND NAME ='INDXC
Mar 11 2025 11:20PM,ctsazsimibcapps1.inso1a101c37461fa.database.windows.net,CentralRepository,IF NOT EXISTS(SELECT 1 FROM sys.indexes WHERE object_id = object_id('dbo.CentralRepository_ESA_Allocation_MIG') AND NAME ='INDXC
Mar 11 2025 11:20PM,ctsazsimibcapps1.inso1a101c37461fa.database.windows.net,CentralRepository,IF NOT EXISTS(SELECT 1 FROM sys.indexes WHERE object_id = object_id('dbo.CHIRE_REQUISITIONDETAILS_STG_CURR') AND NAME ='INDXC_CH
Mar 11 2025 11:20PM,ctsazsimibcapps1.inso1a101c37461fa.database.windows.net,CentralRepository,IF NOT EXISTS(SELECT 1 FROM sys.indexes WHERE object_id = object_id('dbo.CHIRE_REQUISITIONDETAILS_STG_CURR') AND NAME ='INDXC_CH
Mar 11 2025 11:20PM,ctsazsimibcapps1.inso1a101c37461fa.database.windows.net,CentralRepository,IF NOT EXISTS(SELECT 1 FROM sys.indexes WHERE object_id = object_id('dbo.CentralRepository_JobFamilyMaster_MIG') AND NAME ='INDX
Mar 11 2025 11:20PM,ctsazsimibcapps1.inso1a101c37461fa.database.windows.net,CentralRepository,IF NOT EXISTS(SELECT 1 FROM sys.indexes WHERE object_id = object_id('dbo.sysdiagrams') AND NAME ='UK_principal_name') CREATE UNI
Mar 11 2025 11:20PM,ctsazsimibcapps1.inso1a101c37461fa.database.windows.net,CentralRepository,IF NOT EXISTS(SELECT 1 FROM sys.indexes WHERE object_id = object_id('dbo.CentralRepository_HCM_RoleAttributes_MIG') AND NAME ='I
Mar 11 2025 11:20PM,ctsazsimibcapps1.inso1a101c37461fa.database.windows.net,CentralRepository,IF NOT EXISTS(SELECT 1 FROM sys.indexes WHERE object_id = object_id('dbo.CentralRepository_HCM_RoleAttributes_MIG') AND NAME ='I
Mar 11 2025 11:20PM,ctsazsimibcapps1.inso1a101c37461fa.database.windows.net,CentralRepository,IF NOT EXISTS(SELECT 1 FROM sys.indexes WHERE object_id = object_id('dbo.CentralRepository_HCM_RoleAttributes_MIG') AND NAME ='I
Mar 11 2025 11:20PM,ctsazsimibcapps1.inso1a101c37461fa.database.windows.net,CentralRepository,IF NOT EXISTS(SELECT 1 FROM sys.indexes WHERE object_id = object_id('dbo.CentralRepository_HCM_RoleAttributes_MIG') AND NAME ='I
Mar 11 2025 11:20PM,ctsazsimibcapps1.inso1a101c37461fa.database.windows.net,CentralRepository,IF NOT EXISTS(SELECT 1 FROM sys.indexes WHERE object_id = object_id('dbo.MSreplication_subscriptions') AND NAME ='uc1MSReplicati
Mar 11 2025 11:20PM,ctsazsimibcapps1.inso1a101c37461fa.database.windows.net,CentralRepository,IF NOT EXISTS(SELECT 1 FROM sys.indexes WHERE object_id = object_id('dbo.MSsubscription_agents') AND NAME ='ucMSsubscription_age
Mar 11 2025 11:20PM,ctsazsimibcapps1.inso1a101c37461fa.database.windows.net,CentralRepository,IF NOT EXISTS(SELECT 1 FROM sys.indexes WHERE object_id = object_id('dbo.MSsubscription_agents') AND NAME ='ucMSsubscription_age
Mar 11 2025 11:20PM,ctsazsimibcapps1.inso1a101c37461fa.database.windows.net,CentralRepository,IF NOT EXISTS(SELECT 1 FROM sys.indexes WHERE object_id = object_id('dbo.CentralRepository_JPMProfileItems_MIG') AND NAME ='INDX
Mar 11 2025 11:20PM,ctsazsimibcapps1.inso1a101c37461fa.database.windows.net,CentralRepository,IF NOT EXISTS(SELECT 1 FROM sys.indexes WHERE object_id = object_id('dbo.CentralRepository_JPMProfileItems_MIG') AND NAME ='INDX
Mar 11 2025 11:20PM,ctsazsimibcapps1.inso1a101c37461fa.database.windows.net,CentralRepository,IF NOT EXISTS(SELECT 1 FROM sys.indexes WHERE object_id = object_id('dbo.CentralRepository_JOB_Reference_MIG') AND NAME ='INDXC_
Mar 11 2025 11:20PM,ctsazsimibcapps1.inso1a101c37461fa.database.windows.net,CentralRepository,IF NOT EXISTS(SELECT 1 FROM sys.indexes WHERE object_id = object_id('dbo.CentralRepository_JOB_Reference_MIG') AND NAME ='INDXC_
Mar 11 2025 11:20PM,ctsazsimibcapps1.inso1a101c37461fa.database.windows.net,CentralRepository,IF NOT EXISTS(SELECT 1 FROM sys.indexes WHERE object_id = object_id('dbo.CentralRepository_JOB_Reference_MIG') AND NAME ='INDXC_
Mar 11 2025 11:20PM,ctsazsimibcapps1.inso1a101c37461fa.database.windows.net,CentralRepository,IF NOT EXISTS(SELECT 1 FROM sys.indexes WHERE object_id = object_id('dbo.HCM_PS_CT_STATE_TBL_VW_CRS_STG_CURR') AND NAME ='INDXC_
Mar 11 2025 11:20PM,ctsazsimibcapps1.inso1a101c37461fa.database.windows.net,CentralRepository,IF NOT EXISTS(SELECT 1 FROM sys.indexes WHERE object_id = object_id('dbo.CHire_CandidateHiredDetail_STG_CURR') AND NAME ='INDXC_
Mar 11 2025 11:20PM,ctsazsimibcapps1.inso1a101c37461fa.database.windows.net,CentralRepository,IF NOT EXISTS(SELECT 1 FROM sys.indexes WHERE object_id = object_id('dbo.CHire_CandidateHiredDetail_STG_CURR') AND NAME ='INDXC_
Mar 11 2025 11:20PM,ctsazsimibcapps1.inso1a101c37461fa.database.windows.net,CentralRepository,IF NOT EXISTS(SELECT 1 FROM sys.indexes WHERE object_id = object_id('dbo.CHire_CandidateHiredDetail_STG_CURR') AND NAME ='INDXC_
Mar 11 2025 11:20PM,ctsazsimibcapps1.inso1a101c37461fa.database.windows.net,CentralRepository,IF NOT EXISTS(SELECT 1 FROM sys.indexes WHERE object_id = object_id('dbo.MSreplication_objects') AND NAME ='ucMSreplication_obje
Mar 11 2025 11:20PM,ctsazsimibcapps1.inso1a101c37461fa.database.windows.net,CentralRepository,IF NOT EXISTS(SELECT 1 FROM sys.indexes WHERE object_id = object_id('dbo.HCM_PS_CT_TM_TBL_GBL_STG_CURR') AND NAME ='INDXC_HCM_PS
Mar 11 2025 11:20PM,ctsazsimibcapps1.inso1a101c37461fa.database.windows.net,CentralRepository,IF NOT EXISTS(SELECT 1 FROM sys.indexes WHERE object_id = object_id('dbo.HCM_PS_CT_TM_TBL_GBL_STG_CURR') AND NAME ='INDXC_HCM_PS
Mar 11 2025 11:20PM,ctsazsimibcapps1.inso1a101c37461fa.database.windows.net,CentralRepository,IF NOT EXISTS(SELECT 1 FROM sys.indexes WHERE object_id = object_id('dbo.CHire_CandidatePersonalDetail_STG_CURR') AND NAME ='IND
Mar 11 2025 11:20PM,ctsazsimibcapps1.inso1a101c37461fa.database.windows.net,CentralRepository,IF NOT EXISTS(SELECT 1 FROM sys.indexes WHERE object_id = object_id('dbo.CentralRepository_Talview_Techios_Applicantskills_EDS')
Mar 11 2025 11:20PM,ctsazsimibcapps1.inso1a101c37461fa.database.windows.net,CentralRepository,IF NOT EXISTS(SELECT 1 FROM sys.indexes WHERE object_id = object_id('dbo.CentralRepository_Project_Location_MIG') AND NAME ='IND
Mar 11 2025 11:20PM,ctsazsimibcapps1.inso1a101c37461fa.database.windows.net,CentralRepository,IF NOT EXISTS(SELECT 1 FROM sys.indexes WHERE object_id = object_id('dbo.MSsnapshotdeliveryprogress') AND NAME ='ci_MSsnapshotde
Mar 11 2025 11:20PM,ctsazsimibcapps1.inso1a101c37461fa.database.windows.net,CentralRepository,IF NOT EXISTS(SELECT 1 FROM sys.indexes WHERE object_id = object_id('dbo.MSsnapshotdeliveryprogress') AND NAME ='nci_MSsnapshotd
Mar 11 2025 11:20PM,ctsazsimibcapps1.inso1a101c37461fa.database.windows.net,CentralRepository,IF NOT EXISTS(SELECT 1 FROM sys.indexes WHERE object_id = object_id('dbo.HCM_PS_DEPT_TBL_STG_CURR') AND NAME ='INDXC_HCM_PS_DEPT
Mar 11 2025 11:20PM,ctsazsimibcapps1.inso1a101c37461fa.database.windows.net,CentralRepository,IF NOT EXISTS(SELECT 1 FROM sys.indexes WHERE object_id = object_id('dbo.CHire_RRCollaborators_STG_CURR') AND NAME ='INDXC_CHire
Mar 11 2025 11:20PM,ctsazsimibcapps1.inso1a101c37461fa.database.windows.net,CentralRepository,IF NOT EXISTS(SELECT 1 FROM sys.indexes WHERE object_id = object_id('dbo.MSsavedforeignkeys') AND NAME ='ci_MSsavedforeignkeys')
Mar 11 2025 11:20PM,ctsazsimibcapps1.inso1a101c37461fa.database.windows.net,CentralRepository,IF NOT EXISTS(SELECT 1 FROM sys.indexes WHERE object_id = object_id('dbo.MSsavedforeignkeys') AND NAME ='nci_MSsavedforeignkeys_
Mar 11 2025 11:20PM,ctsazsimibcapps1.inso1a101c37461fa.database.windows.net,CentralRepository,IF NOT EXISTS(SELECT 1 FROM sys.indexes WHERE object_id = object_id('dbo.MSsavedforeignkeycolumns') AND NAME ='ci_MSsavedforeign
Mar 11 2025 11:20PM,ctsazsimibcapps1.inso1a101c37461fa.database.windows.net,CentralRepository,IF NOT EXISTS(SELECT 1 FROM sys.indexes WHERE object_id = object_id('dbo.MSsavedforeignkeycolumns') AND NAME ='nci_MSsavedforeig
Mar 11 2025 11:20PM,ctsazsimibcapps1.inso1a101c37461fa.database.windows.net,CentralRepository,IF NOT EXISTS(SELECT 1 FROM sys.indexes WHERE object_id = object_id('dbo.CHire_CandidateExperience_STG_CURR') AND NAME ='INDXC_C
Mar 11 2025 11:20PM,ctsazsimibcapps1.inso1a101c37461fa.database.windows.net,CentralRepository,IF NOT EXISTS(SELECT 1 FROM sys.indexes WHERE object_id = object_id('dbo.MSsavedforeignkeyextendedproperties') AND NAME ='ci_MSs
Mar 11 2025 11:20PM,ctsazsimibcapps1.inso1a101c37461fa.database.windows.net,CentralRepository,IF NOT EXISTS(SELECT 1 FROM sys.indexes WHERE object_id = object_id('dbo.MSsavedforeignkeyextendedproperties') AND NAME ='nci_MS
Mar 11 2025 11:20PM,ctsazsimibcapps1.inso1a101c37461fa.database.windows.net,CentralRepository,IF NOT EXISTS(SELECT 1 FROM sys.indexes WHERE object_id = object_id('dbo.CHire_CandidateEducation_STG_CURR') AND NAME ='INDXC_CH
Mar 11 2025 11:20PM,ctsazsimibcapps1.inso1a101c37461fa.database.windows.net,CentralRepository,IF NOT EXISTS(SELECT 1 FROM sys.indexes WHERE object_id = object_id('dbo.CentralRepository_Project_MIG') AND NAME ='INDXC_Centra
Mar 11 2025 11:20PM,ctsazsimibcapps1.inso1a101c37461fa.database.windows.net,CentralRepository,IF NOT EXISTS(SELECT 1 FROM sys.indexes WHERE object_id = object_id('dbo.CentralRepository_Project_MIG') AND NAME ='INDXC_Centra
Mar 11 2025 11:20PM,ctsazsimibcapps1.inso1a101c37461fa.database.windows.net,CentralRepository,IF NOT EXISTS(SELECT 1 FROM sys.indexes WHERE object_id = object_id('dbo.CentralRepository_Project_MIG') AND NAME ='INDXC_Centra
Mar 11 2025 11:20PM,ctsazsimibcapps1.inso1a101c37461fa.database.windows.net,CentralRepository,IF NOT EXISTS(SELECT 1 FROM sys.indexes WHERE object_id = object_id('dbo.CentralRepository_Project_MIG') AND NAME ='INDXC_Centra
Mar 11 2025 11:20PM,ctsazsimibcapps1.inso1a101c37461fa.database.windows.net,CentralRepository,IF NOT EXISTS(SELECT 1 FROM sys.indexes WHERE object_id = object_id('dbo.CentralRepository_Project_MIG') AND NAME ='INDXC_Centra
Mar 11 2025 11:20PM,ctsazsimibcapps1.inso1a101c37461fa.database.windows.net,CentralRepository,IF NOT EXISTS(SELECT 1 FROM sys.indexes WHERE object_id = object_id('dbo.CentralRepository_Project_MIG') AND NAME ='INDXC_Centra
Mar 11 2025 11:20PM,ctsazsimibcapps1.inso1a101c37461fa.database.windows.net,CentralRepository,IF NOT EXISTS(SELECT 1 FROM sys.indexes WHERE object_id = object_id('dbo.CentralRepository_Project_MIG') AND NAME ='INDXC_Centra
Mar 11 2025 11:20PM,ctsazsimibcapps1.inso1a101c37461fa.database.windows.net,CentralRepository,IF NOT EXISTS(SELECT 1 FROM sys.indexes WHERE object_id = object_id('dbo.CentralRepository_Project_MIG') AND NAME ='INDXC_Centra
Mar 11 2025 11:20PM,ctsazsimibcapps1.inso1a101c37461fa.database.windows.net,CentralRepository,IF NOT EXISTS(SELECT 1 FROM sys.indexes WHERE object_id = object_id('dbo.CentralRepository_Company_Master_MIG') AND NAME ='INXC_
Mar 11 2025 11:20PM,ctsazsimibcapps1.inso1a101c37461fa.database.windows.net,CentralRepository,IF NOT EXISTS(SELECT 1 FROM sys.indexes WHERE object_id = object_id('dbo.CentralRepository_RHMS_RoleDetails_MIG') AND NAME ='IND
Mar 11 2025 11:20PM,ctsazsimibcapps1.inso1a101c37461fa.database.windows.net,CentralRepository,IF NOT EXISTS(SELECT 1 FROM sys.indexes WHERE object_id = object_id('dbo.HCM_PS_JOBCODE_TBL_STG_CURR') AND NAME ='INDXC_HCM_PS_J
Mar 11 2025 11:20PM,ctsazsimibcapps1.inso1a101c37461fa.database.windows.net,CentralRepository,IF NOT EXISTS(SELECT 1 FROM sys.indexes WHERE object_id = object_id('dbo.HCM_PS_JOBCODE_TBL_STG_CURR') AND NAME ='INDXC_HCM_PS_J
Mar 11 2025 11:20PM,ctsazsimibcapps1.inso1a101c37461fa.database.windows.net,CentralRepository,IF NOT EXISTS(SELECT 1 FROM sys.indexes WHERE object_id = object_id('dbo.HCM_PS_JOBCODE_TBL_STG_CURR') AND NAME ='INDXC_HCM_PS_J
Mar 11 2025 11:20PM,ctsazsimibcapps1.inso1a101c37461fa.database.windows.net,CentralRepository,IF NOT EXISTS(SELECT 1 FROM sys.indexes WHERE object_id = object_id('dbo.CHire_CandidateRequisitionMapping_STG_CURR') AND NAME =
Mar 11 2025 11:20PM,ctsazsimibcapps1.inso1a101c37461fa.database.windows.net,CentralRepository,IF NOT EXISTS(SELECT 1 FROM sys.indexes WHERE object_id = object_id('dbo.CHire_CandidateRequisitionMapping_STG_CURR') AND NAME =
Mar 11 2025 11:20PM,ctsazsimibcapps1.inso1a101c37461fa.database.windows.net,CentralRepository,IF NOT EXISTS(SELECT 1 FROM sys.indexes WHERE object_id = object_id('dbo.HCM_PS_CT_MA_EMP_CMPY_STG_CURR') AND NAME ='INXC_HCM_PS
Mar 11 2025 11:20PM,ctsazsimibcapps1.inso1a101c37461fa.database.windows.net,CentralRepository,IF NOT EXISTS(SELECT 1 FROM sys.indexes WHERE object_id = object_id('dbo.HCM_PF_SKILL_CAT_ITEMS_STG_CURR_MIG') AND NAME ='INDXC_
Mar 11 2025 11:20PM,ctsazsimibcapps1.inso1a101c37461fa.database.windows.net,CentralRepository,IF NOT EXISTS(SELECT 1 FROM sys.indexes WHERE object_id = object_id('dbo.HCM_PF_SKILL_CAT_ITEMS_STG_CURR_MIG') AND NAME ='INDXC_
Mar 11 2025 11:20PM,ctsazsimibcapps1.inso1a101c37461fa.database.windows.net,CentralRepository,IF NOT EXISTS(SELECT 1 FROM sys.indexes WHERE object_id = object_id('dbo.CentralRepository_RMG_ResourceRequest_MIG') AND NAME ='
Mar 11 2025 11:20PM,ctsazsimibcapps1.inso1a101c37461fa.database.windows.net,CentralRepository,IF NOT EXISTS(SELECT 1 FROM sys.indexes WHERE object_id = object_id('dbo.CentralRepository_RMG_ResourceRequest_MIG') AND NAME ='
Mar 11 2025 11:20PM,ctsazsimibcapps1.inso1a101c37461fa.database.windows.net,CentralRepository,IF NOT EXISTS(SELECT 1 FROM sys.indexes WHERE object_id = object_id('dbo.HCM_PS_CM_ROLE_COMPS_STG_CURR') AND NAME ='IXNC_Central
Mar 11 2025 11:20PM,ctsazsimibcapps1.inso1a101c37461fa.database.windows.net,CentralRepository,IF NOT EXISTS(SELECT 1 FROM sys.indexes WHERE object_id = object_id('dbo.ESA_PS_PROJECT_MGR_STG_CURR') AND NAME ='INDXC_ESA_PS_P
Mar 11 2025 11:20PM,ctsazsimibcapps1.inso1a101c37461fa.database.windows.net,CentralRepository,IF NOT EXISTS(SELECT 1 FROM sys.indexes WHERE object_id = object_id('dbo.ESA_PS_PROJECT_MGR_STG_CURR') AND NAME ='INDXC_ESA_PS_P
Mar 11 2025 11:20PM,ctsazsimibcapps1.inso1a101c37461fa.database.windows.net,CentralRepository,IF NOT EXISTS(SELECT 1 FROM sys.indexes WHERE object_id = object_id('dbo.ESA_PS_PROJECT_MGR_STG_CURR') AND NAME ='INDXC_ESA_PS_P
Mar 11 2025 11:20PM,ctsazsimibcapps1.inso1a101c37461fa.database.windows.net,CentralRepository,IF NOT EXISTS(SELECT 1 FROM sys.indexes WHERE object_id = object_id('dbo.ESA_PS_PROJECT_MGR_STG_CURR') AND NAME ='INDXC_ESA_PS_P
Mar 11 2025 11:20PM,ctsazsimibcapps1.inso1a101c37461fa.database.windows.net,CentralRepository,IF NOT EXISTS(SELECT 1 FROM sys.indexes WHERE object_id = object_id('dbo.LMS_PERSON_STG_CURR') AND NAME ='INDXC_LMS_PERSON_STG_C
Mar 11 2025 11:20PM,ctsazsimibcapps1.inso1a101c37461fa.database.windows.net,CentralRepository,IF NOT EXISTS(SELECT 1 FROM sys.indexes WHERE object_id = object_id('dbo.HCM_PS_CT_SL_PL_THR2_STG_CURR') AND NAME ='INDXC_HCM_PS
Mar 11 2025 11:20PM,ctsazsimibcapps1.inso1a101c37461fa.database.windows.net,CentralRepository,IF NOT EXISTS(SELECT 1 FROM sys.indexes WHERE object_id = object_id('dbo.HCM_PS_JPM_CAT_GROUPS_STG_CURR') AND NAME ='INDXC_HCM_P
Mar 11 2025 11:20PM,ctsazsimipplt.inso1a101c37461fa.database.windows.net,centralrepository,IF NOT EXISTS(SELECT 1 FROM sys.indexes WHERE object_id = object_id('dbo.HCM_PS_JOBCODE_TBL_STG_CURR') AND NAME ='INDXC_HCM_PS_J
Mar 11 2025 11:20PM,ctsazsimipplt.inso1a101c37461fa.database.windows.net,centralrepository,IF NOT EXISTS(SELECT 1 FROM sys.indexes WHERE object_id = object_id('dbo.HCM_PS_JOBCODE_TBL_STG_CURR') AND NAME ='INDXC_HCM_PS_J
Mar 11 2025 11:20PM,ctsazsimipplt.inso1a101c37461fa.database.windows.net,centralrepository,IF NOT EXISTS(SELECT 1 FROM sys.indexes WHERE object_id = object_id('dbo.HCM_PS_JOBCODE_TBL_STG_CURR') AND NAME ='INDXC_HCM_PS_J
Mar 11 2025 11:20PM,ctsazsimipplt.inso1a101c37461fa.database.windows.net,centralrepository,IF NOT EXISTS(SELECT 1 FROM sys.indexes WHERE object_id = object_id('dbo.HCM_PS_JOBCODE_TBL_STG_CURR') AND NAME ='INDXC_HCM_PS_J
Mar 11 2025 11:20PM,ctsazsimipplt.inso1a101c37461fa.database.windows.net,centralrepository,IF NOT EXISTS(SELECT 1 FROM sys.indexes WHERE object_id = object_id('dbo.CentralRepository_CandidateDetails') AND NAME ='Index_C
Mar 11 2025 11:20PM,ctsazsimipplt.inso1a101c37461fa.database.windows.net,centralrepository,IF NOT EXISTS(SELECT 1 FROM sys.indexes WHERE object_id = object_id('dbo.CentralRepository_AssociatePool_MIG') AND NAME ='INDXC_
Mar 11 2025 11:20PM,ctsazsimipplt.inso1a101c37461fa.database.windows.net,centralrepository,IF NOT EXISTS(SELECT 1 FROM sys.indexes WHERE object_id = object_id('dbo.LM_vw_LocationMaster_STG_CURR') AND NAME ='INDXC_LM_VW_
Mar 11 2025 11:20PM,ctsazsimipplt.inso1a101c37461fa.database.windows.net,centralrepository,IF NOT EXISTS(SELECT 1 FROM sys.indexes WHERE object_id = object_id('dbo.CentralRepository_Contacts_MIG') AND NAME ='INDXC_Centr
Mar 11 2025 11:20PM,ctsazsimipplt.inso1a101c37461fa.database.windows.net,centralrepository,IF NOT EXISTS(SELECT 1 FROM sys.indexes WHERE object_id = object_id('dbo.CentralRepository_Contacts_MIG') AND NAME ='INDXC_Centr
Mar 11 2025 11:20PM,ctsazsimipplt.inso1a101c37461fa.database.windows.net,centralrepository,IF NOT EXISTS(SELECT 1 FROM sys.indexes WHERE object_id = object_id('dbo.RHMS_tbl_EDS_RoleMaster_STG_CURR') AND NAME ='INDXC_RHM
Mar 11 2025 11:20PM,ctsazsimipplt.inso1a101c37461fa.database.windows.net,centralrepository,IF NOT EXISTS(SELECT 1 FROM sys.indexes WHERE object_id = object_id('dbo.CentralRepository_Email_Address_MIG') AND NAME ='INDXC_
Mar 11 2025 11:20PM,ctsazsimipplt.inso1a101c37461fa.database.windows.net,centralrepository,IF NOT EXISTS(SELECT 1 FROM sys.indexes WHERE object_id = object_id('dbo.CentralRepository_Grade_Master_MIG') AND NAME ='INDXC_C
Mar 11 2025 11:20PM,ctsazsimipplt.inso1a101c37461fa.database.windows.net,centralrepository,IF NOT EXISTS(SELECT 1 FROM sys.indexes WHERE object_id = object_id('dbo.CentralRepository_GSMS_AssociateSeatInfo_MIG') AND NAME
Mar 11 2025 11:20PM,ctsazsimipplt.inso1a101c37461fa.database.windows.net,centralrepository,IF NOT EXISTS(SELECT 1 FROM sys.indexes WHERE object_id = object_id('dbo.CentralRepository_GSMS_AssociateSeatInfo_MIG') AND NAME
Mar 11 2025 11:20PM,ctsazsimipplt.inso1a101c37461fa.database.windows.net,centralrepository,IF NOT EXISTS(SELECT 1 FROM sys.indexes WHERE object_id = object_id('dbo.CentralRepository_GSMS_AssociateSeatInfo_MIG') AND NAME
Mar 11 2025 11:20PM,ctsazsimipplt.inso1a101c37461fa.database.windows.net,centralrepository,IF NOT EXISTS(SELECT 1 FROM sys.indexes WHERE object_id = object_id('dbo.CentralRepository_Contracts_EDS') AND NAME ='INDXC_Cent
Mar 11 2025 11:20PM,ctsazsimipplt.inso1a101c37461fa.database.windows.net,centralrepository,IF NOT EXISTS(SELECT 1 FROM sys.indexes WHERE object_id = object_id('dbo.CentralRepository_Contracts_EDS') AND NAME ='INDXC_Cent
Mar 11 2025 11:20PM,ctsazsimipplt.inso1a101c37461fa.database.windows.net,centralrepository,IF NOT EXISTS(SELECT 1 FROM sys.indexes WHERE object_id = object_id('dbo.CentralRepository_HCMLocation_MIG') AND NAME ='INDXC_Ce
Mar 11 2025 11:20PM,ctsazsimipplt.inso1a101c37461fa.database.windows.net,centralrepository,IF NOT EXISTS(SELECT 1 FROM sys.indexes WHERE object_id = object_id('dbo.CentralRepository_HCMLocation_MIG') AND NAME ='INDXC_Ce
Mar 11 2025 11:20PM,ctsazsimipplt.inso1a101c37461fa.database.windows.net,centralrepository,IF NOT EXISTS(SELECT 1 FROM sys.indexes WHERE object_id = object_id('dbo.CentralRepository_EAM_Leavedata_MIG_CRS') AND NAME ='IN
Mar 11 2025 11:20PM,ctsazsimipplt.inso1a101c37461fa.database.windows.net,centralrepository,IF NOT EXISTS(SELECT 1 FROM sys.indexes WHERE object_id = object_id('dbo.CentralRepository_EAM_Leavedata_MIG_CRS') AND NAME ='IN
Mar 11 2025 11:20PM,ctsazsimipplt.inso1a101c37461fa.database.windows.net,centralrepository,IF NOT EXISTS(SELECT 1 FROM sys.indexes WHERE object_id = object_id('dbo.CentralRepository_ESA_Allocation_MIG') AND NAME ='INDXC
Mar 11 2025 11:20PM,ctsazsimipplt.inso1a101c37461fa.database.windows.net,centralrepository,IF NOT EXISTS(SELECT 1 FROM sys.indexes WHERE object_id = object_id('dbo.CentralRepository_ESA_Allocation_MIG') AND NAME ='INDXC
Mar 11 2025 11:20PM,ctsazsimipplt.inso1a101c37461fa.database.windows.net,centralrepository,IF NOT EXISTS(SELECT 1 FROM sys.indexes WHERE object_id = object_id('dbo.CentralRepository_ESA_Allocation_MIG') AND NAME ='INDXC
Mar 11 2025 11:20PM,ctsazsimipplt.inso1a101c37461fa.database.windows.net,centralrepository,IF NOT EXISTS(SELECT 1 FROM sys.indexes WHERE object_id = object_id('dbo.CentralRepository_ESA_Allocation_MIG') AND NAME ='IXDXC
Mar 11 2025 11:20PM,ctsazsimipplt.inso1a101c37461fa.database.windows.net,centralrepository,IF NOT EXISTS(SELECT 1 FROM sys.indexes WHERE object_id = object_id('dbo.CentralRepository_ESA_Allocation_MIG') AND NAME ='INDXC
Mar 11 2025 11:20PM,ctsazsimipplt.inso1a101c37461fa.database.windows.net,centralrepository,IF NOT EXISTS(SELECT 1 FROM sys.indexes WHERE object_id = object_id('dbo.CentralRepository_ESA_Allocation_MIG') AND NAME ='INDXC
Mar 11 2025 11:20PM,ctsazsimipplt.inso1a101c37461fa.database.windows.net,centralrepository,IF NOT EXISTS(SELECT 1 FROM sys.indexes WHERE object_id = object_id('dbo.CentralRepository_ESA_Allocation_MIG') AND NAME ='INDXC
Mar 11 2025 11:20PM,ctsazsimipplt.inso1a101c37461fa.database.windows.net,centralrepository,IF NOT EXISTS(SELECT 1 FROM sys.indexes WHERE object_id = object_id('dbo.CentralRepository_ESA_Allocation_MIG') AND NAME ='INDXC
Mar 11 2025 11:20PM,ctsazsimipplt.inso1a101c37461fa.database.windows.net,centralrepository,IF NOT EXISTS(SELECT 1 FROM sys.indexes WHERE object_id = object_id('dbo.CentralRepository_JobFamilyMaster_MIG') AND NAME ='INDX
Mar 11 2025 11:20PM,ctsazsimipplt.inso1a101c37461fa.database.windows.net,centralrepository,IF NOT EXISTS(SELECT 1 FROM sys.indexes WHERE object_id = object_id('dbo.sysdiagrams') AND NAME ='UK_principal_name') CREATE UNI
Mar 11 2025 11:20PM,ctsazsimipplt.inso1a101c37461fa.database.windows.net,centralrepository,IF NOT EXISTS(SELECT 1 FROM sys.indexes WHERE object_id = object_id('dbo.CentralRepository_Project_MIG') AND NAME ='INDXC_Centra
Mar 11 2025 11:20PM,ctsazsimipplt.inso1a101c37461fa.database.windows.net,centralrepository,IF NOT EXISTS(SELECT 1 FROM sys.indexes WHERE object_id = object_id('dbo.CentralRepository_Project_MIG') AND NAME ='INDXC_Centra
Mar 11 2025 11:20PM,ctsazsimipplt.inso1a101c37461fa.database.windows.net,centralrepository,IF NOT EXISTS(SELECT 1 FROM sys.indexes WHERE object_id = object_id('dbo.CentralRepository_Project_MIG') AND NAME ='IX_CentralRe
Mar 11 2025 11:20PM,ctsazsimipplt.inso1a101c37461fa.database.windows.net,centralrepository,IF NOT EXISTS(SELECT 1 FROM sys.indexes WHERE object_id = object_id('dbo.CentralRepository_Project_MIG') AND NAME ='INDXC_Centra
Mar 11 2025 11:20PM,ctsazsimipplt.inso1a101c37461fa.database.windows.net,centralrepository,IF NOT EXISTS(SELECT 1 FROM sys.indexes WHERE object_id = object_id('dbo.CentralRepository_Project_MIG') AND NAME ='INDXC_Centra
Mar 11 2025 11:20PM,ctsazsimipplt.inso1a101c37461fa.database.windows.net,centralrepository,IF NOT EXISTS(SELECT 1 FROM sys.indexes WHERE object_id = object_id('dbo.CentralRepository_Project_MIG') AND NAME ='INDXC_Centra
Mar 11 2025 11:20PM,ctsazsimipplt.inso1a101c37461fa.database.windows.net,centralrepository,IF NOT EXISTS(SELECT 1 FROM sys.indexes WHERE object_id = object_id('dbo.CentralRepository_Project_MIG') AND NAME ='INDXC_Centra
Mar 11 2025 11:20PM,ctsazsimipplt.inso1a101c37461fa.database.windows.net,centralrepository,IF NOT EXISTS(SELECT 1 FROM sys.indexes WHERE object_id = object_id('dbo.CentralRepository_Project_MIG') AND NAME ='INDXCCentral
Mar 11 2025 11:20PM,ctsazsimipplt.inso1a101c37461fa.database.windows.net,centralrepository,IF NOT EXISTS(SELECT 1 FROM sys.indexes WHERE object_id = object_id('dbo.CentralRepository_RHMS_RoleDetails_MIG') AND NAME ='IND
Mar 11 2025 11:20PM,ctsazsimipplt.inso1a101c37461fa.database.windows.net,centralrepository,IF NOT EXISTS(SELECT 1 FROM sys.indexes WHERE object_id = object_id('dbo.MSreplication_subscriptions') AND NAME ='uc1MSReplicati
Mar 11 2025 11:20PM,ctsazsimipplt.inso1a101c37461fa.database.windows.net,centralrepository,IF NOT EXISTS(SELECT 1 FROM sys.indexes WHERE object_id = object_id('dbo.MSsubscription_agents') AND NAME ='ucMSsubscription_age
Mar 11 2025 11:20PM,ctsazsimipplt.inso1a101c37461fa.database.windows.net,centralrepository,IF NOT EXISTS(SELECT 1 FROM sys.indexes WHERE object_id = object_id('dbo.MSsubscription_agents') AND NAME ='ucMSsubscription_age
Mar 11 2025 11:20PM,ctsazsimipplt.inso1a101c37461fa.database.windows.net,centralrepository,IF NOT EXISTS(SELECT 1 FROM sys.indexes WHERE object_id = object_id('dbo.MSreplication_objects') AND NAME ='ucMSreplication_obje
Mar 11 2025 11:20PM,ctsazsimipplt.inso1a101c37461fa.database.windows.net,centralrepository,IF NOT EXISTS(SELECT 1 FROM sys.indexes WHERE object_id = object_id('dbo.ESA_PS_PGM_APPLICATION_STG_CURR') AND NAME ='INDXC_ESA_
Mar 11 2025 11:20PM,ctsazsimipplt.inso1a101c37461fa.database.windows.net,centralrepository,IF NOT EXISTS(SELECT 1 FROM sys.indexes WHERE object_id = object_id('dbo.CentralRepository_Company_Master') AND NAME ='XPKCentra
Mar 11 2025 11:20PM,ctsazsimipplt.inso1a101c37461fa.database.windows.net,centralrepository,IF NOT EXISTS(SELECT 1 FROM sys.indexes WHERE object_id = object_id('dbo.CentralRepository_EAM_Leavedata_MIG') AND NAME ='INDXC_
Mar 11 2025 11:20PM,ctsazsimipplt.inso1a101c37461fa.database.windows.net,centralrepository,IF NOT EXISTS(SELECT 1 FROM sys.indexes WHERE object_id = object_id('dbo.CentralRepository_EAM_Leavedata_MIG') AND NAME ='INDXC_
Mar 11 2025 11:20PM,ctsazsimipplt.inso1a101c37461fa.database.windows.net,centralrepository,IF NOT EXISTS(SELECT 1 FROM sys.indexes WHERE object_id = object_id('dbo.ESA_PS_PROJECT_MGR_STG_CURR') AND NAME ='INDXC_ESA_PS_P
Mar 11 2025 11:20PM,ctsazsimipplt.inso1a101c37461fa.database.windows.net,centralrepository,IF NOT EXISTS(SELECT 1 FROM sys.indexes WHERE object_id = object_id('dbo.ESA_PS_PROJECT_MGR_STG_CURR') AND NAME ='INDXC_ESA_PS_P
Mar 11 2025 11:20PM,ctsazsimipplt.inso1a101c37461fa.database.windows.net,centralrepository,IF NOT EXISTS(SELECT 1 FROM sys.indexes WHERE object_id = object_id('dbo.ESA_PS_PROJECT_MGR_STG_CURR') AND NAME ='INDXC_ESA_PS_P
Mar 11 2025 11:20PM,ctsazsimipplt.inso1a101c37461fa.database.windows.net,centralrepository,IF NOT EXISTS(SELECT 1 FROM sys.indexes WHERE object_id = object_id('dbo.ESA_PS_PROJECT_MGR_STG_CURR') AND NAME ='INDXC_ESA_PS_P
Mar 11 2025 11:20PM,ctsazsimipplt.inso1a101c37461fa.database.windows.net,centralrepository,IF NOT EXISTS(SELECT 1 FROM sys.indexes WHERE object_id = object_id('dbo.CentralRepository_JOB_Reference_MIG') AND NAME ='INDXC_
Mar 11 2025 11:20PM,ctsazsimipplt.inso1a101c37461fa.database.windows.net,centralrepository,IF NOT EXISTS(SELECT 1 FROM sys.indexes WHERE object_id = object_id('dbo.CentralRepository_JOB_Reference_MIG') AND NAME ='INDXC_
Mar 11 2025 11:20PM,ctsazsimipplt.inso1a101c37461fa.database.windows.net,centralrepository,IF NOT EXISTS(SELECT 1 FROM sys.indexes WHERE object_id = object_id('dbo.HCM_PS_BUS_UNIT_TBL_HR_STG_CURR') AND NAME ='INDXC_HCM_
Mar 11 2025 11:20PM,ctsazsimipplt.inso1a101c37461fa.database.windows.net,centralrepository,IF NOT EXISTS(SELECT 1 FROM sys.indexes WHERE object_id = object_id('dbo.MSsnapshotdeliveryprogress') AND NAME ='ci_MSsnapshotde
Mar 11 2025 11:20PM,ctsazsimipplt.inso1a101c37461fa.database.windows.net,centralrepository,IF NOT EXISTS(SELECT 1 FROM sys.indexes WHERE object_id = object_id('dbo.MSsnapshotdeliveryprogress') AND NAME ='nci_MSsnapshotd
Mar 11 2025 11:20PM,ctsazsimipplt.inso1a101c37461fa.database.windows.net,centralrepository,IF NOT EXISTS(SELECT 1 FROM sys.indexes WHERE object_id = object_id('dbo.CENTRALREPOSITORY_CANDIDATEDETAILS_MIG') AND NAME ='IXN
Mar 11 2025 11:20PM,ctsazsimipplt.inso1a101c37461fa.database.windows.net,centralrepository,IF NOT EXISTS(SELECT 1 FROM sys.indexes WHERE object_id = object_id('dbo.HCM_PS_DEPT_TBL_STG_CURR') AND NAME ='INDXC_HCM_PS_DEPT
Mar 11 2025 11:20PM,ctsazsimipplt.inso1a101c37461fa.database.windows.net,centralrepository,IF NOT EXISTS(SELECT 1 FROM sys.indexes WHERE object_id = object_id('dbo.CentralRepository_Associate_Details_MIG') AND NAME ='IN
Mar 11 2025 11:20PM,ctsazsimipplt.inso1a101c37461fa.database.windows.net,centralrepository,IF NOT EXISTS(SELECT 1 FROM sys.indexes WHERE object_id = object_id('dbo.CentralRepository_Associate_Details_MIG') AND NAME ='IN
Mar 11 2025 11:20PM,ctsazsimipplt.inso1a101c37461fa.database.windows.net,centralrepository,IF NOT EXISTS(SELECT 1 FROM sys.indexes WHERE object_id = object_id('dbo.CentralRepository_Associate_Details_MIG') AND NAME ='IN
Mar 11 2025 11:20PM,ctsazsimipplt.inso1a101c37461fa.database.windows.net,centralrepository,IF NOT EXISTS(SELECT 1 FROM sys.indexes WHERE object_id = object_id('dbo.CentralRepository_Associate_Details_MIG') AND NAME ='IN
Mar 11 2025 11:20PM,ctsazsimipplt.inso1a101c37461fa.database.windows.net,centralrepository,IF NOT EXISTS(SELECT 1 FROM sys.indexes WHERE object_id = object_id('dbo.CentralRepository_Associate_Details_MIG') AND NAME ='IN
Mar 11 2025 11:20PM,ctsazsimipplt.inso1a101c37461fa.database.windows.net,centralrepository,IF NOT EXISTS(SELECT 1 FROM sys.indexes WHERE object_id = object_id('dbo.CentralRepository_Associate_Details_MIG') AND NAME ='IN
Mar 11 2025 11:20PM,ctsazsimipplt.inso1a101c37461fa.database.windows.net,centralrepository,IF NOT EXISTS(SELECT 1 FROM sys.indexes WHERE object_id = object_id('dbo.CentralRepository_Associate_Details_MIG') AND NAME ='IN
Mar 11 2025 11:20PM,ctsazsimipplt.inso1a101c37461fa.database.windows.net,centralrepository,IF NOT EXISTS(SELECT 1 FROM sys.indexes WHERE object_id = object_id('dbo.CentralRepository_Associate_Details_MIG') AND NAME ='IN
Mar 11 2025 11:20PM,ctsazsimipplt.inso1a101c37461fa.database.windows.net,centralrepository,IF NOT EXISTS(SELECT 1 FROM sys.indexes WHERE object_id = object_id('dbo.CentralRepository_Associate_Details_MIG') AND NAME ='IN
Mar 11 2025 11:20PM,ctsazsimipplt.inso1a101c37461fa.database.windows.net,centralrepository,IF NOT EXISTS(SELECT 1 FROM sys.indexes WHERE object_id = object_id('dbo.CentralRepository_Associate_Details_MIG') AND NAME ='IN
Mar 11 2025 11:20PM,ctsazsimipst.inso1a101c37461fa.database.windows.net,CentralRepository,IF NOT EXISTS(SELECT 1 FROM sys.indexes WHERE object_id = object_id('dbo.CentralRepository_HCMLocation_MIG') AND NAME ='INDXC_Ce
Mar 11 2025 11:20PM,ctsazsimipst.inso1a101c37461fa.database.windows.net,CentralRepository,IF NOT EXISTS(SELECT 1 FROM sys.indexes WHERE object_id = object_id('dbo.CentralRepository_HCMLocation_MIG') AND NAME ='INDXC_Ce
Mar 11 2025 11:20PM,ctsazsimipst.inso1a101c37461fa.database.windows.net,CentralRepository,IF NOT EXISTS(SELECT 1 FROM sys.indexes WHERE object_id = object_id('dbo.LM_vw_LocationMaster_STG_CURR') AND NAME ='INDXC_LM_VW_
Mar 11 2025 11:20PM,ctsazsimipst.inso1a101c37461fa.database.windows.net,CentralRepository,IF NOT EXISTS(SELECT 1 FROM sys.indexes WHERE object_id = object_id('dbo.HCM_PS_CT_STATE_TBL_VW_CRS_STG_CURR') AND NAME ='INDXC_
Mar 11 2025 11:20PM,ctsazsimipst.inso1a101c37461fa.database.windows.net,CentralRepository,IF NOT EXISTS(SELECT 1 FROM sys.indexes WHERE object_id = object_id('dbo.CentralRepository_EAM_Leavedata_MIG') AND NAME ='INDXC_
Mar 11 2025 11:20PM,ctsazsimipst.inso1a101c37461fa.database.windows.net,CentralRepository,IF NOT EXISTS(SELECT 1 FROM sys.indexes WHERE object_id = object_id('dbo.CentralRepository_EAM_Leavedata_MIG') AND NAME ='INDXC_
Mar 11 2025 11:20PM,ctsazsimipst.inso1a101c37461fa.database.windows.net,CentralRepository,IF NOT EXISTS(SELECT 1 FROM sys.indexes WHERE object_id = object_id('dbo.HCM_PS_DEPT_TBL_STG_CURR') AND NAME ='INDXC_HCM_PS_DEPT
Mar 11 2025 11:20PM,ctsazsimipst.inso1a101c37461fa.database.windows.net,CentralRepository,IF NOT EXISTS(SELECT 1 FROM sys.indexes WHERE object_id = object_id('dbo.HCM_PS_DEPT_TBL_STG_CURR') AND NAME ='INDXC_HCM_PS_DEPT
Mar 11 2025 11:20PM,ctsazsimipst.inso1a101c37461fa.database.windows.net,CentralRepository,IF NOT EXISTS(SELECT 1 FROM sys.indexes WHERE object_id = object_id('dbo.CentralRepository_Email_Address_MIG') AND NAME ='INDXC_
Mar 11 2025 11:20PM,ctsazsimipst.inso1a101c37461fa.database.windows.net,CentralRepository,IF NOT EXISTS(SELECT 1 FROM sys.indexes WHERE object_id = object_id('dbo.HCM_PS_JOBCODE_TBL_STG_CURR') AND NAME ='INDXC_HCM_PS_J
Mar 11 2025 11:20PM,ctsazsimipst.inso1a101c37461fa.database.windows.net,CentralRepository,IF NOT EXISTS(SELECT 1 FROM sys.indexes WHERE object_id = object_id('dbo.HCM_PS_JOBCODE_TBL_STG_CURR') AND NAME ='INDXC_HCM_PS_J
Mar 11 2025 11:20PM,ctsazsimipst.inso1a101c37461fa.database.windows.net,CentralRepository,IF NOT EXISTS(SELECT 1 FROM sys.indexes WHERE object_id = object_id('dbo.HCM_PS_JOBCODE_TBL_STG_CURR') AND NAME ='INDXC_HCM_PS_J
Mar 11 2025 11:20PM,ctsazsimipst.inso1a101c37461fa.database.windows.net,CentralRepository,IF NOT EXISTS(SELECT 1 FROM sys.indexes WHERE object_id = object_id('dbo.HCM_PS_JOBCODE_TBL_STG_CURR') AND NAME ='INDXC_HCM_PS_J
Mar 11 2025 11:20PM,ctsazsimipst.inso1a101c37461fa.database.windows.net,CentralRepository,IF NOT EXISTS(SELECT 1 FROM sys.indexes WHERE object_id = object_id('dbo.ESA_PS_CTS_BUD_CUT_TBL_STG_CURR') AND NAME ='INDXC_ESA_
Mar 11 2025 11:20PM,ctsazsimipst.inso1a101c37461fa.database.windows.net,CentralRepository,IF NOT EXISTS(SELECT 1 FROM sys.indexes WHERE object_id = object_id('dbo.LM_vw_LocationMaster_STG_CURR') AND NAME ='INDXC_LM_VW_
Mar 11 2025 11:20PM,ctsazsimipst.inso1a101c37461fa.database.windows.net,CentralRepository,IF NOT EXISTS(SELECT 1 FROM sys.indexes WHERE object_id = object_id('dbo.ESA_PS_CTS_CRS_RTTR_STG_CURR') AND NAME ='INDXC_ESA_PS_
Mar 11 2025 11:20PM,ctsazsimipst.inso1a101c37461fa.database.windows.net,CentralRepository,IF NOT EXISTS(SELECT 1 FROM sys.indexes WHERE object_id = object_id('dbo.CentralRepository_Horizontal_master_MIG') AND NAME ='IN
Mar 11 2025 11:20PM,ctsazsimipst.inso1a101c37461fa.database.windows.net,CentralRepository,IF NOT EXISTS(SELECT 1 FROM sys.indexes WHERE object_id = object_id('dbo.RHMS_tbl_EDS_BUVerticalEntityMasterData_STG_CURR') AND 
Mar 11 2025 11:20PM,ctsazsimipst.inso1a101c37461fa.database.windows.net,CentralRepository,IF NOT EXISTS(SELECT 1 FROM sys.indexes WHERE object_id = object_id('dbo.CentralRepository_JOB_Reference_MIG') AND NAME ='INDXC_
Mar 11 2025 11:20PM,ctsazsimipst.inso1a101c37461fa.database.windows.net,CentralRepository,IF NOT EXISTS(SELECT 1 FROM sys.indexes WHERE object_id = object_id('dbo.CentralRepository_JOB_Reference_MIG') AND NAME ='INDXC_
Mar 11 2025 11:20PM,ctsazsimipst.inso1a101c37461fa.database.windows.net,CentralRepository,IF NOT EXISTS(SELECT 1 FROM sys.indexes WHERE object_id = object_id('dbo.CentralRepository_JOB_Reference_MIG') AND NAME ='INDXC_
Mar 11 2025 11:20PM,ctsazsimipst.inso1a101c37461fa.database.windows.net,CentralRepository,IF NOT EXISTS(SELECT 1 FROM sys.indexes WHERE object_id = object_id('dbo.CentralRepository_JobFamilyMaster_MIG') AND NAME ='INDX
Mar 11 2025 11:20PM,ctsazsimipst.inso1a101c37461fa.database.windows.net,CentralRepository,IF NOT EXISTS(SELECT 1 FROM sys.indexes WHERE object_id = object_id('dbo.CentralRepository_Project_MIG') AND NAME ='INDXC_Centra
Mar 11 2025 11:20PM,ctsazsimipst.inso1a101c37461fa.database.windows.net,CentralRepository,IF NOT EXISTS(SELECT 1 FROM sys.indexes WHERE object_id = object_id('dbo.CentralRepository_Project_MIG') AND NAME ='INDXC_Centra
Mar 11 2025 11:20PM,ctsazsimipst.inso1a101c37461fa.database.windows.net,CentralRepository,IF NOT EXISTS(SELECT 1 FROM sys.indexes WHERE object_id = object_id('dbo.CentralRepository_Project_MIG') AND NAME ='INDXC_Centra
Mar 11 2025 11:20PM,ctsazsimipst.inso1a101c37461fa.database.windows.net,CentralRepository,IF NOT EXISTS(SELECT 1 FROM sys.indexes WHERE object_id = object_id('dbo.CentralRepository_Project_MIG') AND NAME ='INDXC_Centra
Mar 11 2025 11:20PM,ctsazsimipst.inso1a101c37461fa.database.windows.net,CentralRepository,IF NOT EXISTS(SELECT 1 FROM sys.indexes WHERE object_id = object_id('dbo.CentralRepository_Project_MIG') AND NAME ='INDXC_Centra
Mar 11 2025 11:20PM,ctsazsimipst.inso1a101c37461fa.database.windows.net,CentralRepository,IF NOT EXISTS(SELECT 1 FROM sys.indexes WHERE object_id = object_id('dbo.CentralRepository_Project_MIG') AND NAME ='INDXC_Centra
Mar 11 2025 11:20PM,ctsazsimipst.inso1a101c37461fa.database.windows.net,CentralRepository,IF NOT EXISTS(SELECT 1 FROM sys.indexes WHERE object_id = object_id('dbo.CentralRepository_Project_MIG') AND NAME ='INDXC_Centra
Mar 11 2025 11:20PM,ctsazsimipst.inso1a101c37461fa.database.windows.net,CentralRepository,IF NOT EXISTS(SELECT 1 FROM sys.indexes WHERE object_id = object_id('dbo.CentralRepository_Project_MIG') AND NAME ='INDXC_Centra
Mar 11 2025 11:20PM,ctsazsimipst.inso1a101c37461fa.database.windows.net,CentralRepository,IF NOT EXISTS(SELECT 1 FROM sys.indexes WHERE object_id = object_id('dbo.CentralRepository_Project_MIG') AND NAME ='INDXC_Centra
Mar 11 2025 11:20PM,ctsazsimipst.inso1a101c37461fa.database.windows.net,CentralRepository,IF NOT EXISTS(SELECT 1 FROM sys.indexes WHERE object_id = object_id('dbo.CentralRepository_Project_MIG') AND NAME ='INDXC_Centra
Mar 11 2025 11:20PM,ctsazsimipst.inso1a101c37461fa.database.windows.net,CentralRepository,IF NOT EXISTS(SELECT 1 FROM sys.indexes WHERE object_id = object_id('dbo.CentralRepository_Project_MIG') AND NAME ='INDXC_Centra
Mar 11 2025 11:20PM,ctsazsimipst.inso1a101c37461fa.database.windows.net,CentralRepository,IF NOT EXISTS(SELECT 1 FROM sys.indexes WHERE object_id = object_id('dbo.CentralRepository_Associate_Details_MIG') AND NAME ='IN
Mar 11 2025 11:20PM,ctsazsimipst.inso1a101c37461fa.database.windows.net,CentralRepository,IF NOT EXISTS(SELECT 1 FROM sys.indexes WHERE object_id = object_id('dbo.CentralRepository_Associate_Details_MIG') AND NAME ='IN
Mar 11 2025 11:20PM,ctsazsimipst.inso1a101c37461fa.database.windows.net,CentralRepository,IF NOT EXISTS(SELECT 1 FROM sys.indexes WHERE object_id = object_id('dbo.CentralRepository_Associate_Details_MIG') AND NAME ='IN
Mar 11 2025 11:20PM,ctsazsimipst.inso1a101c37461fa.database.windows.net,CentralRepository,IF NOT EXISTS(SELECT 1 FROM sys.indexes WHERE object_id = object_id('dbo.CentralRepository_Associate_Details_MIG') AND NAME ='IN
Mar 11 2025 11:20PM,ctsazsimipst.inso1a101c37461fa.database.windows.net,CentralRepository,IF NOT EXISTS(SELECT 1 FROM sys.indexes WHERE object_id = object_id('dbo.CentralRepository_Associate_Details_MIG') AND NAME ='IN
Mar 11 2025 11:20PM,ctsazsimipst.inso1a101c37461fa.database.windows.net,CentralRepository,IF NOT EXISTS(SELECT 1 FROM sys.indexes WHERE object_id = object_id('dbo.CentralRepository_Associate_Details_MIG') AND NAME ='IN
Mar 11 2025 11:20PM,ctsazsimipst.inso1a101c37461fa.database.windows.net,CentralRepository,IF NOT EXISTS(SELECT 1 FROM sys.indexes WHERE object_id = object_id('dbo.CentralRepository_Associate_Details_MIG') AND NAME ='IN
Mar 11 2025 11:20PM,ctsazsimipst.inso1a101c37461fa.database.windows.net,CentralRepository,IF NOT EXISTS(SELECT 1 FROM sys.indexes WHERE object_id = object_id('dbo.CentralRepository_Associate_Details_MIG') AND NAME ='IN
Mar 11 2025 11:20PM,ctsazsimipst.inso1a101c37461fa.database.windows.net,CentralRepository,IF NOT EXISTS(SELECT 1 FROM sys.indexes WHERE object_id = object_id('dbo.CentralRepository_Associate_Details_MIG') AND NAME ='IN
Mar 11 2025 11:20PM,ctsazsimipst.inso1a101c37461fa.database.windows.net,CentralRepository,IF NOT EXISTS(SELECT 1 FROM sys.indexes WHERE object_id = object_id('dbo.CentralRepository_Associate_Details_MIG') AND NAME ='IN
Mar 11 2025 11:20PM,ctsazsimipst.inso1a101c37461fa.database.windows.net,CentralRepository,IF NOT EXISTS(SELECT 1 FROM sys.indexes WHERE object_id = object_id('dbo.CentralRepository_Associate_Details_MIG') AND NAME ='IN
Mar 11 2025 11:20PM,ctsazsimipst.inso1a101c37461fa.database.windows.net,CentralRepository,IF NOT EXISTS(SELECT 1 FROM sys.indexes WHERE object_id = object_id('dbo.CentralRepository_Associate_Details_MIG') AND NAME ='IN
Mar 11 2025 11:20PM,ctsazsimipst.inso1a101c37461fa.database.windows.net,CentralRepository,IF NOT EXISTS(SELECT 1 FROM sys.indexes WHERE object_id = object_id('dbo.SFDC_Account_STG_CURR') AND NAME ='INDXC_SFDC_Account_S
Mar 11 2025 11:20PM,ctsazsimipst.inso1a101c37461fa.database.windows.net,CentralRepository,IF NOT EXISTS(SELECT 1 FROM sys.indexes WHERE object_id = object_id('dbo.SFDC_Account_STG_CURR') AND NAME ='INDXC_SFDC_Account_S
Mar 11 2025 11:20PM,ctsazsimipst.inso1a101c37461fa.database.windows.net,CentralRepository,IF NOT EXISTS(SELECT 1 FROM sys.indexes WHERE object_id = object_id('dbo.RHMS_tbl_EDS_HorizontalToSLPA_Mapping_STG_CURR') AND NA
Mar 11 2025 11:20PM,ctsazsimipst.inso1a101c37461fa.database.windows.net,CentralRepository,IF NOT EXISTS(SELECT 1 FROM sys.indexes WHERE object_id = object_id('dbo.CentralRepository_Rate_Master_MIG') AND NAME ='INDXC_Ce
Mar 11 2025 11:20PM,ctsazsimipst.inso1a101c37461fa.database.windows.net,CentralRepository,IF NOT EXISTS(SELECT 1 FROM sys.indexes WHERE object_id = object_id('dbo.CentralRepository_Rate_Master_MIG') AND NAME ='INDXC_Ce
Mar 11 2025 11:20PM,ctsazsimipst.inso1a101c37461fa.database.windows.net,CentralRepository,IF NOT EXISTS(SELECT 1 FROM sys.indexes WHERE object_id = object_id('dbo.CentralRepository_AssociateAddress_MIG') AND NAME ='IND
Mar 11 2025 11:20PM,ctsazsimipst.inso1a101c37461fa.database.windows.net,CentralRepository,IF NOT EXISTS(SELECT 1 FROM sys.indexes WHERE object_id = object_id('dbo.RHMS_tbl_EDS_RoleMaster_STG_CURR') AND NAME ='INDXC_RHM
Mar 11 2025 11:20PM,ctsazsimipst.inso1a101c37461fa.database.windows.net,CentralRepository,IF NOT EXISTS(SELECT 1 FROM sys.indexes WHERE object_id = object_id('dbo.CentralRepository_RateSetTrans_MIG') AND NAME ='INDXC_C
Mar 11 2025 11:20PM,ctsazsimipst.inso1a101c37461fa.database.windows.net,CentralRepository,IF NOT EXISTS(SELECT 1 FROM sys.indexes WHERE object_id = object_id('dbo.CentralRepository_AssociatePool_MIG') AND NAME ='INDXC_
Mar 11 2025 11:20PM,ctsazsimipst.inso1a101c37461fa.database.windows.net,CentralRepository,IF NOT EXISTS(SELECT 1 FROM sys.indexes WHERE object_id = object_id('dbo.CentralRepository_SFDC_Account_RHMS_MIG') AND NAME ='IX
Mar 11 2025 11:20PM,ctsazsimipst.inso1a101c37461fa.database.windows.net,CentralRepository,IF NOT EXISTS(SELECT 1 FROM sys.indexes WHERE object_id = object_id('dbo.CentralRepository_Billing_Details_Mig') AND NAME ='INDX
Mar 11 2025 11:20PM,ctsazsimipst.inso1a101c37461fa.database.windows.net,CentralRepository,IF NOT EXISTS(SELECT 1 FROM sys.indexes WHERE object_id = object_id('dbo.CentralRepository_Billing_Details_Mig') AND NAME ='INDX
Mar 11 2025 11:20PM,ctsazsimipst.inso1a101c37461fa.database.windows.net,CentralRepository,IF NOT EXISTS(SELECT 1 FROM sys.indexes WHERE object_id = object_id('dbo.CentralRepository_Billing_Details_Mig') AND NAME ='INDX
Mar 11 2025 11:20PM,ctsazsimipst.inso1a101c37461fa.database.windows.net,CentralRepository,IF NOT EXISTS(SELECT 1 FROM sys.indexes WHERE object_id = object_id('dbo.CentralRepository_Billing_Details_Mig') AND NAME ='INDX
Mar 11 2025 11:20PM,ctsazsimipst.inso1a101c37461fa.database.windows.net,CentralRepository,IF NOT EXISTS(SELECT 1 FROM sys.indexes WHERE object_id = object_id('dbo.CentralRepository_Billing_Details_Mig') AND NAME ='INDX
Mar 11 2025 11:20PM,ctsazsimipst.inso1a101c37461fa.database.windows.net,CentralRepository,IF NOT EXISTS(SELECT 1 FROM sys.indexes WHERE object_id = object_id('dbo.CentralRepository_Billing_Details_Mig') AND NAME ='INDX
Mar 11 2025 11:20PM,ctsazsimipst.inso1a101c37461fa.database.windows.net,CentralRepository,IF NOT EXISTS(SELECT 1 FROM sys.indexes WHERE object_id = object_id('dbo.CentralRepository_Billing_Details_Mig') AND NAME ='INDX
Mar 11 2025 11:20PM,ctsazsimipst.inso1a101c37461fa.database.windows.net,CentralRepository,IF NOT EXISTS(SELECT 1 FROM sys.indexes WHERE object_id = object_id('dbo.SFDC_Account_Team_STG_CURR') AND NAME ='INDXC_SFDC_Acco
Mar 11 2025 11:20PM,ctsazsimipst.inso1a101c37461fa.database.windows.net,CentralRepository,IF NOT EXISTS(SELECT 1 FROM sys.indexes WHERE object_id = object_id('dbo.SFDC_Account_Team_STG_CURR') AND NAME ='INDXC_SFDC_Acco
Mar 11 2025 11:20PM,ctsazsimipst.inso1a101c37461fa.database.windows.net,CentralRepository,IF NOT EXISTS(SELECT 1 FROM sys.indexes WHERE object_id = object_id('dbo.CentralRepository_RHMS_RoleDetails_MIG') AND NAME ='IND
Mar 11 2025 11:20PM,ctsazsimipst.inso1a101c37461fa.database.windows.net,CentralRepository,IF NOT EXISTS(SELECT 1 FROM sys.indexes WHERE object_id = object_id('dbo.SFDC_OpportunityLineItem_STG_CURR') AND NAME ='INDXC_SF
Mar 11 2025 11:20PM,ctsazsimipst.inso1a101c37461fa.database.windows.net,CentralRepository,IF NOT EXISTS(SELECT 1 FROM sys.indexes WHERE object_id = object_id('dbo.sysdiagrams') AND NAME ='UK_principal_name') CREATE UNI
Mar 11 2025 11:20PM,ctsazsimipst.inso1a101c37461fa.database.windows.net,CentralRepository,IF NOT EXISTS(SELECT 1 FROM sys.indexes WHERE object_id = object_id('dbo.SFDC_Financial_Ultimate_Parent_Account_STG_CURR') AND N
Mar 11 2025 11:20PM,ctsazsimipst.inso1a101c37461fa.database.windows.net,CentralRepository,IF NOT EXISTS(SELECT 1 FROM sys.indexes WHERE object_id = object_id('dbo.CentralRepository_Contacts_MIG') AND NAME ='INDXC_Centr
Mar 11 2025 11:20PM,ctsazsimipst.inso1a101c37461fa.database.windows.net,CentralRepository,IF NOT EXISTS(SELECT 1 FROM sys.indexes WHERE object_id = object_id('dbo.CentralRepository_Contacts_MIG') AND NAME ='INDXC_Centr
Mar 11 2025 11:20PM,ctsazsimipst.inso1a101c37461fa.database.windows.net,CentralRepository,IF NOT EXISTS(SELECT 1 FROM sys.indexes WHERE object_id = object_id('dbo.MSreplication_subscriptions') AND NAME ='uc1MSReplicati
Mar 11 2025 11:20PM,ctsazsimipst.inso1a101c37461fa.database.windows.net,CentralRepository,IF NOT EXISTS(SELECT 1 FROM sys.indexes WHERE object_id = object_id('dbo.MSsubscription_agents') AND NAME ='ucMSsubscription_age
Mar 11 2025 11:20PM,ctsazsimipst.inso1a101c37461fa.database.windows.net,CentralRepository,IF NOT EXISTS(SELECT 1 FROM sys.indexes WHERE object_id = object_id('dbo.MSsubscription_agents') AND NAME ='ucMSsubscription_age
Mar 11 2025 11:20PM,ctsazsimipst.inso1a101c37461fa.database.windows.net,CentralRepository,IF NOT EXISTS(SELECT 1 FROM sys.indexes WHERE object_id = object_id('dbo.ESA_PS_PROJ_CATG_TBL_STG_CURR') AND NAME ='INDXC_PK_ESA
Mar 11 2025 11:20PM,ctsazsimipst.inso1a101c37461fa.database.windows.net,CentralRepository,IF NOT EXISTS(SELECT 1 FROM sys.indexes WHERE object_id = object_id('dbo.SFDC_Forecast_STG_CURR') AND NAME ='INDXC_SFDC_Forecast
Mar 11 2025 11:20PM,ctsazsimipst.inso1a101c37461fa.database.windows.net,CentralRepository,IF NOT EXISTS(SELECT 1 FROM sys.indexes WHERE object_id = object_id('dbo.SFDC_Forecast_STG_CURR') AND NAME ='INDXC_SFDC_Forecast
Mar 11 2025 11:20PM,ctsazsimipst.inso1a101c37461fa.database.windows.net,CentralRepository,IF NOT EXISTS(SELECT 1 FROM sys.indexes WHERE object_id = object_id('dbo.SFDC_Forecast_STG_CURR') AND NAME ='INDXC_SFDC_Forecast
Mar 11 2025 11:20PM,ctsazsimipst.inso1a101c37461fa.database.windows.net,CentralRepository,IF NOT EXISTS(SELECT 1 FROM sys.indexes WHERE object_id = object_id('dbo.CentralRepository_Contracts_EDS') AND NAME ='INDXC_Cent
Mar 11 2025 11:20PM,ctsazsimipst.inso1a101c37461fa.database.windows.net,CentralRepository,IF NOT EXISTS(SELECT 1 FROM sys.indexes WHERE object_id = object_id('dbo.CentralRepository_Contracts_EDS') AND NAME ='INDXC_Cent
Mar 11 2025 11:20PM,ctsazsimipst.inso1a101c37461fa.database.windows.net,CentralRepository,IF NOT EXISTS(SELECT 1 FROM sys.indexes WHERE object_id = object_id('dbo.MSreplication_objects') AND NAME ='ucMSreplication_obje
Mar 11 2025 11:20PM,ctsazsimipst.inso1a101c37461fa.database.windows.net,CentralRepository,IF NOT EXISTS(SELECT 1 FROM sys.indexes WHERE object_id = object_id('dbo.ESA_PS_PROJECT_MGR_STG_CURR') AND NAME ='INDXC_ESA_PS_P
Mar 11 2025 11:20PM,ctsazsimipst.inso1a101c37461fa.database.windows.net,CentralRepository,IF NOT EXISTS(SELECT 1 FROM sys.indexes WHERE object_id = object_id('dbo.ESA_PS_PROJECT_MGR_STG_CURR') AND NAME ='INDXC_ESA_PS_P
Mar 11 2025 11:20PM,ctsazsimipst.inso1a101c37461fa.database.windows.net,CentralRepository,IF NOT EXISTS(SELECT 1 FROM sys.indexes WHERE object_id = object_id('dbo.ESA_PS_PROJECT_MGR_STG_CURR') AND NAME ='INDXC_ESA_PS_P
Mar 11 2025 11:20PM,ctsazsimipst.inso1a101c37461fa.database.windows.net,CentralRepository,IF NOT EXISTS(SELECT 1 FROM sys.indexes WHERE object_id = object_id('dbo.ESA_PS_PROJECT_MGR_STG_CURR') AND NAME ='INDXC_ESA_PS_P
Mar 11 2025 11:20PM,ctsazsimipst.inso1a101c37461fa.database.windows.net,CentralRepository,IF NOT EXISTS(SELECT 1 FROM sys.indexes WHERE object_id = object_id('dbo.ESA_PS_PROJECT_MGR_STG_CURR') AND NAME ='INDXC_ESA_PS_P
Mar 11 2025 11:20PM,ctsazsimipst.inso1a101c37461fa.database.windows.net,CentralRepository,IF NOT EXISTS(SELECT 1 FROM sys.indexes WHERE object_id = object_id('dbo.ESA_PS_PROJECT_MGR_STG_CURR') AND NAME ='IX_dbo_ESA_PS_
Mar 11 2025 11:20PM,ctsazsimipst.inso1a101c37461fa.database.windows.net,CentralRepository,IF NOT EXISTS(SELECT 1 FROM sys.indexes WHERE object_id = object_id('dbo.CentralRepository_DepartmentVerticalMapping_EDS') AND N
Mar 11 2025 11:20PM,ctsazsimipst.inso1a101c37461fa.database.windows.net,CentralRepository,IF NOT EXISTS(SELECT 1 FROM sys.indexes WHERE object_id = object_id('dbo.CentralRepository_DepartmentVerticalMapping_EDS') AND N
Mar 11 2025 11:20PM,ctsazsimipst.inso1a101c37461fa.database.windows.net,CentralRepository,IF NOT EXISTS(SELECT 1 FROM sys.indexes WHERE object_id = object_id('dbo.FMS_PS_RT_RATE_TBL_STG_CURR') AND NAME ='INDXC_FMS_PS_R
Mar 11 2025 11:20PM,ctsazsimipst.inso1a101c37461fa.database.windows.net,CentralRepository,IF NOT EXISTS(SELECT 1 FROM sys.indexes WHERE object_id = object_id('dbo.FMS_PS_RT_RATE_TBL_STG_CURR') AND NAME ='INDXC_FMS_PS_R
Mar 11 2025 11:20PM,ctsazsimipst.inso1a101c37461fa.database.windows.net,CentralRepository,IF NOT EXISTS(SELECT 1 FROM sys.indexes WHERE object_id = object_id('dbo.CentralRepository_ESA_GradesData_MIG') AND NAME ='INDXC
Mar 11 2025 11:20PM,ctsazsimipst.inso1a101c37461fa.database.windows.net,CentralRepository,IF NOT EXISTS(SELECT 1 FROM sys.indexes WHERE object_id = object_id('dbo.SFDC_Opportunity_STG_CURR') AND NAME ='INDXC_SFDC_Oppor
Mar 11 2025 11:20PM,ctsazsimipst.inso1a101c37461fa.database.windows.net,CentralRepository,IF NOT EXISTS(SELECT 1 FROM sys.indexes WHERE object_id = object_id('dbo.SFDC_Opportunity_STG_CURR') AND NAME ='INDXC_SFDC_Oppor
Mar 11 2025 11:20PM,ctsazsimipst.inso1a101c37461fa.database.windows.net,CentralRepository,IF NOT EXISTS(SELECT 1 FROM sys.indexes WHERE object_id = object_id('dbo.CentralRepository_SFDC_Account_old_28_jan_2025') AND NA
Mar 11 2025 11:20PM,ctsazsimipst.inso1a101c37461fa.database.windows.net,CentralRepository,IF NOT EXISTS(SELECT 1 FROM sys.indexes WHERE object_id = object_id('dbo.SFDC_Opp_Serv_Line_Item_STG_CURR') AND NAME ='INDXC_SFD
Mar 11 2025 11:20PM,ctsazsimipst.inso1a101c37461fa.database.windows.net,CentralRepository,IF NOT EXISTS(SELECT 1 FROM sys.indexes WHERE object_id = object_id('dbo.CentralRepository_Set_ProjectStatus_MIG') AND NAME ='IN
Mar 11 2025 11:20PM,ctsazsimipst.inso1a101c37461fa.database.windows.net,CentralRepository,IF NOT EXISTS(SELECT 1 FROM sys.indexes WHERE object_id = object_id('dbo.CentralRepository_Set_ProjectStatus_MIG') AND NAME ='IN
Mar 11 2025 11:20PM,ctsazsimipst.inso1a101c37461fa.database.windows.net,CentralRepository,IF NOT EXISTS(SELECT 1 FROM sys.indexes WHERE object_id = object_id('dbo.HCM_PS_COUNTRY_TBL_STG_CURR') AND NAME ='INDXC_HCM_PS_C
Mar 11 2025 11:20PM,ctsazsimipst.inso1a101c37461fa.database.windows.net,CentralRepository,IF NOT EXISTS(SELECT 1 FROM sys.indexes WHERE object_id = object_id('dbo.CentralRepository_Grade_Master_MIG') AND NAME ='INDXC_C
Mar 11 2025 11:20PM,ctsazsimipst.inso1a101c37461fa.database.windows.net,CentralRepository,IF NOT EXISTS(SELECT 1 FROM sys.indexes WHERE object_id = object_id('dbo.CentralRepository_Grade_Master_MIG') AND NAME ='INDXC_C
Mar 11 2025 11:20PM,ctsazsimipst.inso1a101c37461fa.database.windows.net,CentralRepository,IF NOT EXISTS(SELECT 1 FROM sys.indexes WHERE object_id = object_id('dbo.CentralRepository_Grade_Master_MIG') AND NAME ='INDXC_C
Mar 11 2025 11:20PM,ctsazsimipst.inso1a101c37461fa.database.windows.net,CentralRepository,IF NOT EXISTS(SELECT 1 FROM sys.indexes WHERE object_id = object_id('dbo.CentralRepository_EAM_Leavedata_MIG_CRS') AND NAME ='IN
Mar 11 2025 11:20PM,ctsazsimipst.inso1a101c37461fa.database.windows.net,CentralRepository,IF NOT EXISTS(SELECT 1 FROM sys.indexes WHERE object_id = object_id('dbo.CentralRepository_EAM_Leavedata_MIG_CRS') AND NAME ='IN
Mar 11 2025 11:20PM,ctsazsimipst.inso1a101c37461fa.database.windows.net,CentralRepository,IF NOT EXISTS(SELECT 1 FROM sys.indexes WHERE object_id = object_id('dbo.HCM_PS_CT_DEPT_TYPE_STG_CURR') AND NAME ='INDXC_HCM_PS_
Mar 11 2025 11:20PM,ctsazsimipst.inso1a101c37461fa.database.windows.net,CentralRepository,IF NOT EXISTS(SELECT 1 FROM sys.indexes WHERE object_id = object_id('dbo.CentralRepository_GSMS_AssociateSeatInfo_MIG') AND NAME
Mar 11 2025 11:20PM,ctsazsimipst.inso1a101c37461fa.database.windows.net,CentralRepository,IF NOT EXISTS(SELECT 1 FROM sys.indexes WHERE object_id = object_id('dbo.CentralRepository_GSMS_AssociateSeatInfo_MIG') AND NAME
Mar 11 2025 11:20PM,ctsazsimipst.inso1a101c37461fa.database.windows.net,CentralRepository,IF NOT EXISTS(SELECT 1 FROM sys.indexes WHERE object_id = object_id('dbo.CentralRepository_GSMS_AssociateSeatInfo_MIG') AND NAME
Mar 11 2025 11:20PM,ctsazsimipst.inso1a101c37461fa.database.windows.net,CentralRepository,IF NOT EXISTS(SELECT 1 FROM sys.indexes WHERE object_id = object_id('dbo.DAS_FutureMonthDiscount_STG_CURR') AND NAME ='UQ__DAS_F
Mar 11 2025 11:20PM,ctsazsimipst.inso1a101c37461fa.database.windows.net,CentralRepository,IF NOT EXISTS(SELECT 1 FROM sys.indexes WHERE object_id = object_id('dbo.DAS_FutureMonthDiscount_STG_CURR') AND NAME ='INDXC_DAS
Mar 11 2025 11:20PM,ctsazsimipst.inso1a101c37461fa.database.windows.net,CentralRepository,IF NOT EXISTS(SELECT 1 FROM sys.indexes WHERE object_id = object_id('dbo.DAS_FutureMonthDiscount_STG_CURR') AND NAME ='INDXC_DAS
Mar 11 2025 11:20PM,ctsazsimipst.inso1a101c37461fa.database.windows.net,CentralRepository,IF NOT EXISTS(SELECT 1 FROM sys.indexes WHERE object_id = object_id('dbo.CentralRepository_ESA_Allocation_MIG') AND NAME ='PK_Ce
Mar 11 2025 11:20PM,ctsazsimipst.inso1a101c37461fa.database.windows.net,CentralRepository,IF NOT EXISTS(SELECT 1 FROM sys.indexes WHERE object_id = object_id('dbo.CentralRepository_ESA_Allocation_MIG') AND NAME ='INDXC
Mar 11 2025 11:20PM,ctsazsimipst.inso1a101c37461fa.database.windows.net,CentralRepository,IF NOT EXISTS(SELECT 1 FROM sys.indexes WHERE object_id = object_id('dbo.CentralRepository_ESA_Allocation_MIG') AND NAME ='INDXC
Mar 11 2025 11:20PM,ctsazsimipst.inso1a101c37461fa.database.windows.net,CentralRepository,IF NOT EXISTS(SELECT 1 FROM sys.indexes WHERE object_id = object_id('dbo.CentralRepository_ESA_Allocation_MIG') AND NAME ='INDXC
Mar 11 2025 11:20PM,ctsazsimipst.inso1a101c37461fa.database.windows.net,CentralRepository,IF NOT EXISTS(SELECT 1 FROM sys.indexes WHERE object_id = object_id('dbo.CentralRepository_ESA_Allocation_MIG') AND NAME ='INDXC
Mar 11 2025 11:20PM,ctsazsimipst.inso1a101c37461fa.database.windows.net,CentralRepository,IF NOT EXISTS(SELECT 1 FROM sys.indexes WHERE object_id = object_id('dbo.CentralRepository_ESA_Allocation_MIG') AND NAME ='INDXC
Mar 11 2025 11:20PM,ctsazsimipst.inso1a101c37461fa.database.windows.net,CentralRepository,IF NOT EXISTS(SELECT 1 FROM sys.indexes WHERE object_id = object_id('dbo.CentralRepository_ESA_Allocation_MIG') AND NAME ='INDXC
Mar 11 2025 11:20PM,ctsazsimipst.inso1a101c37461fa.database.windows.net,CentralRepository,IF NOT EXISTS(SELECT 1 FROM sys.indexes WHERE object_id = object_id('dbo.CentralRepository_ESA_Allocation_MIG') AND NAME ='INDXC
Mar 11 2025 11:20PM,ctsazsimipst.inso1a101c37461fa.database.windows.net,CentralRepository,IF NOT EXISTS(SELECT 1 FROM sys.indexes WHERE object_id = object_id('dbo.CentralRepository_ESA_Allocation_MIG') AND NAME ='INDXC
Mar 11 2025 11:20PM,ctsazsimipst.inso1a101c37461fa.database.windows.net,CentralRepository,IF NOT EXISTS(SELECT 1 FROM sys.indexes WHERE object_id = object_id('dbo.CentralRepository_ESA_Allocation_MIG') AND NAME ='INDXC
Mar 11 2025 11:20PM,ctsazsimipst.inso1a101c37461fa.database.windows.net,CentralRepository,IF NOT EXISTS(SELECT 1 FROM sys.indexes WHERE object_id = object_id('dbo.CentralRepository_ESA_Allocation_MIG') AND NAME ='INDXC
Mar 11 2025 11:20PM,ctsazsimipst.inso1a101c37461fa.database.windows.net,CentralRepository,IF NOT EXISTS(SELECT 1 FROM sys.indexes WHERE object_id = object_id('dbo.CentralRepository_ESA_Allocation_MIG') AND NAME ='INDXC
Mar 11 2025 11:20PM,ctsazsimipst.inso1a101c37461fa.database.windows.net,CentralRepository,IF NOT EXISTS(SELECT 1 FROM sys.indexes WHERE object_id = object_id('dbo.CentralRepository_ESA_Allocation_MIG') AND NAME ='INDXC
Mar 11 2025 11:20PM,ctsazsimipst.inso1a101c37461fa.database.windows.net,CentralRepository,IF NOT EXISTS(SELECT 1 FROM sys.indexes WHERE object_id = object_id('dbo.MSsnapshotdeliveryprogress') AND NAME ='ci_MSsnapshotde
Mar 11 2025 11:20PM,ctsazsimipst.inso1a101c37461fa.database.windows.net,CentralRepository,IF NOT EXISTS(SELECT 1 FROM sys.indexes WHERE object_id = object_id('dbo.MSsnapshotdeliveryprogress') AND NAME ='nci_MSsnapshotd
Mar 11 2025 11:20PM,ctsazsimipst.inso1a101c37461fa.database.windows.net,CentralRepository,IF NOT EXISTS(SELECT 1 FROM sys.indexes WHERE object_id = object_id('dbo.MSsavedforeignkeys') AND NAME ='ci_MSsavedforeignkeys')
Mar 11 2025 11:20PM,ctsazsimipst.inso1a101c37461fa.database.windows.net,CentralRepository,IF NOT EXISTS(SELECT 1 FROM sys.indexes WHERE object_id = object_id('dbo.MSsavedforeignkeys') AND NAME ='nci_MSsavedforeignkeys_
Mar 11 2025 11:20PM,ctsazsimipst.inso1a101c37461fa.database.windows.net,CentralRepository,IF NOT EXISTS(SELECT 1 FROM sys.indexes WHERE object_id = object_id('dbo.MSsavedforeignkeycolumns') AND NAME ='ci_MSsavedforeign
Mar 11 2025 11:20PM,ctsazsimipst.inso1a101c37461fa.database.windows.net,CentralRepository,IF NOT EXISTS(SELECT 1 FROM sys.indexes WHERE object_id = object_id('dbo.MSsavedforeignkeycolumns') AND NAME ='nci_MSsavedforeig
Mar 11 2025 11:20PM,ctsazsimipst.inso1a101c37461fa.database.windows.net,CentralRepository,IF NOT EXISTS(SELECT 1 FROM sys.indexes WHERE object_id = object_id('dbo.MSsavedforeignkeyextendedproperties') AND NAME ='ci_MSs
Mar 11 2025 11:20PM,ctsazsimipst.inso1a101c37461fa.database.windows.net,CentralRepository,IF NOT EXISTS(SELECT 1 FROM sys.indexes WHERE object_id = object_id('dbo.MSsavedforeignkeyextendedproperties') AND NAME ='nci_MS
Mar 11 2025 11:20PM,ctsazsimibcapps2.inso1a101c37461fa.database.windows.net,CentralRepository,IF NOT EXISTS(SELECT 1 FROM sys.indexes WHERE object_id = object_id('dbo.CentralRepository_Jobtask_MIG') AND NAME ='IX_CentralRe
Mar 11 2025 11:20PM,ctsazsimibcapps2.inso1a101c37461fa.database.windows.net,CentralRepository,IF NOT EXISTS(SELECT 1 FROM sys.indexes WHERE object_id = object_id('dbo.CentralRepository_Jobtask_MIG') AND NAME ='IX_CentralRe
Mar 11 2025 11:20PM,ctsazsimibcapps2.inso1a101c37461fa.database.windows.net,CentralRepository,IF NOT EXISTS(SELECT 1 FROM sys.indexes WHERE object_id = object_id('dbo.CentralRepository_Jobtask_MIG') AND NAME ='INDXC_Centra
Mar 11 2025 11:20PM,ctsazsimibcapps2.inso1a101c37461fa.database.windows.net,CentralRepository,IF NOT EXISTS(SELECT 1 FROM sys.indexes WHERE object_id = object_id('dbo.CentralRepository_Jobtask_MIG') AND NAME ='IXNC_Central
Mar 11 2025 11:20PM,ctsazsimibcapps2.inso1a101c37461fa.database.windows.net,CentralRepository,IF NOT EXISTS(SELECT 1 FROM sys.indexes WHERE object_id = object_id('dbo.SFDC_Account_STG_CURR') AND NAME ='INDXC_SFDC_Account_S
Mar 11 2025 11:20PM,ctsazsimibcapps2.inso1a101c37461fa.database.windows.net,CentralRepository,IF NOT EXISTS(SELECT 1 FROM sys.indexes WHERE object_id = object_id('dbo.HCM_PS_JPM_CAT_I_RLAT_STG_CURR') AND NAME ='IXDXC_HCM_P
Mar 11 2025 11:20PM,ctsazsimibcapps2.inso1a101c37461fa.database.windows.net,CentralRepository,IF NOT EXISTS(SELECT 1 FROM sys.indexes WHERE object_id = object_id('dbo.SFDC_Opportunity_STG_CURR') AND NAME ='IX_EDS_CURR_STG_
Mar 11 2025 11:20PM,ctsazsimibcapps2.inso1a101c37461fa.database.windows.net,CentralRepository,IF NOT EXISTS(SELECT 1 FROM sys.indexes WHERE object_id = object_id('dbo.ESA_PS_PROJECT_MGR_STG_CURR') AND NAME ='INDXC_ESA_PS_P
Mar 11 2025 11:20PM,ctsazsimibcapps2.inso1a101c37461fa.database.windows.net,CentralRepository,IF NOT EXISTS(SELECT 1 FROM sys.indexes WHERE object_id = object_id('dbo.ESA_PS_PROJECT_MGR_STG_CURR') AND NAME ='INDXC_ESA_PS_P
Mar 11 2025 11:20PM,ctsazsimibcapps2.inso1a101c37461fa.database.windows.net,CentralRepository,IF NOT EXISTS(SELECT 1 FROM sys.indexes WHERE object_id = object_id('dbo.ESA_PS_PROJECT_MGR_STG_CURR') AND NAME ='INDXC_ESA_PS_P
Mar 11 2025 11:20PM,ctsazsimibcapps2.inso1a101c37461fa.database.windows.net,CentralRepository,IF NOT EXISTS(SELECT 1 FROM sys.indexes WHERE object_id = object_id('dbo.ESA_PS_PROJECT_MGR_STG_CURR') AND NAME ='INDXC_ESA_PS_P
Mar 11 2025 11:20PM,ctsazsimibcapps2.inso1a101c37461fa.database.windows.net,CentralRepository,IF NOT EXISTS(SELECT 1 FROM sys.indexes WHERE object_id = object_id('dbo.ESA_PS_PROJECT_MGR_STG_CURR') AND NAME ='INDXC_ESA_PS_P
Mar 11 2025 11:20PM,ctsazsimibcapps2.inso1a101c37461fa.database.windows.net,CentralRepository,IF NOT EXISTS(SELECT 1 FROM sys.indexes WHERE object_id = object_id('dbo.LM_vw_LocationMaster_STG_CURR') AND NAME ='INDXC_LM_vw_
Mar 11 2025 11:20PM,ctsazsimibcapps2.inso1a101c37461fa.database.windows.net,CentralRepository,IF NOT EXISTS(SELECT 1 FROM sys.indexes WHERE object_id = object_id('dbo.CHIRE_REQUISITIONDETAILS_STG_CURR') AND NAME ='INDX_CHI
Mar 11 2025 11:20PM,ctsazsimibcapps2.inso1a101c37461fa.database.windows.net,CentralRepository,IF NOT EXISTS(SELECT 1 FROM sys.indexes WHERE object_id = object_id('dbo.CHIRE_REQUISITIONDETAILS_STG_CURR') AND NAME ='INDX_CHI
Mar 11 2025 11:20PM,ctsazsimibcapps2.inso1a101c37461fa.database.windows.net,CentralRepository,IF NOT EXISTS(SELECT 1 FROM sys.indexes WHERE object_id = object_id('dbo.CHIRE_REQUISITIONDETAILS_STG_CURR') AND NAME ='INDX_CHI
Mar 11 2025 11:20PM,ctsazsimibcapps2.inso1a101c37461fa.database.windows.net,CentralRepository,IF NOT EXISTS(SELECT 1 FROM sys.indexes WHERE object_id = object_id('dbo.CHIRE_REQUISITIONDETAILS_STG_CURR') AND NAME ='IXNC_CHi
Mar 11 2025 11:20PM,ctsazsimibcapps2.inso1a101c37461fa.database.windows.net,CentralRepository,IF NOT EXISTS(SELECT 1 FROM sys.indexes WHERE object_id = object_id('dbo.CentralRepository_Grade_Master_MIG') AND NAME ='IXDXC_C
Mar 11 2025 11:20PM,ctsazsimibcapps2.inso1a101c37461fa.database.windows.net,CentralRepository,IF NOT EXISTS(SELECT 1 FROM sys.indexes WHERE object_id = object_id('dbo.CHire_CandidateEducation_STG_CURR') AND NAME ='INDX_CHi
Mar 11 2025 11:20PM,ctsazsimibcapps2.inso1a101c37461fa.database.windows.net,CentralRepository,IF NOT EXISTS(SELECT 1 FROM sys.indexes WHERE object_id = object_id('dbo.CHire_CandidateHiredDetail_STG_CURR') AND NAME ='INDX_C
Mar 11 2025 11:20PM,ctsazsimibcapps2.inso1a101c37461fa.database.windows.net,CentralRepository,IF NOT EXISTS(SELECT 1 FROM sys.indexes WHERE object_id = object_id('dbo.CHire_CandidateHiredDetail_STG_CURR') AND NAME ='INDX_C
Mar 11 2025 11:20PM,ctsazsimibcapps2.inso1a101c37461fa.database.windows.net,CentralRepository,IF NOT EXISTS(SELECT 1 FROM sys.indexes WHERE object_id = object_id('dbo.HCM_PS_BUS_UNIT_TBL_HR_STG_CURR') AND NAME ='INDX_HCM_P
Mar 11 2025 11:20PM,ctsazsimibcapps2.inso1a101c37461fa.database.windows.net,CentralRepository,IF NOT EXISTS(SELECT 1 FROM sys.indexes WHERE object_id = object_id('dbo.LMS_TBL_TMX_ATTEMPT_STG_CURR') AND NAME ='INDXC_LMS_TBL
Mar 11 2025 11:20PM,ctsazsimibcapps2.inso1a101c37461fa.database.windows.net,CentralRepository,IF NOT EXISTS(SELECT 1 FROM sys.indexes WHERE object_id = object_id('dbo.LMS_TBL_TMX_ATTEMPT_STG_CURR') AND NAME ='IXNC_LMS_TBL_
Mar 11 2025 11:20PM,ctsazsimibcapps2.inso1a101c37461fa.database.windows.net,CentralRepository,IF NOT EXISTS(SELECT 1 FROM sys.indexes WHERE object_id = object_id('dbo.LMS_PERSON_STG_CURR') AND NAME ='INDXC_LMS_PERSON_STG_C
Mar 11 2025 11:20PM,ctsazsimibcapps2.inso1a101c37461fa.database.windows.net,CentralRepository,IF NOT EXISTS(SELECT 1 FROM sys.indexes WHERE object_id = object_id('dbo.LMS_PERSON_STG_CURR') AND NAME ='IXNC_LMS_PERSON_STG_CU
Mar 11 2025 11:20PM,ctsazsimibcapps2.inso1a101c37461fa.database.windows.net,CentralRepository,IF NOT EXISTS(SELECT 1 FROM sys.indexes WHERE object_id = object_id('dbo.CHire_CandidatePersonalDetail_STG_CURR') AND NAME ='IND
Mar 11 2025 11:20PM,ctsazsimibcapps2.inso1a101c37461fa.database.windows.net,CentralRepository,IF NOT EXISTS(SELECT 1 FROM sys.indexes WHERE object_id = object_id('dbo.CHire_CandidatePersonalDetail_STG_CURR') AND NAME ='IND
Mar 11 2025 11:20PM,ctsazsimibcapps2.inso1a101c37461fa.database.windows.net,CentralRepository,IF NOT EXISTS(SELECT 1 FROM sys.indexes WHERE object_id = object_id('dbo.CHire_CandidatePersonalDetail_STG_CURR') AND NAME ='IND
Mar 11 2025 11:20PM,ctsazsimibcapps2.inso1a101c37461fa.database.windows.net,CentralRepository,IF NOT EXISTS(SELECT 1 FROM sys.indexes WHERE object_id = object_id('dbo.CHire_CandidatePersonalDetail_STG_CURR') AND NAME ='IND
Mar 11 2025 11:20PM,ctsazsimibcapps2.inso1a101c37461fa.database.windows.net,CentralRepository,IF NOT EXISTS(SELECT 1 FROM sys.indexes WHERE object_id = object_id('dbo.CHire_CandidatePersonalDetail_STG_CURR') AND NAME ='IX_
Mar 11 2025 11:20PM,ctsazsimibcapps2.inso1a101c37461fa.database.windows.net,CentralRepository,IF NOT EXISTS(SELECT 1 FROM sys.indexes WHERE object_id = object_id('dbo.CHire_CandidatePersonalDetail_STG_CURR') AND NAME ='IND
Mar 11 2025 11:20PM,ctsazsimibcapps2.inso1a101c37461fa.database.windows.net,CentralRepository,IF NOT EXISTS(SELECT 1 FROM sys.indexes WHERE object_id = object_id('dbo.CHire_CandidatePersonalDetail_STG_CURR') AND NAME ='IND
Mar 11 2025 11:20PM,ctsazsimibcapps2.inso1a101c37461fa.database.windows.net,CentralRepository,IF NOT EXISTS(SELECT 1 FROM sys.indexes WHERE object_id = object_id('dbo.CHire_CandidatePersonalDetail_STG_CURR') AND NAME ='IND
Mar 11 2025 11:20PM,ctsazsimibcapps2.inso1a101c37461fa.database.windows.net,CentralRepository,IF NOT EXISTS(SELECT 1 FROM sys.indexes WHERE object_id = object_id('dbo.HCM_PS_CM_ROLE_COMPS_STG_CURR') AND NAME ='IX_CentralRe
Mar 11 2025 11:20PM,ctsazsimibcapps2.inso1a101c37461fa.database.windows.net,CentralRepository,IF NOT EXISTS(SELECT 1 FROM sys.indexes WHERE object_id = object_id('dbo.LMS_TBL_TMX_REGISTRATION_STG_CURR') AND NAME ='IX_Centr
Mar 11 2025 11:20PM,ctsazsimibcapps2.inso1a101c37461fa.database.windows.net,CentralRepository,IF NOT EXISTS(SELECT 1 FROM sys.indexes WHERE object_id = object_id('dbo.LMS_TBL_TMX_REGISTRATION_STG_CURR') AND NAME ='IXNC_Cen
Mar 11 2025 11:20PM,ctsazsimibcapps2.inso1a101c37461fa.database.windows.net,CentralRepository,IF NOT EXISTS(SELECT 1 FROM sys.indexes WHERE object_id = object_id('dbo.CHire_RequisitionJobDescription_STG_CURR') AND NAME ='I
Mar 11 2025 11:20PM,ctsazsimibcapps2.inso1a101c37461fa.database.windows.net,CentralRepository,IF NOT EXISTS(SELECT 1 FROM sys.indexes WHERE object_id = object_id('dbo.CentralRepository_HCM_RoleAttributes_MIG') AND NAME ='I
Mar 11 2025 11:20PM,ctsazsimibcapps2.inso1a101c37461fa.database.windows.net,CentralRepository,IF NOT EXISTS(SELECT 1 FROM sys.indexes WHERE object_id = object_id('dbo.CentralRepository_HCM_RoleAttributes_MIG') AND NAME ='I
Mar 11 2025 11:20PM,ctsazsimibcapps2.inso1a101c37461fa.database.windows.net,CentralRepository,IF NOT EXISTS(SELECT 1 FROM sys.indexes WHERE object_id = object_id('dbo.CentralRepository_HCM_RoleAttributes_MIG') AND NAME ='I
Mar 11 2025 11:20PM,ctsazsimibcapps2.inso1a101c37461fa.database.windows.net,CentralRepository,IF NOT EXISTS(SELECT 1 FROM sys.indexes WHERE object_id = object_id('dbo.CHire_Requisitionpostingdetails_STG_CURR') AND NAME ='I
Mar 11 2025 11:20PM,ctsazsimibcapps2.inso1a101c37461fa.database.windows.net,CentralRepository,IF NOT EXISTS(SELECT 1 FROM sys.indexes WHERE object_id = object_id('dbo.HCM_PS_JPM_CAT_GMEMB_STG_CURR') AND NAME ='INDX_HCM_PS_
Mar 11 2025 11:20PM,ctsazsimibcapps2.inso1a101c37461fa.database.windows.net,CentralRepository,IF NOT EXISTS(SELECT 1 FROM sys.indexes WHERE object_id = object_id('dbo.CentralRepository_EAM_Leavedata_MIG') AND NAME ='IX1_Ce
Mar 11 2025 11:20PM,ctsazsimibcapps2.inso1a101c37461fa.database.windows.net,CentralRepository,IF NOT EXISTS(SELECT 1 FROM sys.indexes WHERE object_id = object_id('dbo.ESA_PS_CTS_RM_DPTPL_MP_STG_CURR') AND NAME ='INDXC_ESA_
Mar 11 2025 11:20PM,ctsazsimibcapps2.inso1a101c37461fa.database.windows.net,CentralRepository,IF NOT EXISTS(SELECT 1 FROM sys.indexes WHERE object_id = object_id('dbo.CentralRepository_Associate_Details_History_MIG') AND N
Mar 11 2025 11:20PM,ctsazsimibcapps2.inso1a101c37461fa.database.windows.net,CentralRepository,IF NOT EXISTS(SELECT 1 FROM sys.indexes WHERE object_id = object_id('dbo.CHire_RRCollaborators_STG_CURR') AND NAME ='INDX_CHire_
Mar 11 2025 11:20PM,ctsazsimibcapps2.inso1a101c37461fa.database.windows.net,CentralRepository,IF NOT EXISTS(SELECT 1 FROM sys.indexes WHERE object_id = object_id('dbo.HCM_PS_CT_CLUSTERSETUP_STG_CURR') AND NAME ='IXDXC_HCM_
Mar 11 2025 11:20PM,ctsazsimibcapps2.inso1a101c37461fa.database.windows.net,CentralRepository,IF NOT EXISTS(SELECT 1 FROM sys.indexes WHERE object_id = object_id('dbo.CentralRepository_HCMLocation_MIG') AND NAME ='INDXC_Ce
Mar 11 2025 11:20PM,ctsazsimibcapps2.inso1a101c37461fa.database.windows.net,CentralRepository,IF NOT EXISTS(SELECT 1 FROM sys.indexes WHERE object_id = object_id('dbo.CentralRepository_HCMLocation_MIG') AND NAME ='INDXC_Ce
Mar 11 2025 11:20PM,ctsazsimibcapps2.inso1a101c37461fa.database.windows.net,CentralRepository,IF NOT EXISTS(SELECT 1 FROM sys.indexes WHERE object_id = object_id('dbo.CHire_UserDetails_STG_CURR') AND NAME ='INDX_CHire_User
Mar 11 2025 11:20PM,ctsazsimibcapps2.inso1a101c37461fa.database.windows.net,CentralRepository,IF NOT EXISTS(SELECT 1 FROM sys.indexes WHERE object_id = object_id('dbo.CentralRepository_Associate_Details_MIG') AND NAME ='XP
Mar 11 2025 11:20PM,ctsazsimibcapps2.inso1a101c37461fa.database.windows.net,CentralRepository,IF NOT EXISTS(SELECT 1 FROM sys.indexes WHERE object_id = object_id('dbo.CentralRepository_Associate_Details_MIG') AND NAME ='IN
Mar 11 2025 11:20PM,ctsazsimibcapps2.inso1a101c37461fa.database.windows.net,CentralRepository,IF NOT EXISTS(SELECT 1 FROM sys.indexes WHERE object_id = object_id('dbo.CentralRepository_Associate_Details_MIG') AND NAME ='IN
Mar 11 2025 11:20PM,ctsazsimibcapps2.inso1a101c37461fa.database.windows.net,CentralRepository,IF NOT EXISTS(SELECT 1 FROM sys.indexes WHERE object_id = object_id('dbo.CentralRepository_Associate_Details_MIG') AND NAME ='IN
Mar 11 2025 11:20PM,ctsazsimibcapps2.inso1a101c37461fa.database.windows.net,CentralRepository,IF NOT EXISTS(SELECT 1 FROM sys.indexes WHERE object_id = object_id('dbo.CentralRepository_Associate_Details_MIG') AND NAME ='IN
Mar 11 2025 11:20PM,ctsazsimibcapps2.inso1a101c37461fa.database.windows.net,CentralRepository,IF NOT EXISTS(SELECT 1 FROM sys.indexes WHERE object_id = object_id('dbo.CentralRepository_Associate_Details_MIG') AND NAME ='IN
Mar 11 2025 11:20PM,ctsazsimibcapps2.inso1a101c37461fa.database.windows.net,CentralRepository,IF NOT EXISTS(SELECT 1 FROM sys.indexes WHERE object_id = object_id('dbo.CentralRepository_Associate_Details_MIG') AND NAME ='IN
Mar 11 2025 11:20PM,ctsazsimibcapps2.inso1a101c37461fa.database.windows.net,CentralRepository,IF NOT EXISTS(SELECT 1 FROM sys.indexes WHERE object_id = object_id('dbo.CentralRepository_Associate_Details_MIG') AND NAME ='IN
Mar 11 2025 11:20PM,ctsazsimibcapps2.inso1a101c37461fa.database.windows.net,CentralRepository,IF NOT EXISTS(SELECT 1 FROM sys.indexes WHERE object_id = object_id('dbo.CentralRepository_Associate_Details_MIG') AND NAME ='IN
Mar 11 2025 11:20PM,ctsazsimibcapps2.inso1a101c37461fa.database.windows.net,CentralRepository,IF NOT EXISTS(SELECT 1 FROM sys.indexes WHERE object_id = object_id('dbo.CentralRepository_Associate_Details_MIG') AND NAME ='IN
Mar 11 2025 11:20PM,ctsazsimibcapps2.inso1a101c37461fa.database.windows.net,CentralRepository,IF NOT EXISTS(SELECT 1 FROM sys.indexes WHERE object_id = object_id('dbo.CentralRepository_Associate_Details_MIG') AND NAME ='IN
Mar 11 2025 11:20PM,ctsazsimibcapps2.inso1a101c37461fa.database.windows.net,CentralRepository,IF NOT EXISTS(SELECT 1 FROM sys.indexes WHERE object_id = object_id('dbo.CentralRepository_Associate_Details_MIG') AND NAME ='IN
Mar 11 2025 11:20PM,ctsazsimibcapps2.inso1a101c37461fa.database.windows.net,CentralRepository,IF NOT EXISTS(SELECT 1 FROM sys.indexes WHERE object_id = object_id('dbo.CentralRepository_Associate_Details_MIG') AND NAME ='IN
Mar 11 2025 11:20PM,ctsazsimibcapps2.inso1a101c37461fa.database.windows.net,CentralRepository,IF NOT EXISTS(SELECT 1 FROM sys.indexes WHERE object_id = object_id('dbo.CentralRepository_Associate_Details_MIG') AND NAME ='IN
Mar 11 2025 11:20PM,ctsazsimibcapps2.inso1a101c37461fa.database.windows.net,CentralRepository,IF NOT EXISTS(SELECT 1 FROM sys.indexes WHERE object_id = object_id('dbo.CentralRepository_Associate_Details_MIG') AND NAME ='IN
Mar 11 2025 11:20PM,ctsazsimibcapps2.inso1a101c37461fa.database.windows.net,CentralRepository,IF NOT EXISTS(SELECT 1 FROM sys.indexes WHERE object_id = object_id('dbo.CentralRepository_Associate_Details_MIG') AND NAME ='IN
Mar 11 2025 11:20PM,ctsazsimibcapps2.inso1a101c37461fa.database.windows.net,CentralRepository,IF NOT EXISTS(SELECT 1 FROM sys.indexes WHERE object_id = object_id('dbo.sysdiagrams') AND NAME ='UK_principal_name') CREATE UNI
Mar 11 2025 11:20PM,ctsazsimibcapps2.inso1a101c37461fa.database.windows.net,CentralRepository,IF NOT EXISTS(SELECT 1 FROM sys.indexes WHERE object_id = object_id('dbo.CentralRepository_AssociateAddress_MIG') AND NAME ='IND
Mar 11 2025 11:20PM,ctsazsimibcapps2.inso1a101c37461fa.database.windows.net,CentralRepository,IF NOT EXISTS(SELECT 1 FROM sys.indexes WHERE object_id = object_id('dbo.MSreplication_subscriptions') AND NAME ='uc1MSReplicati
Mar 11 2025 11:20PM,ctsazsimibcapps2.inso1a101c37461fa.database.windows.net,CentralRepository,IF NOT EXISTS(SELECT 1 FROM sys.indexes WHERE object_id = object_id('dbo.HCM_PF_ParentChildMapping_STG_CURR_MIG') AND NAME ='IND
Mar 11 2025 11:20PM,ctsazsimibcapps2.inso1a101c37461fa.database.windows.net,CentralRepository,IF NOT EXISTS(SELECT 1 FROM sys.indexes WHERE object_id = object_id('dbo.CHire_CandidateExperience_STG_CURR') AND NAME ='INDX_CH
Mar 11 2025 11:20PM,ctsazsimibcapps2.inso1a101c37461fa.database.windows.net,CentralRepository,IF NOT EXISTS(SELECT 1 FROM sys.indexes WHERE object_id = object_id('dbo.MSsubscription_agents') AND NAME ='ucMSsubscription_age
Mar 11 2025 11:20PM,ctsazsimibcapps2.inso1a101c37461fa.database.windows.net,CentralRepository,IF NOT EXISTS(SELECT 1 FROM sys.indexes WHERE object_id = object_id('dbo.MSsubscription_agents') AND NAME ='ucMSsubscription_age
Mar 11 2025 11:20PM,ctsazsimibcapps2.inso1a101c37461fa.database.windows.net,CentralRepository,IF NOT EXISTS(SELECT 1 FROM sys.indexes WHERE object_id = object_id('dbo.CentralRepository_JOB_Reference_MIG') AND NAME ='INDXC_
Mar 11 2025 11:20PM,ctsazsimibcapps2.inso1a101c37461fa.database.windows.net,CentralRepository,IF NOT EXISTS(SELECT 1 FROM sys.indexes WHERE object_id = object_id('dbo.CentralRepository_JOB_Reference_MIG') AND NAME ='INDXC_
Mar 11 2025 11:20PM,ctsazsimibcapps2.inso1a101c37461fa.database.windows.net,CentralRepository,IF NOT EXISTS(SELECT 1 FROM sys.indexes WHERE object_id = object_id('dbo.CentralRepository_JOB_Reference_MIG') AND NAME ='INDXC_
Mar 11 2025 11:20PM,ctsazsimibcapps2.inso1a101c37461fa.database.windows.net,CentralRepository,IF NOT EXISTS(SELECT 1 FROM sys.indexes WHERE object_id = object_id('dbo.CentralRepository_JOB_Reference_MIG') AND NAME ='INDXC_
Mar 11 2025 11:20PM,ctsazsimibcapps2.inso1a101c37461fa.database.windows.net,CentralRepository,IF NOT EXISTS(SELECT 1 FROM sys.indexes WHERE object_id = object_id('dbo.CentralRepository_JOB_Reference_MIG') AND NAME ='INDXC_
Mar 11 2025 11:20PM,ctsazsimibcapps2.inso1a101c37461fa.database.windows.net,CentralRepository,IF NOT EXISTS(SELECT 1 FROM sys.indexes WHERE object_id = object_id('dbo.CentralRepository_JOB_Reference_MIG') AND NAME ='INDXC_
Mar 11 2025 11:20PM,ctsazsimibcapps2.inso1a101c37461fa.database.windows.net,CentralRepository,IF NOT EXISTS(SELECT 1 FROM sys.indexes WHERE object_id = object_id('dbo.CentralRepository_JOB_Reference_MIG') AND NAME ='INDXC_
Mar 11 2025 11:20PM,ctsazsimibcapps2.inso1a101c37461fa.database.windows.net,CentralRepository,IF NOT EXISTS(SELECT 1 FROM sys.indexes WHERE object_id = object_id('dbo.CentralRepository_JOB_Reference_MIG') AND NAME ='INDXC_
Mar 11 2025 11:20PM,ctsazsimibcapps2.inso1a101c37461fa.database.windows.net,CentralRepository,IF NOT EXISTS(SELECT 1 FROM sys.indexes WHERE object_id = object_id('dbo.CentralRepository_JOB_Reference_MIG') AND NAME ='INDXC_
Mar 11 2025 11:20PM,ctsazsimibcapps2.inso1a101c37461fa.database.windows.net,CentralRepository,IF NOT EXISTS(SELECT 1 FROM sys.indexes WHERE object_id = object_id('dbo.CentralRepository_JOB_Reference_MIG') AND NAME ='INDXC_
Mar 11 2025 11:20PM,ctsazsimibcapps2.inso1a101c37461fa.database.windows.net,CentralRepository,IF NOT EXISTS(SELECT 1 FROM sys.indexes WHERE object_id = object_id('dbo.CentralRepository_JOB_Reference_MIG') AND NAME ='INDXC_
Mar 11 2025 11:20PM,ctsazsimibcapps2.inso1a101c37461fa.database.windows.net,CentralRepository,IF NOT EXISTS(SELECT 1 FROM sys.indexes WHERE object_id = object_id('dbo.CentralRepository_JOB_Reference_MIG') AND NAME ='INDXC_
Mar 11 2025 11:20PM,ctsazsimibcapps2.inso1a101c37461fa.database.windows.net,CentralRepository,IF NOT EXISTS(SELECT 1 FROM sys.indexes WHERE object_id = object_id('dbo.CentralRepository_RMG_ResourceRequest_MIG') AND NAME ='
Mar 11 2025 11:20PM,ctsazsimibcapps2.inso1a101c37461fa.database.windows.net,CentralRepository,IF NOT EXISTS(SELECT 1 FROM sys.indexes WHERE object_id = object_id('dbo.CentralRepository_RMG_ResourceRequest_MIG') AND NAME ='
Mar 11 2025 11:20PM,ctsazsimibcapps2.inso1a101c37461fa.database.windows.net,CentralRepository,IF NOT EXISTS(SELECT 1 FROM sys.indexes WHERE object_id = object_id('dbo.CentralRepository_RMG_ResourceRequest_MIG') AND NAME ='
Mar 11 2025 11:20PM,ctsazsimibcapps2.inso1a101c37461fa.database.windows.net,CentralRepository,IF NOT EXISTS(SELECT 1 FROM sys.indexes WHERE object_id = object_id('dbo.CentralRepository_RMG_ResourceRequest_MIG') AND NAME ='
Mar 11 2025 11:20PM,ctsazsimibcapps2.inso1a101c37461fa.database.windows.net,CentralRepository,IF NOT EXISTS(SELECT 1 FROM sys.indexes WHERE object_id = object_id('dbo.CentralRepository_RMG_ResourceRequest_MIG') AND NAME ='
Mar 11 2025 11:20PM,ctsazsimibcapps2.inso1a101c37461fa.database.windows.net,CentralRepository,IF NOT EXISTS(SELECT 1 FROM sys.indexes WHERE object_id = object_id('dbo.CentralRepository_RMG_ResourceRequest_MIG') AND NAME ='
Mar 11 2025 11:20PM,ctsazsimibcapps2.inso1a101c37461fa.database.windows.net,CentralRepository,IF NOT EXISTS(SELECT 1 FROM sys.indexes WHERE object_id = object_id('dbo.CentralRepository_RMG_ResourceRequest_MIG') AND NAME ='
Mar 11 2025 11:20PM,ctsazsimibcapps2.inso1a101c37461fa.database.windows.net,CentralRepository,IF NOT EXISTS(SELECT 1 FROM sys.indexes WHERE object_id = object_id('dbo.CENTRALREPOSITORY_CANDIDATEDETAILS_MIG') AND NAME ='IND
Mar 11 2025 11:20PM,ctsazsimibcapps2.inso1a101c37461fa.database.windows.net,CentralRepository,IF NOT EXISTS(SELECT 1 FROM sys.indexes WHERE object_id = object_id('dbo.MSreplication_objects') AND NAME ='ucMSreplication_obje
Mar 11 2025 11:20PM,ctsazsimibcapps2.inso1a101c37461fa.database.windows.net,CentralRepository,IF NOT EXISTS(SELECT 1 FROM sys.indexes WHERE object_id = object_id('dbo.CentralRepository_JobFamilyMaster_MIG') AND NAME ='INDX
Mar 11 2025 11:20PM,ctsazsimibcapps2.inso1a101c37461fa.database.windows.net,CentralRepository,IF NOT EXISTS(SELECT 1 FROM sys.indexes WHERE object_id = object_id('dbo.MSsnapshotdeliveryprogress') AND NAME ='ci_MSsnapshotde
Mar 11 2025 11:20PM,ctsazsimibcapps2.inso1a101c37461fa.database.windows.net,CentralRepository,IF NOT EXISTS(SELECT 1 FROM sys.indexes WHERE object_id = object_id('dbo.MSsnapshotdeliveryprogress') AND NAME ='nci_MSsnapshotd
Mar 11 2025 11:20PM,ctsazsimibcapps2.inso1a101c37461fa.database.windows.net,CentralRepository,IF NOT EXISTS(SELECT 1 FROM sys.indexes WHERE object_id = object_id('dbo.CHire_CandidateRequisitionMapping_STG_CURR') AND NAME =
Mar 11 2025 11:20PM,ctsazsimibcapps2.inso1a101c37461fa.database.windows.net,CentralRepository,IF NOT EXISTS(SELECT 1 FROM sys.indexes WHERE object_id = object_id('dbo.CHire_CandidateRequisitionMapping_STG_CURR') AND NAME =
Mar 11 2025 11:20PM,ctsazsimibcapps2.inso1a101c37461fa.database.windows.net,CentralRepository,IF NOT EXISTS(SELECT 1 FROM sys.indexes WHERE object_id = object_id('dbo.CentralRepository_Pool_MIG') AND NAME ='INDXC_CentralRe
Mar 11 2025 11:20PM,ctsazsimibcapps2.inso1a101c37461fa.database.windows.net,CentralRepository,IF NOT EXISTS(SELECT 1 FROM sys.indexes WHERE object_id = object_id('dbo.CentralRepository_Chire_CandidateDocument_EDS') AND NAM
Mar 11 2025 11:20PM,ctsazsimibcapps2.inso1a101c37461fa.database.windows.net,CentralRepository,IF NOT EXISTS(SELECT 1 FROM sys.indexes WHERE object_id = object_id('dbo.CentralRepository_Chire_CandidateDocument_EDS') AND NAM
Mar 11 2025 11:20PM,ctsazsimibcapps2.inso1a101c37461fa.database.windows.net,CentralRepository,IF NOT EXISTS(SELECT 1 FROM sys.indexes WHERE object_id = object_id('dbo.CentralRepository_Chire_CandidateDocument_EDS') AND NAM
Mar 11 2025 11:20PM,ctsazsimibcapps2.inso1a101c37461fa.database.windows.net,CentralRepository,IF NOT EXISTS(SELECT 1 FROM sys.indexes WHERE object_id = object_id('dbo.HCM_PS_CT_DEPT_TYPE_STG_CURR') AND NAME ='INDXC_HCM_PS_
Mar 11 2025 11:20PM,ctsazsimibcapps2.inso1a101c37461fa.database.windows.net,CentralRepository,IF NOT EXISTS(SELECT 1 FROM sys.indexes WHERE object_id = object_id('dbo.HCM_PS_CT_DEPT_TYPE_STG_CURR') AND NAME ='INDXC_HCM_PS_
Mar 11 2025 11:20PM,ctsazsimibcapps2.inso1a101c37461fa.database.windows.net,CentralRepository,IF NOT EXISTS(SELECT 1 FROM sys.indexes WHERE object_id = object_id('dbo.HCM_PS_CT_DEPT_TYPE_STG_CURR') AND NAME ='INDXC_HCM_PS_
Mar 11 2025 11:20PM,ctsazsimibcapps2.inso1a101c37461fa.database.windows.net,CentralRepository,IF NOT EXISTS(SELECT 1 FROM sys.indexes WHERE object_id = object_id('dbo.CentralRepository_Company_Master_MIG') AND NAME ='INDX_
Mar 11 2025 11:20PM,ctsazsimibcapps2.inso1a101c37461fa.database.windows.net,CentralRepository,IF NOT EXISTS(SELECT 1 FROM sys.indexes WHERE object_id = object_id('dbo.CHire_Requisitionotherlocationdetails_STG_CURR') AND NA
Mar 11 2025 11:20PM,ctsazsimibcapps2.inso1a101c37461fa.database.windows.net,CentralRepository,IF NOT EXISTS(SELECT 1 FROM sys.indexes WHERE object_id = object_id('dbo.CentralRepository_Project_MIG') AND NAME ='INDXC_Centra
Mar 11 2025 11:20PM,ctsazsimibcapps2.inso1a101c37461fa.database.windows.net,CentralRepository,IF NOT EXISTS(SELECT 1 FROM sys.indexes WHERE object_id = object_id('dbo.CentralRepository_Project_MIG') AND NAME ='INDXC_Centra
Mar 11 2025 11:20PM,ctsazsimibcapps2.inso1a101c37461fa.database.windows.net,CentralRepository,IF NOT EXISTS(SELECT 1 FROM sys.indexes WHERE object_id = object_id('dbo.CentralRepository_Project_MIG') AND NAME ='INDXC_Centra
Mar 11 2025 11:20PM,ctsazsimibcapps2.inso1a101c37461fa.database.windows.net,CentralRepository,IF NOT EXISTS(SELECT 1 FROM sys.indexes WHERE object_id = object_id('dbo.CentralRepository_Project_MIG') AND NAME ='INDXC_Centra
Mar 11 2025 11:20PM,ctsazsimibcapps2.inso1a101c37461fa.database.windows.net,CentralRepository,IF NOT EXISTS(SELECT 1 FROM sys.indexes WHERE object_id = object_id('dbo.CentralRepository_Project_MIG') AND NAME ='INDXC_Centra
Mar 11 2025 11:20PM,ctsazsimibcapps2.inso1a101c37461fa.database.windows.net,CentralRepository,IF NOT EXISTS(SELECT 1 FROM sys.indexes WHERE object_id = object_id('dbo.CentralRepository_Project_MIG') AND NAME ='INDXC_Centra
Mar 11 2025 11:20PM,ctsazsimibcapps2.inso1a101c37461fa.database.windows.net,CentralRepository,IF NOT EXISTS(SELECT 1 FROM sys.indexes WHERE object_id = object_id('dbo.CentralRepository_Project_MIG') AND NAME ='INDXC_Centra
Mar 11 2025 11:20PM,ctsazsimibcapps2.inso1a101c37461fa.database.windows.net,CentralRepository,IF NOT EXISTS(SELECT 1 FROM sys.indexes WHERE object_id = object_id('dbo.CentralRepository_Project_MIG') AND NAME ='INDXC_Centra
Mar 11 2025 11:20PM,ctsazsimibcapps2.inso1a101c37461fa.database.windows.net,CentralRepository,IF NOT EXISTS(SELECT 1 FROM sys.indexes WHERE object_id = object_id('dbo.CentralRepository_Contacts_MIG') AND NAME ='INDXC_Centr
Mar 11 2025 11:20PM,ctsazsimibcapps2.inso1a101c37461fa.database.windows.net,CentralRepository,IF NOT EXISTS(SELECT 1 FROM sys.indexes WHERE object_id = object_id('dbo.CentralRepository_Contacts_MIG') AND NAME ='INDXC_Centr
Mar 11 2025 11:20PM,ctsazsimibcapps2.inso1a101c37461fa.database.windows.net,CentralRepository,IF NOT EXISTS(SELECT 1 FROM sys.indexes WHERE object_id = object_id('dbo.CentralRepository_RHMS_RoleDetails_MIG') AND NAME ='IND
Mar 11 2025 11:20PM,ctsazsimibcapps2.inso1a101c37461fa.database.windows.net,CentralRepository,IF NOT EXISTS(SELECT 1 FROM sys.indexes WHERE object_id = object_id('dbo.MSsavedforeignkeys') AND NAME ='ci_MSsavedforeignkeys')
Mar 11 2025 11:20PM,ctsazsimibcapps2.inso1a101c37461fa.database.windows.net,CentralRepository,IF NOT EXISTS(SELECT 1 FROM sys.indexes WHERE object_id = object_id('dbo.MSsavedforeignkeys') AND NAME ='nci_MSsavedforeignkeys_
Mar 11 2025 11:20PM,ctsazsimibcapps2.inso1a101c37461fa.database.windows.net,CentralRepository,IF NOT EXISTS(SELECT 1 FROM sys.indexes WHERE object_id = object_id('dbo.HCM_PS_CT_STATE_TBL_VW_CRS_STG_CURR') AND NAME ='INDXC_
Mar 11 2025 11:20PM,ctsazsimibcapps2.inso1a101c37461fa.database.windows.net,CentralRepository,IF NOT EXISTS(SELECT 1 FROM sys.indexes WHERE object_id = object_id('dbo.MSsavedforeignkeycolumns') AND NAME ='ci_MSsavedforeign
Mar 11 2025 11:20PM,ctsazsimibcapps2.inso1a101c37461fa.database.windows.net,CentralRepository,IF NOT EXISTS(SELECT 1 FROM sys.indexes WHERE object_id = object_id('dbo.MSsavedforeignkeycolumns') AND NAME ='nci_MSsavedforeig
Mar 11 2025 11:20PM,ctsazsimibcapps2.inso1a101c37461fa.database.windows.net,CentralRepository,IF NOT EXISTS(SELECT 1 FROM sys.indexes WHERE object_id = object_id('dbo.CentralRepository_Department_TreeMaster_MIG') AND NAME 
Mar 11 2025 11:20PM,ctsazsimibcapps2.inso1a101c37461fa.database.windows.net,CentralRepository,IF NOT EXISTS(SELECT 1 FROM sys.indexes WHERE object_id = object_id('dbo.CentralRepository_Department_TreeMaster_MIG') AND NAME 
Mar 11 2025 11:20PM,ctsazsimibcapps2.inso1a101c37461fa.database.windows.net,CentralRepository,IF NOT EXISTS(SELECT 1 FROM sys.indexes WHERE object_id = object_id('dbo.MSsavedforeignkeyextendedproperties') AND NAME ='ci_MSs
Mar 11 2025 11:20PM,ctsazsimibcapps2.inso1a101c37461fa.database.windows.net,CentralRepository,IF NOT EXISTS(SELECT 1 FROM sys.indexes WHERE object_id = object_id('dbo.MSsavedforeignkeyextendedproperties') AND NAME ='nci_MS
Mar 11 2025 11:20PM,ctsazsimibcapps2.inso1a101c37461fa.database.windows.net,CentralRepository,IF NOT EXISTS(SELECT 1 FROM sys.indexes WHERE object_id = object_id('dbo.CentralRepository_EAM_Leavedata_MIG_CRS') AND NAME ='IN
Mar 11 2025 11:20PM,ctsazsimibcapps2.inso1a101c37461fa.database.windows.net,CentralRepository,IF NOT EXISTS(SELECT 1 FROM sys.indexes WHERE object_id = object_id('dbo.HCM_PS_CT_TM_TBL_GBL_STG_CURR') AND NAME ='INDXC_HCM_PS
Mar 11 2025 11:20PM,ctsazsimibcapps2.inso1a101c37461fa.database.windows.net,CentralRepository,IF NOT EXISTS(SELECT 1 FROM sys.indexes WHERE object_id = object_id('dbo.CentralRepository_DepartmentVerticalMapping_EDS') AND N
Mar 11 2025 11:20PM,ctsazsimibcapps2.inso1a101c37461fa.database.windows.net,CentralRepository,IF NOT EXISTS(SELECT 1 FROM sys.indexes WHERE object_id = object_id('dbo.CentralRepository_DepartmentVerticalMapping_EDS') AND N
Mar 11 2025 11:20PM,ctsazsimibcapps2.inso1a101c37461fa.database.windows.net,CentralRepository,IF NOT EXISTS(SELECT 1 FROM sys.indexes WHERE object_id = object_id('dbo.CentralRepository_GSMS_AssociateSeatInfo_MIG') AND NAME
Mar 11 2025 11:20PM,ctsazsimibcapps2.inso1a101c37461fa.database.windows.net,CentralRepository,IF NOT EXISTS(SELECT 1 FROM sys.indexes WHERE object_id = object_id('dbo.CentralRepository_GSMS_AssociateSeatInfo_MIG') AND NAME
Mar 11 2025 11:20PM,ctsazsimibcapps2.inso1a101c37461fa.database.windows.net,CentralRepository,IF NOT EXISTS(SELECT 1 FROM sys.indexes WHERE object_id = object_id('dbo.CentralRepository_GSMS_AssociateSeatInfo_MIG') AND NAME
Mar 11 2025 11:20PM,ctsazsimibcapps2.inso1a101c37461fa.database.windows.net,CentralRepository,IF NOT EXISTS(SELECT 1 FROM sys.indexes WHERE object_id = object_id('dbo.HCM_PS_DEPT_TBL_STG_CURR') AND NAME ='INDX_HCM_PS_DEPT_
Mar 11 2025 11:20PM,ctsazsimibcapps2.inso1a101c37461fa.database.windows.net,CentralRepository,IF NOT EXISTS(SELECT 1 FROM sys.indexes WHERE object_id = object_id('dbo.HCM_PS_DEPT_TBL_STG_CURR') AND NAME ='INDX_HCM_PS_DEPT_
Mar 11 2025 11:20PM,ctsazsimibcapps2.inso1a101c37461fa.database.windows.net,CentralRepository,IF NOT EXISTS(SELECT 1 FROM sys.indexes WHERE object_id = object_id('dbo.HCM_PF_SKILL_CAT_ITEMS_STG_CURR_MIG') AND NAME ='INDX_H
Mar 11 2025 11:20PM,ctsazsimibcapps2.inso1a101c37461fa.database.windows.net,CentralRepository,IF NOT EXISTS(SELECT 1 FROM sys.indexes WHERE object_id = object_id('dbo.HCM_PF_SKILL_CAT_ITEMS_STG_CURR_MIG') AND NAME ='INDX_H
Mar 11 2025 11:20PM,ctsazsimibcapps2.inso1a101c37461fa.database.windows.net,CentralRepository,IF NOT EXISTS(SELECT 1 FROM sys.indexes WHERE object_id = object_id('dbo.HCM_PS_JOB_TASK_TBL_STG_CURR') AND NAME ='INDXC_HCM_PS_
Mar 11 2025 11:20PM,ctsazsimibcapps2.inso1a101c37461fa.database.windows.net,CentralRepository,IF NOT EXISTS(SELECT 1 FROM sys.indexes WHERE object_id = object_id('dbo.HCM_PS_JOB_TASK_TBL_STG_CURR') AND NAME ='INDXC_HCM_PS_
Mar 11 2025 11:20PM,ctsazsimibcapps2.inso1a101c37461fa.database.windows.net,CentralRepository,IF NOT EXISTS(SELECT 1 FROM sys.indexes WHERE object_id = object_id('dbo.HCM_PS_JOB_TASK_TBL_STG_CURR') AND NAME ='INDXC_HCM_PS_
Mar 11 2025 11:20PM,ctsazsimibcapps2.inso1a101c37461fa.database.windows.net,CentralRepository,IF NOT EXISTS(SELECT 1 FROM sys.indexes WHERE object_id = object_id('dbo.CentralRepository_ESA_Allocation_MIG') AND NAME ='PK_Ce
Mar 11 2025 11:20PM,ctsazsimibcapps2.inso1a101c37461fa.database.windows.net,CentralRepository,IF NOT EXISTS(SELECT 1 FROM sys.indexes WHERE object_id = object_id('dbo.CentralRepository_ESA_Allocation_MIG') AND NAME ='INDX_
Mar 11 2025 11:20PM,ctsazsimibcapps2.inso1a101c37461fa.database.windows.net,CentralRepository,IF NOT EXISTS(SELECT 1 FROM sys.indexes WHERE object_id = object_id('dbo.CentralRepository_ESA_Allocation_MIG') AND NAME ='INDX_
Mar 11 2025 11:20PM,ctsazsimibcapps2.inso1a101c37461fa.database.windows.net,CentralRepository,IF NOT EXISTS(SELECT 1 FROM sys.indexes WHERE object_id = object_id('dbo.CentralRepository_ESA_Allocation_MIG') AND NAME ='INDX_
Mar 11 2025 11:20PM,ctsazsimibcapps2.inso1a101c37461fa.database.windows.net,CentralRepository,IF NOT EXISTS(SELECT 1 FROM sys.indexes WHERE object_id = object_id('dbo.CentralRepository_ESA_Allocation_MIG') AND NAME ='INDX_
Mar 11 2025 11:20PM,ctsazsimibcapps2.inso1a101c37461fa.database.windows.net,CentralRepository,IF NOT EXISTS(SELECT 1 FROM sys.indexes WHERE object_id = object_id('dbo.CentralRepository_ESA_Allocation_MIG') AND NAME ='INDX_
Mar 11 2025 11:20PM,ctsazsimibcapps2.inso1a101c37461fa.database.windows.net,CentralRepository,IF NOT EXISTS(SELECT 1 FROM sys.indexes WHERE object_id = object_id('dbo.CentralRepository_ESA_Allocation_MIG') AND NAME ='INDX_
Mar 11 2025 11:20PM,ctsazsimibcapps2.inso1a101c37461fa.database.windows.net,CentralRepository,IF NOT EXISTS(SELECT 1 FROM sys.indexes WHERE object_id = object_id('dbo.CentralRepository_ESA_Allocation_MIG') AND NAME ='INDX_
Mar 11 2025 11:20PM,ctsazsimibcapps2.inso1a101c37461fa.database.windows.net,CentralRepository,IF NOT EXISTS(SELECT 1 FROM sys.indexes WHERE object_id = object_id('dbo.CentralRepository_ESA_Allocation_MIG') AND NAME ='INDX_
Mar 11 2025 11:20PM,ctsazsimibcapps2.inso1a101c37461fa.database.windows.net,CentralRepository,IF NOT EXISTS(SELECT 1 FROM sys.indexes WHERE object_id = object_id('dbo.CentralRepository_ESA_Allocation_MIG') AND NAME ='INDX_
Mar 11 2025 11:20PM,ctsazsimibcapps2.inso1a101c37461fa.database.windows.net,CentralRepository,IF NOT EXISTS(SELECT 1 FROM sys.indexes WHERE object_id = object_id('dbo.CentralRepository_ESA_Allocation_MIG') AND NAME ='INDX_
Mar 11 2025 11:20PM,ctsazsimibcapps2.inso1a101c37461fa.database.windows.net,CentralRepository,IF NOT EXISTS(SELECT 1 FROM sys.indexes WHERE object_id = object_id('dbo.CentralRepository_ESA_Allocation_MIG') AND NAME ='INDX_
Mar 11 2025 11:20PM,ctsazsimibcapps2.inso1a101c37461fa.database.windows.net,CentralRepository,IF NOT EXISTS(SELECT 1 FROM sys.indexes WHERE object_id = object_id('dbo.CentralRepository_ESA_Allocation_MIG') AND NAME ='INDX_
Mar 11 2025 11:20PM,ctsazsimibcapps2.inso1a101c37461fa.database.windows.net,CentralRepository,IF NOT EXISTS(SELECT 1 FROM sys.indexes WHERE object_id = object_id('dbo.CentralRepository_ESA_Allocation_MIG') AND NAME ='INDX_
Mar 11 2025 11:20PM,ctsazsimibcapps2.inso1a101c37461fa.database.windows.net,CentralRepository,IF NOT EXISTS(SELECT 1 FROM sys.indexes WHERE object_id = object_id('dbo.HCM_PS_JOBCODE_TBL_STG_CURR') AND NAME ='INDX_HCM_PS_JO
Mar 11 2025 11:20PM,ctsazsimibcapps2.inso1a101c37461fa.database.windows.net,CentralRepository,IF NOT EXISTS(SELECT 1 FROM sys.indexes WHERE object_id = object_id('dbo.HCM_PS_JOBCODE_TBL_STG_CURR') AND NAME ='INDX_HCM_PS_JO
Mar 11 2025 11:20PM,ctsazsimibcapps2.inso1a101c37461fa.database.windows.net,CentralRepository,IF NOT EXISTS(SELECT 1 FROM sys.indexes WHERE object_id = object_id('dbo.HCM_PS_JOBCODE_TBL_STG_CURR') AND NAME ='INDX_HCM_PS_JO
Mar 11 2025 11:20PM,ctsazsimibcapps2.inso1a101c37461fa.database.windows.net,CentralRepository,IF NOT EXISTS(SELECT 1 FROM sys.indexes WHERE object_id = object_id('dbo.HCM_PS_JOBCODE_TBL_STG_CURR') AND NAME ='INDX_HCM_PS_JO
Mar 11 2025 11:20PM,ctsazsimibcapps2.inso1a101c37461fa.database.windows.net,CentralRepository,IF NOT EXISTS(SELECT 1 FROM sys.indexes WHERE object_id = object_id('dbo.HCM_PS_JOBCODE_TBL_STG_CURR') AND NAME ='INDX_HCM_PS_JO
Mar 11 2025 11:20PM,ctsazsimibcapps2.inso1a101c37461fa.database.windows.net,CentralRepository,IF NOT EXISTS(SELECT 1 FROM sys.indexes WHERE object_id = object_id('dbo.HCM_PS_JOBCODE_TBL_STG_CURR') AND NAME ='INDX_HCM_PS_JO
Mar 11 2025 11:20PM,ctsazsimibcapps2.inso1a101c37461fa.database.windows.net,CentralRepository,IF NOT EXISTS(SELECT 1 FROM sys.indexes WHERE object_id = object_id('dbo.CentralRepository_EstablishmentMaster_MIG') AND NAME ='
Mar 11 2025 11:20PM,ctsazsimibcapps2.inso1a101c37461fa.database.windows.net,CentralRepository,IF NOT EXISTS(SELECT 1 FROM sys.indexes WHERE object_id = object_id('dbo.CentralRepository_EstablishmentMaster_MIG') AND NAME ='
Mar 11 2025 11:20PM,ctsazsimibcapps2.inso1a101c37461fa.database.windows.net,CentralRepository,IF NOT EXISTS(SELECT 1 FROM sys.indexes WHERE object_id = object_id('dbo.CHire_CandidateCurrentOffer_STG_CURR') AND NAME ='INDX_
Mar 11 2025 11:20PM,ctsazsimipgn.inso1a101c37461fa.database.windows.net,CentralRepository,IF NOT EXISTS(SELECT 1 FROM sys.indexes WHERE object_id = object_id('dbo.CentralRepository_AssociateAddress_MIG') AND NAME ='IND
Mar 11 2025 11:20PM,ctsazsimipgn.inso1a101c37461fa.database.windows.net,CentralRepository,IF NOT EXISTS(SELECT 1 FROM sys.indexes WHERE object_id = object_id('dbo.CentralRepository_RMG_ResourceRequest_MIG') AND NAME ='
Mar 11 2025 11:20PM,ctsazsimipgn.inso1a101c37461fa.database.windows.net,CentralRepository,IF NOT EXISTS(SELECT 1 FROM sys.indexes WHERE object_id = object_id('dbo.CentralRepository_RMG_ResourceRequest_MIG') AND NAME ='
Mar 11 2025 11:20PM,ctsazsimipgn.inso1a101c37461fa.database.windows.net,CentralRepository,IF NOT EXISTS(SELECT 1 FROM sys.indexes WHERE object_id = object_id('dbo.CentralRepository_RMG_ResourceRequest_MIG') AND NAME ='
Mar 11 2025 11:20PM,ctsazsimipgn.inso1a101c37461fa.database.windows.net,CentralRepository,IF NOT EXISTS(SELECT 1 FROM sys.indexes WHERE object_id = object_id('dbo.CentralRepository_AssociatePool_MIG') AND NAME ='INDXC_
Mar 11 2025 11:20PM,ctsazsimipgn.inso1a101c37461fa.database.windows.net,CentralRepository,IF NOT EXISTS(SELECT 1 FROM sys.indexes WHERE object_id = object_id('dbo.ESA_PS_CTS_PC_PAR_TBL_STG_CURR') AND NAME ='INDXC_ESA_P
Mar 11 2025 11:20PM,ctsazsimipgn.inso1a101c37461fa.database.windows.net,CentralRepository,IF NOT EXISTS(SELECT 1 FROM sys.indexes WHERE object_id = object_id('dbo.ESA_PS_CTS_PC_PAR_TBL_STG_CURR') AND NAME ='INDXC_ESA_P
Mar 11 2025 11:20PM,ctsazsimipgn.inso1a101c37461fa.database.windows.net,CentralRepository,IF NOT EXISTS(SELECT 1 FROM sys.indexes WHERE object_id = object_id('dbo.CENTRALREPOSITORY_CANDIDATEDETAILS_MIG') AND NAME ='IND
Mar 11 2025 11:20PM,ctsazsimipgn.inso1a101c37461fa.database.windows.net,CentralRepository,IF NOT EXISTS(SELECT 1 FROM sys.indexes WHERE object_id = object_id('dbo.CentralRepository_Contracts_EDS') AND NAME ='INDXC_Cent
Mar 11 2025 11:20PM,ctsazsimipgn.inso1a101c37461fa.database.windows.net,CentralRepository,IF NOT EXISTS(SELECT 1 FROM sys.indexes WHERE object_id = object_id('dbo.CentralRepository_Contacts_MIG') AND NAME ='INDXC_Centr
Mar 11 2025 11:20PM,ctsazsimipgn.inso1a101c37461fa.database.windows.net,CentralRepository,IF NOT EXISTS(SELECT 1 FROM sys.indexes WHERE object_id = object_id('dbo.CentralRepository_Contacts_MIG') AND NAME ='INDXC_Centr
Mar 11 2025 11:20PM,ctsazsimipgn.inso1a101c37461fa.database.windows.net,CentralRepository,IF NOT EXISTS(SELECT 1 FROM sys.indexes WHERE object_id = object_id('dbo.CentralRepository_Contacts_MIG') AND NAME ='INDXC_Centr
Mar 11 2025 11:20PM,ctsazsimipgn.inso1a101c37461fa.database.windows.net,CentralRepository,IF NOT EXISTS(SELECT 1 FROM sys.indexes WHERE object_id = object_id('dbo.CentralRepository_DepartmentVerticalMapping_EDS') AND N
Mar 11 2025 11:20PM,ctsazsimipgn.inso1a101c37461fa.database.windows.net,CentralRepository,IF NOT EXISTS(SELECT 1 FROM sys.indexes WHERE object_id = object_id('dbo.CentralRepository_DepartmentVerticalMapping_EDS') AND N
Mar 11 2025 11:20PM,ctsazsimipgn.inso1a101c37461fa.database.windows.net,CentralRepository,IF NOT EXISTS(SELECT 1 FROM sys.indexes WHERE object_id = object_id('dbo.ESA_PS_PROJECT_MGR_STG_CURR') AND NAME ='INDXC_ESA_PS_P
Mar 11 2025 11:20PM,ctsazsimipgn.inso1a101c37461fa.database.windows.net,CentralRepository,IF NOT EXISTS(SELECT 1 FROM sys.indexes WHERE object_id = object_id('dbo.ESA_PS_PROJECT_MGR_STG_CURR') AND NAME ='INDXC_ESA_PS_P
Mar 11 2025 11:20PM,ctsazsimipgn.inso1a101c37461fa.database.windows.net,CentralRepository,IF NOT EXISTS(SELECT 1 FROM sys.indexes WHERE object_id = object_id('dbo.ESA_PS_PROJECT_MGR_STG_CURR') AND NAME ='INDXC_ESA_PS_P
Mar 11 2025 11:20PM,ctsazsimipgn.inso1a101c37461fa.database.windows.net,CentralRepository,IF NOT EXISTS(SELECT 1 FROM sys.indexes WHERE object_id = object_id('dbo.ESA_PS_PROJECT_MGR_STG_CURR') AND NAME ='INDXC_ESA_PS_P
Mar 11 2025 11:20PM,ctsazsimipgn.inso1a101c37461fa.database.windows.net,CentralRepository,IF NOT EXISTS(SELECT 1 FROM sys.indexes WHERE object_id = object_id('dbo.CentralRepository_GSMS_Master_MIG') AND NAME ='INDXC_Ce
Mar 11 2025 11:20PM,ctsazsimipgn.inso1a101c37461fa.database.windows.net,CentralRepository,IF NOT EXISTS(SELECT 1 FROM sys.indexes WHERE object_id = object_id('dbo.CentralRepository_GSMS_Master_MIG') AND NAME ='INDXC_Ce
Mar 11 2025 11:20PM,ctsazsimipgn.inso1a101c37461fa.database.windows.net,CentralRepository,IF NOT EXISTS(SELECT 1 FROM sys.indexes WHERE object_id = object_id('dbo.CentralRepository_EmergencyContact_MIG') AND NAME ='IND
Mar 11 2025 11:20PM,ctsazsimipgn.inso1a101c37461fa.database.windows.net,CentralRepository,IF NOT EXISTS(SELECT 1 FROM sys.indexes WHERE object_id = object_id('dbo.HCM_PS_COUNTRY_TBL_STG_CURR') AND NAME ='INDXC_HCM_PS_C
Mar 11 2025 11:20PM,ctsazsimipgn.inso1a101c37461fa.database.windows.net,CentralRepository,IF NOT EXISTS(SELECT 1 FROM sys.indexes WHERE object_id = object_id('dbo.CentralRepository_Billing_Details_Mig') AND NAME ='INDX
Mar 11 2025 11:20PM,ctsazsimipgn.inso1a101c37461fa.database.windows.net,CentralRepository,IF NOT EXISTS(SELECT 1 FROM sys.indexes WHERE object_id = object_id('dbo.CentralRepository_Billing_Details_Mig') AND NAME ='INDX
Mar 11 2025 11:20PM,ctsazsimipgn.inso1a101c37461fa.database.windows.net,CentralRepository,IF NOT EXISTS(SELECT 1 FROM sys.indexes WHERE object_id = object_id('dbo.CentralRepository_Billing_Details_Mig') AND NAME ='INDX
Mar 11 2025 11:20PM,ctsazsimipgn.inso1a101c37461fa.database.windows.net,CentralRepository,IF NOT EXISTS(SELECT 1 FROM sys.indexes WHERE object_id = object_id('dbo.CentralRepository_Billing_Details_Mig') AND NAME ='INDX
Mar 11 2025 11:20PM,ctsazsimipgn.inso1a101c37461fa.database.windows.net,CentralRepository,IF NOT EXISTS(SELECT 1 FROM sys.indexes WHERE object_id = object_id('dbo.CentralRepository_Billing_Details_Mig') AND NAME ='INDX
Mar 11 2025 11:20PM,ctsazsimipgn.inso1a101c37461fa.database.windows.net,CentralRepository,IF NOT EXISTS(SELECT 1 FROM sys.indexes WHERE object_id = object_id('dbo.CentralRepository_ESA_ProjectSupervisor_MIG') AND NAME 
Mar 11 2025 11:20PM,ctsazsimipgn.inso1a101c37461fa.database.windows.net,CentralRepository,IF NOT EXISTS(SELECT 1 FROM sys.indexes WHERE object_id = object_id('dbo.HCM_PS_CT_DEPT_TYPE_STG_CURR') AND NAME ='INDXC_HCM_PS_
Mar 11 2025 11:20PM,ctsazsimipgn.inso1a101c37461fa.database.windows.net,CentralRepository,IF NOT EXISTS(SELECT 1 FROM sys.indexes WHERE object_id = object_id('dbo.CentralRepository_ESA_Allocation_MIG') AND NAME ='INDXC
Mar 11 2025 11:20PM,ctsazsimipgn.inso1a101c37461fa.database.windows.net,CentralRepository,IF NOT EXISTS(SELECT 1 FROM sys.indexes WHERE object_id = object_id('dbo.CentralRepository_ESA_Allocation_MIG') AND NAME ='INDXC
Mar 11 2025 11:20PM,ctsazsimipgn.inso1a101c37461fa.database.windows.net,CentralRepository,IF NOT EXISTS(SELECT 1 FROM sys.indexes WHERE object_id = object_id('dbo.CentralRepository_ESA_Allocation_MIG') AND NAME ='INDXC
Mar 11 2025 11:20PM,ctsazsimipgn.inso1a101c37461fa.database.windows.net,CentralRepository,IF NOT EXISTS(SELECT 1 FROM sys.indexes WHERE object_id = object_id('dbo.CentralRepository_ESA_Allocation_MIG') AND NAME ='INDXC
Mar 11 2025 11:20PM,ctsazsimipgn.inso1a101c37461fa.database.windows.net,CentralRepository,IF NOT EXISTS(SELECT 1 FROM sys.indexes WHERE object_id = object_id('dbo.CentralRepository_ESA_Allocation_MIG') AND NAME ='INDXC
Mar 11 2025 11:20PM,ctsazsimipgn.inso1a101c37461fa.database.windows.net,CentralRepository,IF NOT EXISTS(SELECT 1 FROM sys.indexes WHERE object_id = object_id('dbo.CentralRepository_ESA_Allocation_MIG') AND NAME ='INDXC
Mar 11 2025 11:20PM,ctsazsimipgn.inso1a101c37461fa.database.windows.net,CentralRepository,IF NOT EXISTS(SELECT 1 FROM sys.indexes WHERE object_id = object_id('dbo.CentralRepository_ESA_Allocation_MIG') AND NAME ='INDXC
Mar 11 2025 11:20PM,ctsazsimipgn.inso1a101c37461fa.database.windows.net,CentralRepository,IF NOT EXISTS(SELECT 1 FROM sys.indexes WHERE object_id = object_id('dbo.CentralRepository_ESA_Allocation_MIG') AND NAME ='INDXC
Mar 11 2025 11:20PM,ctsazsimipgn.inso1a101c37461fa.database.windows.net,CentralRepository,IF NOT EXISTS(SELECT 1 FROM sys.indexes WHERE object_id = object_id('dbo.CentralRepository_ESA_Allocation_MIG') AND NAME ='INDXC
Mar 11 2025 11:20PM,ctsazsimipgn.inso1a101c37461fa.database.windows.net,CentralRepository,IF NOT EXISTS(SELECT 1 FROM sys.indexes WHERE object_id = object_id('dbo.CentralRepository_ESA_Allocation_MIG') AND NAME ='INDXC
Mar 11 2025 11:20PM,ctsazsimipgn.inso1a101c37461fa.database.windows.net,CentralRepository,IF NOT EXISTS(SELECT 1 FROM sys.indexes WHERE object_id = object_id('dbo.CentralRepository_ESA_Allocation_MIG') AND NAME ='INDXC
Mar 11 2025 11:20PM,ctsazsimipgn.inso1a101c37461fa.database.windows.net,CentralRepository,IF NOT EXISTS(SELECT 1 FROM sys.indexes WHERE object_id = object_id('dbo.CentralRepository_ESA_Allocation_MIG') AND NAME ='INDXC
Mar 11 2025 11:20PM,ctsazsimipgn.inso1a101c37461fa.database.windows.net,CentralRepository,IF NOT EXISTS(SELECT 1 FROM sys.indexes WHERE object_id = object_id('dbo.CentralRepository_ESA_Allocation_MIG') AND NAME ='INDXC
Mar 11 2025 11:20PM,ctsazsimipgn.inso1a101c37461fa.database.windows.net,CentralRepository,IF NOT EXISTS(SELECT 1 FROM sys.indexes WHERE object_id = object_id('dbo.CentralRepository_ESA_Allocation_MIG') AND NAME ='Centr
Mar 11 2025 11:20PM,ctsazsimipgn.inso1a101c37461fa.database.windows.net,CentralRepository,IF NOT EXISTS(SELECT 1 FROM sys.indexes WHERE object_id = object_id('dbo.CentralRepository_GSMS_AssociateSeatInfo_MIG') AND NAME
Mar 11 2025 11:20PM,ctsazsimipgn.inso1a101c37461fa.database.windows.net,CentralRepository,IF NOT EXISTS(SELECT 1 FROM sys.indexes WHERE object_id = object_id('dbo.CentralRepository_GSMS_AssociateSeatInfo_MIG') AND NAME
Mar 11 2025 11:20PM,ctsazsimipgn.inso1a101c37461fa.database.windows.net,CentralRepository,IF NOT EXISTS(SELECT 1 FROM sys.indexes WHERE object_id = object_id('dbo.CentralRepository_GSMS_AssociateSeatInfo_MIG') AND NAME
Mar 11 2025 11:20PM,ctsazsimipgn.inso1a101c37461fa.database.windows.net,CentralRepository,IF NOT EXISTS(SELECT 1 FROM sys.indexes WHERE object_id = object_id('dbo.CentralRepository_GSMS_AssociateSeatInfo_MIG') AND NAME
Mar 11 2025 11:20PM,ctsazsimipgn.inso1a101c37461fa.database.windows.net,CentralRepository,IF NOT EXISTS(SELECT 1 FROM sys.indexes WHERE object_id = object_id('dbo.sysdiagrams') AND NAME ='UK_principal_name') CREATE UNI
Mar 11 2025 11:20PM,ctsazsimipgn.inso1a101c37461fa.database.windows.net,CentralRepository,IF NOT EXISTS(SELECT 1 FROM sys.indexes WHERE object_id = object_id('dbo.MSreplication_subscriptions') AND NAME ='uc1MSReplicati
Mar 11 2025 11:20PM,ctsazsimipgn.inso1a101c37461fa.database.windows.net,CentralRepository,IF NOT EXISTS(SELECT 1 FROM sys.indexes WHERE object_id = object_id('dbo.CentralRepository_JOB_Reference_MIG') AND NAME ='INDXC_
Mar 11 2025 11:20PM,ctsazsimipgn.inso1a101c37461fa.database.windows.net,CentralRepository,IF NOT EXISTS(SELECT 1 FROM sys.indexes WHERE object_id = object_id('dbo.CentralRepository_JOB_Reference_MIG') AND NAME ='INDXC_
Mar 11 2025 11:20PM,ctsazsimipgn.inso1a101c37461fa.database.windows.net,CentralRepository,IF NOT EXISTS(SELECT 1 FROM sys.indexes WHERE object_id = object_id('dbo.CentralRepository_JOB_Reference_MIG') AND NAME ='INDXC_
Mar 11 2025 11:20PM,ctsazsimipgn.inso1a101c37461fa.database.windows.net,CentralRepository,IF NOT EXISTS(SELECT 1 FROM sys.indexes WHERE object_id = object_id('dbo.CentralRepository_JOB_Reference_MIG') AND NAME ='INDXC_
Mar 11 2025 11:20PM,ctsazsimipgn.inso1a101c37461fa.database.windows.net,CentralRepository,IF NOT EXISTS(SELECT 1 FROM sys.indexes WHERE object_id = object_id('dbo.MSsubscription_agents') AND NAME ='ucMSsubscription_age
Mar 11 2025 11:20PM,ctsazsimipgn.inso1a101c37461fa.database.windows.net,CentralRepository,IF NOT EXISTS(SELECT 1 FROM sys.indexes WHERE object_id = object_id('dbo.MSsubscription_agents') AND NAME ='ucMSsubscription_age
Mar 11 2025 11:20PM,ctsazsimipgn.inso1a101c37461fa.database.windows.net,CentralRepository,IF NOT EXISTS(SELECT 1 FROM sys.indexes WHERE object_id = object_id('dbo.CentralRepository_EAM_Leavedata_MIG') AND NAME ='INDXC_
Mar 11 2025 11:20PM,ctsazsimipgn.inso1a101c37461fa.database.windows.net,CentralRepository,IF NOT EXISTS(SELECT 1 FROM sys.indexes WHERE object_id = object_id('dbo.CentralRepository_EAM_Leavedata_MIG') AND NAME ='INDXC_
Mar 11 2025 11:20PM,ctsazsimipgn.inso1a101c37461fa.database.windows.net,CentralRepository,IF NOT EXISTS(SELECT 1 FROM sys.indexes WHERE object_id = object_id('dbo.MSreplication_objects') AND NAME ='ucMSreplication_obje
Mar 11 2025 11:20PM,ctsazsimipgn.inso1a101c37461fa.database.windows.net,CentralRepository,IF NOT EXISTS(SELECT 1 FROM sys.indexes WHERE object_id = object_id('dbo.CentralRepository_GSMS_SeatMaster_MIG') AND NAME ='INDX
Mar 11 2025 11:20PM,ctsazsimipgn.inso1a101c37461fa.database.windows.net,CentralRepository,IF NOT EXISTS(SELECT 1 FROM sys.indexes WHERE object_id = object_id('dbo.CentralRepository_EAM_Leavedata_MIG_CRS') AND NAME ='IN
Mar 11 2025 11:20PM,ctsazsimipgn.inso1a101c37461fa.database.windows.net,CentralRepository,IF NOT EXISTS(SELECT 1 FROM sys.indexes WHERE object_id = object_id('dbo.CentralRepository_EAM_Leavedata_MIG_CRS') AND NAME ='IN
Mar 11 2025 11:20PM,ctsazsimipgn.inso1a101c37461fa.database.windows.net,CentralRepository,IF NOT EXISTS(SELECT 1 FROM sys.indexes WHERE object_id = object_id('dbo.HCM_PS_CT_TM_TBL_GBL_STG_CURR') AND NAME ='INDXC_HCM_PS
Mar 11 2025 11:20PM,ctsazsimipgn.inso1a101c37461fa.database.windows.net,CentralRepository,IF NOT EXISTS(SELECT 1 FROM sys.indexes WHERE object_id = object_id('dbo.CentralRepository_HCMLocation_MIG') AND NAME ='INDXC_Ce
Mar 11 2025 11:20PM,ctsazsimipgn.inso1a101c37461fa.database.windows.net,CentralRepository,IF NOT EXISTS(SELECT 1 FROM sys.indexes WHERE object_id = object_id('dbo.CentralRepository_HCMLocation_MIG') AND NAME ='INDXC_Ce
Mar 11 2025 11:20PM,ctsazsimipgn.inso1a101c37461fa.database.windows.net,CentralRepository,IF NOT EXISTS(SELECT 1 FROM sys.indexes WHERE object_id = object_id('dbo.CentralRepository_HCMLocation_MIG') AND NAME ='INDXC_Ce
Mar 11 2025 11:20PM,ctsazsimipgn.inso1a101c37461fa.database.windows.net,CentralRepository,IF NOT EXISTS(SELECT 1 FROM sys.indexes WHERE object_id = object_id('dbo.CentralRepository_HCMLocation_MIG') AND NAME ='INDXC_Ce
Mar 11 2025 11:20PM,ctsazsimipgn.inso1a101c37461fa.database.windows.net,CentralRepository,IF NOT EXISTS(SELECT 1 FROM sys.indexes WHERE object_id = object_id('dbo.CentralRepository_HCMLocation_MIG') AND NAME ='INDXC_Ce
Mar 11 2025 11:20PM,ctsazsimipgn.inso1a101c37461fa.database.windows.net,CentralRepository,IF NOT EXISTS(SELECT 1 FROM sys.indexes WHERE object_id = object_id('dbo.HCM_PS_DEPT_TBL_STG_CURR') AND NAME ='INDXC_HCM_PS_DEPT
Mar 11 2025 11:20PM,ctsazsimipgn.inso1a101c37461fa.database.windows.net,CentralRepository,IF NOT EXISTS(SELECT 1 FROM sys.indexes WHERE object_id = object_id('dbo.HCM_PS_DEPT_TBL_STG_CURR') AND NAME ='HCM_PS_DEPT_TBL_S
Mar 11 2025 11:20PM,ctsazsimipgn.inso1a101c37461fa.database.windows.net,CentralRepository,IF NOT EXISTS(SELECT 1 FROM sys.indexes WHERE object_id = object_id('dbo.CentralRepository_HolidayDate_MIG') AND NAME ='INDXC_Ce
Mar 11 2025 11:20PM,ctsazsimipgn.inso1a101c37461fa.database.windows.net,CentralRepository,IF NOT EXISTS(SELECT 1 FROM sys.indexes WHERE object_id = object_id('dbo.CentralRepository_Email_Address_MIG') AND NAME ='INDXC_
Mar 11 2025 11:20PM,ctsazsimipgn.inso1a101c37461fa.database.windows.net,CentralRepository,IF NOT EXISTS(SELECT 1 FROM sys.indexes WHERE object_id = object_id('dbo.HCM_PS_CT_GBL_HCM_SFBD_STG_CURR') AND NAME ='INDXC_HCM_
Mar 11 2025 11:20PM,ctsazsimipgn.inso1a101c37461fa.database.windows.net,CentralRepository,IF NOT EXISTS(SELECT 1 FROM sys.indexes WHERE object_id = object_id('dbo.HCM_PS_CT_GBL_HCM_SFBD_STG_CURR') AND NAME ='INDXC_HCM_
Mar 11 2025 11:20PM,ctsazsimipgn.inso1a101c37461fa.database.windows.net,CentralRepository,IF NOT EXISTS(SELECT 1 FROM sys.indexes WHERE object_id = object_id('dbo.HCM_PS_JOBCODE_TBL_STG_CURR') AND NAME ='INDXC_HCM_PS_J
Mar 11 2025 11:20PM,ctsazsimipgn.inso1a101c37461fa.database.windows.net,CentralRepository,IF NOT EXISTS(SELECT 1 FROM sys.indexes WHERE object_id = object_id('dbo.HCM_PS_JOBCODE_TBL_STG_CURR') AND NAME ='INDXC_HCM_PS_J
Mar 11 2025 11:20PM,ctsazsimipgn.inso1a101c37461fa.database.windows.net,CentralRepository,IF NOT EXISTS(SELECT 1 FROM sys.indexes WHERE object_id = object_id('dbo.HCM_PS_JOBCODE_TBL_STG_CURR') AND NAME ='INDXC_HCM_PS_J
Mar 11 2025 11:20PM,ctsazsimipgn.inso1a101c37461fa.database.windows.net,CentralRepository,IF NOT EXISTS(SELECT 1 FROM sys.indexes WHERE object_id = object_id('dbo.HCM_PS_JOBCODE_TBL_STG_CURR') AND NAME ='HCM_PS_JOBCODE
Mar 11 2025 11:20PM,ctsazsimipgn.inso1a101c37461fa.database.windows.net,CentralRepository,IF NOT EXISTS(SELECT 1 FROM sys.indexes WHERE object_id = object_id('dbo.CentralRepository_MyTravel_Details_MIG') AND NAME ='IND
Mar 11 2025 11:20PM,ctsazsimipgn.inso1a101c37461fa.database.windows.net,CentralRepository,IF NOT EXISTS(SELECT 1 FROM sys.indexes WHERE object_id = object_id('dbo.MSsnapshotdeliveryprogress') AND NAME ='ci_MSsnapshotde
Mar 11 2025 11:20PM,ctsazsimipgn.inso1a101c37461fa.database.windows.net,CentralRepository,IF NOT EXISTS(SELECT 1 FROM sys.indexes WHERE object_id = object_id('dbo.MSsnapshotdeliveryprogress') AND NAME ='nci_MSsnapshotd
Mar 11 2025 11:20PM,ctsazsimipgn.inso1a101c37461fa.database.windows.net,CentralRepository,IF NOT EXISTS(SELECT 1 FROM sys.indexes WHERE object_id = object_id('dbo.SFDC_Account_STG_CURR') AND NAME ='INDXC_SFDC_Account_S
Mar 11 2025 11:20PM,ctsazsimipgn.inso1a101c37461fa.database.windows.net,CentralRepository,IF NOT EXISTS(SELECT 1 FROM sys.indexes WHERE object_id = object_id('dbo.MSsavedforeignkeys') AND NAME ='ci_MSsavedforeignkeys')
Mar 11 2025 11:20PM,ctsazsimipgn.inso1a101c37461fa.database.windows.net,CentralRepository,IF NOT EXISTS(SELECT 1 FROM sys.indexes WHERE object_id = object_id('dbo.MSsavedforeignkeys') AND NAME ='nci_MSsavedforeignkeys_
Mar 11 2025 11:20PM,ctsazsimipgn.inso1a101c37461fa.database.windows.net,CentralRepository,IF NOT EXISTS(SELECT 1 FROM sys.indexes WHERE object_id = object_id('dbo.MSsavedforeignkeycolumns') AND NAME ='ci_MSsavedforeign
Mar 11 2025 11:20PM,ctsazsimipgn.inso1a101c37461fa.database.windows.net,CentralRepository,IF NOT EXISTS(SELECT 1 FROM sys.indexes WHERE object_id = object_id('dbo.MSsavedforeignkeycolumns') AND NAME ='nci_MSsavedforeig
Mar 11 2025 11:20PM,ctsazsimipgn.inso1a101c37461fa.database.windows.net,CentralRepository,IF NOT EXISTS(SELECT 1 FROM sys.indexes WHERE object_id = object_id('dbo.MSsavedforeignkeyextendedproperties') AND NAME ='ci_MSs
Mar 11 2025 11:20PM,ctsazsimipgn.inso1a101c37461fa.database.windows.net,CentralRepository,IF NOT EXISTS(SELECT 1 FROM sys.indexes WHERE object_id = object_id('dbo.MSsavedforeignkeyextendedproperties') AND NAME ='nci_MS
Mar 11 2025 11:20PM,ctsazsimipgn.inso1a101c37461fa.database.windows.net,CentralRepository,IF NOT EXISTS(SELECT 1 FROM sys.indexes WHERE object_id = object_id('dbo.CentralRepository_Project_Location_MIG') AND NAME ='IND
Mar 11 2025 11:20PM,ctsazsimipgn.inso1a101c37461fa.database.windows.net,CentralRepository,IF NOT EXISTS(SELECT 1 FROM sys.indexes WHERE object_id = object_id('dbo.CentralRepository_Project_Location_MIG') AND NAME ='IND
Mar 11 2025 11:20PM,ctsazsimipgn.inso1a101c37461fa.database.windows.net,CentralRepository,IF NOT EXISTS(SELECT 1 FROM sys.indexes WHERE object_id = object_id('dbo.LM_vw_LocationMaster_STG_CURR') AND NAME ='INDXC_LM_VW_
Mar 11 2025 11:20PM,ctsazsimipgn.inso1a101c37461fa.database.windows.net,CentralRepository,IF NOT EXISTS(SELECT 1 FROM sys.indexes WHERE object_id = object_id('dbo.CentralRepository_Associate_Details_MIG') AND NAME ='IN
Mar 11 2025 11:20PM,ctsazsimipgn.inso1a101c37461fa.database.windows.net,CentralRepository,IF NOT EXISTS(SELECT 1 FROM sys.indexes WHERE object_id = object_id('dbo.CentralRepository_Associate_Details_MIG') AND NAME ='IN
Mar 11 2025 11:20PM,ctsazsimipgn.inso1a101c37461fa.database.windows.net,CentralRepository,IF NOT EXISTS(SELECT 1 FROM sys.indexes WHERE object_id = object_id('dbo.CentralRepository_Associate_Details_MIG') AND NAME ='IN
Mar 11 2025 11:20PM,ctsazsimipgn.inso1a101c37461fa.database.windows.net,CentralRepository,IF NOT EXISTS(SELECT 1 FROM sys.indexes WHERE object_id = object_id('dbo.CentralRepository_Associate_Details_MIG') AND NAME ='IN
Mar 11 2025 11:20PM,ctsazsimipgn.inso1a101c37461fa.database.windows.net,CentralRepository,IF NOT EXISTS(SELECT 1 FROM sys.indexes WHERE object_id = object_id('dbo.CentralRepository_Associate_Details_MIG') AND NAME ='IN
Mar 11 2025 11:20PM,ctsazsimipgn.inso1a101c37461fa.database.windows.net,CentralRepository,IF NOT EXISTS(SELECT 1 FROM sys.indexes WHERE object_id = object_id('dbo.CentralRepository_Associate_Details_MIG') AND NAME ='IN
Mar 11 2025 11:20PM,ctsazsimipgn.inso1a101c37461fa.database.windows.net,CentralRepository,IF NOT EXISTS(SELECT 1 FROM sys.indexes WHERE object_id = object_id('dbo.CentralRepository_Associate_Details_MIG') AND NAME ='IN
Mar 11 2025 11:20PM,ctsazsimipgn.inso1a101c37461fa.database.windows.net,CentralRepository,IF NOT EXISTS(SELECT 1 FROM sys.indexes WHERE object_id = object_id('dbo.CentralRepository_Associate_Details_MIG') AND NAME ='IN
Mar 11 2025 11:20PM,ctsazsimipgn.inso1a101c37461fa.database.windows.net,CentralRepository,IF NOT EXISTS(SELECT 1 FROM sys.indexes WHERE object_id = object_id('dbo.CentralRepository_Associate_Details_MIG') AND NAME ='IN
Mar 11 2025 11:20PM,ctsazsimipgn.inso1a101c37461fa.database.windows.net,CentralRepository,IF NOT EXISTS(SELECT 1 FROM sys.indexes WHERE object_id = object_id('dbo.CentralRepository_Associate_Details_MIG') AND NAME ='IN
Mar 11 2025 11:20PM,ctsazsimipgn.inso1a101c37461fa.database.windows.net,CentralRepository,IF NOT EXISTS(SELECT 1 FROM sys.indexes WHERE object_id = object_id('dbo.CentralRepository_Project_MIG') AND NAME ='INDXC_Centra
Mar 11 2025 11:20PM,ctsazsimipgn.inso1a101c37461fa.database.windows.net,CentralRepository,IF NOT EXISTS(SELECT 1 FROM sys.indexes WHERE object_id = object_id('dbo.CentralRepository_Project_MIG') AND NAME ='INDXC_Centra
Mar 11 2025 11:20PM,ctsazsimipgn.inso1a101c37461fa.database.windows.net,CentralRepository,IF NOT EXISTS(SELECT 1 FROM sys.indexes WHERE object_id = object_id('dbo.CentralRepository_Project_MIG') AND NAME ='INDXC_Centra
Mar 11 2025 11:20PM,ctsazsimipgn.inso1a101c37461fa.database.windows.net,CentralRepository,IF NOT EXISTS(SELECT 1 FROM sys.indexes WHERE object_id = object_id('dbo.CentralRepository_Project_MIG') AND NAME ='INDXC_Centra
Mar 11 2025 11:20PM,ctsazsimipgn.inso1a101c37461fa.database.windows.net,CentralRepository,IF NOT EXISTS(SELECT 1 FROM sys.indexes WHERE object_id = object_id('dbo.CentralRepository_Project_MIG') AND NAME ='INDXC_Centra
Mar 11 2025 11:20PM,ctsazsimipgn.inso1a101c37461fa.database.windows.net,CentralRepository,IF NOT EXISTS(SELECT 1 FROM sys.indexes WHERE object_id = object_id('dbo.CentralRepository_Project_MIG') AND NAME ='INDXC_Centra
Mar 11 2025 11:20PM,ctsazsimipgn.inso1a101c37461fa.database.windows.net,CentralRepository,IF NOT EXISTS(SELECT 1 FROM sys.indexes WHERE object_id = object_id('dbo.CentralRepository_Project_MIG') AND NAME ='INDXC_Centra
Mar 11 2025 11:20PM,ctsazsimipgn.inso1a101c37461fa.database.windows.net,CentralRepository,IF NOT EXISTS(SELECT 1 FROM sys.indexes WHERE object_id = object_id('dbo.CentralRepository_Project_MIG') AND NAME ='INDXC_Centra
Mar 11 2025 11:20PM,ctsazsimipgn.inso1a101c37461fa.database.windows.net,CentralRepository,IF NOT EXISTS(SELECT 1 FROM sys.indexes WHERE object_id = object_id('dbo.CentralRepository_Project_MIG') AND NAME ='INDXC_Centra
Mar 11 2025 11:20PM,ctsazsimipgn.inso1a101c37461fa.database.windows.net,CentralRepository,IF NOT EXISTS(SELECT 1 FROM sys.indexes WHERE object_id = object_id('dbo.CentralRepository_Set_ProjectStatus_MIG') AND NAME ='IN
Mar 11 2025 11:20PM,ctsazsimipgn.inso1a101c37461fa.database.windows.net,CentralRepository,IF NOT EXISTS(SELECT 1 FROM sys.indexes WHERE object_id = object_id('dbo.CentralRepository_Set_ProjectStatus_MIG') AND NAME ='IN
Mar 11 2025 11:20PM,ctsazsimipgn.inso1a101c37461fa.database.windows.net,CentralRepository,IF NOT EXISTS(SELECT 1 FROM sys.indexes WHERE object_id = object_id('dbo.CentralRepository_Set_ProjectStatus_MIG') AND NAME ='IN
Mar 11 2025 11:20PM,ctsazpdmincapps2.b96303a221dc.database.windows.net,CentralRepository,IF NOT EXISTS(SELECT 1 FROM sys.indexes WHERE object_id = object_id('dbo.LMS_TBL_TMX_RULESETDATASET_STG_CURR') AND NAME ='IX_LMS
Mar 11 2025 11:20PM,ctsazpdmincapps2.b96303a221dc.database.windows.net,CentralRepository,IF NOT EXISTS(SELECT 1 FROM sys.indexes WHERE object_id = object_id('dbo.LMS_TBL_TMX_USERREQUIREDACT_STG_CURR') AND NAME ='INDXC
Mar 11 2025 11:20PM,ctsazpdmincapps2.b96303a221dc.database.windows.net,CentralRepository,IF NOT EXISTS(SELECT 1 FROM sys.indexes WHERE object_id = object_id('dbo.LMS_TBL_TMX_USERREQUIREDACT_STG_CURR') AND NAME ='IX_LM
Mar 11 2025 11:20PM,ctsazpdmincapps2.b96303a221dc.database.windows.net,CentralRepository,IF NOT EXISTS(SELECT 1 FROM sys.indexes WHERE object_id = object_id('dbo.HCM_PS_JOBCODE_TBL_STG_CURR') AND NAME ='IX_HCM_PS_JOBC
Mar 11 2025 11:20PM,ctsazpdmincapps2.b96303a221dc.database.windows.net,CentralRepository,IF NOT EXISTS(SELECT 1 FROM sys.indexes WHERE object_id = object_id('dbo.HCM_PS_JOBCODE_TBL_STG_CURR') AND NAME ='IX_HCM_PS_JOBC
Mar 11 2025 11:20PM,ctsazpdmincapps2.b96303a221dc.database.windows.net,CentralRepository,IF NOT EXISTS(SELECT 1 FROM sys.indexes WHERE object_id = object_id('dbo.HCM_PS_JOBCODE_TBL_STG_CURR') AND NAME ='IXNC_HCM_PS_JO
Mar 11 2025 11:20PM,ctsazpdmincapps2.b96303a221dc.database.windows.net,CentralRepository,IF NOT EXISTS(SELECT 1 FROM sys.indexes WHERE object_id = object_id('dbo.HCM_PS_JOBCODE_TBL_STG_CURR') AND NAME ='IXNC_HCM_PS_JO
Mar 11 2025 11:20PM,ctsazpdmincapps2.b96303a221dc.database.windows.net,CentralRepository,IF NOT EXISTS(SELECT 1 FROM sys.indexes WHERE object_id = object_id('dbo.HCM_PS_JOBCODE_TBL_STG_CURR') AND NAME ='IX_HCM_PS_JOBC
Mar 11 2025 11:20PM,ctsazpdmincapps2.b96303a221dc.database.windows.net,CentralRepository,IF NOT EXISTS(SELECT 1 FROM sys.indexes WHERE object_id = object_id('dbo.HCM_PS_JOBCODE_TBL_STG_CURR') AND NAME ='HCM_PS_JOBCODE
Mar 11 2025 11:20PM,ctsazpdmincapps2.b96303a221dc.database.windows.net,CentralRepository,IF NOT EXISTS(SELECT 1 FROM sys.indexes WHERE object_id = object_id('dbo.LMS_ACTFILTERS_STG_CURR') AND NAME ='IX_LMS_ACTFILTERS_
Mar 11 2025 11:20PM,ctsazpdmincapps2.b96303a221dc.database.windows.net,CentralRepository,IF NOT EXISTS(SELECT 1 FROM sys.indexes WHERE object_id = object_id('dbo.LMS_USERVMASSIGNMENT_STG_CURR') AND NAME ='IX_LMS_USERV
Mar 11 2025 11:20PM,ctsazpdmincapps2.b96303a221dc.database.windows.net,CentralRepository,IF NOT EXISTS(SELECT 1 FROM sys.indexes WHERE object_id = object_id('dbo.LMS_PERSON_STG_CURR') AND NAME ='IX_LMS_PERSON_STG_CURR
Mar 11 2025 11:20PM,ctsazpdmincapps2.b96303a221dc.database.windows.net,CentralRepository,IF NOT EXISTS(SELECT 1 FROM sys.indexes WHERE object_id = object_id('dbo.LMS_PERSON_STG_CURR') AND NAME ='INDXC_LMS_PERSON_STG_C
Mar 11 2025 11:20PM,ctsazpdmincapps2.b96303a221dc.database.windows.net,CentralRepository,IF NOT EXISTS(SELECT 1 FROM sys.indexes WHERE object_id = object_id('dbo.LMS_PERSON_STG_CURR') AND NAME ='INDXC_LMS_PERSON_STG_C
Mar 11 2025 11:20PM,ctsazpdmincapps2.b96303a221dc.database.windows.net,CentralRepository,IF NOT EXISTS(SELECT 1 FROM sys.indexes WHERE object_id = object_id('dbo.LMS_ACTIVITYSKILL_STG_CURR') AND NAME ='IX_LMS_ACTIVITY
Mar 11 2025 11:20PM,ctsazpdmincapps2.b96303a221dc.database.windows.net,CentralRepository,IF NOT EXISTS(SELECT 1 FROM sys.indexes WHERE object_id = object_id('dbo.LMS_ACTIVITYSKILL_STG_CURR') AND NAME ='IX_LMS_ACTIVITY
Mar 11 2025 11:20PM,ctsazpdmincapps2.b96303a221dc.database.windows.net,CentralRepository,IF NOT EXISTS(SELECT 1 FROM sys.indexes WHERE object_id = object_id('dbo.LMS_ACTIVITYSKILL_STG_CURR') AND NAME ='IX1_LMS_ACTIVIT
Mar 11 2025 11:20PM,ctsazpdmincapps2.b96303a221dc.database.windows.net,CentralRepository,IF NOT EXISTS(SELECT 1 FROM sys.indexes WHERE object_id = object_id('dbo.LMS_TBL_TMX_REGISTRATION_STG_CURR') AND NAME ='IX_LMS_T
Mar 11 2025 11:20PM,ctsazpdmincapps2.b96303a221dc.database.windows.net,CentralRepository,IF NOT EXISTS(SELECT 1 FROM sys.indexes WHERE object_id = object_id('dbo.LMS_TBL_TMX_REGISTRATION_STG_CURR') AND NAME ='IX_LMS_T
Mar 11 2025 11:20PM,ctsazpdmincapps2.b96303a221dc.database.windows.net,CentralRepository,IF NOT EXISTS(SELECT 1 FROM sys.indexes WHERE object_id = object_id('dbo.LMS_TBL_TMX_REGISTRATION_STG_CURR') AND NAME ='IX_LMS_T
Mar 11 2025 11:20PM,ctsazpdmincapps2.b96303a221dc.database.windows.net,CentralRepository,IF NOT EXISTS(SELECT 1 FROM sys.indexes WHERE object_id = object_id('dbo.LMS_TBL_TMX_REGISTRATION_STG_CURR') AND NAME ='IXDC_LMS
Mar 11 2025 11:20PM,ctsazpdmincapps2.b96303a221dc.database.windows.net,CentralRepository,IF NOT EXISTS(SELECT 1 FROM sys.indexes WHERE object_id = object_id('dbo.LMS_TBL_TMX_REGISTRATION_STG_CURR') AND NAME ='INDXC_LM
Mar 11 2025 11:20PM,ctsazpdmincapps2.b96303a221dc.database.windows.net,CentralRepository,IF NOT EXISTS(SELECT 1 FROM sys.indexes WHERE object_id = object_id('dbo.SFDC_Financial_Ultimate_Parent_Account_STG_CURR') AND N
Mar 11 2025 11:20PM,ctsazpdmincapps2.b96303a221dc.database.windows.net,CentralRepository,IF NOT EXISTS(SELECT 1 FROM sys.indexes WHERE object_id = object_id('dbo.LMS_TBL_TMX_ACTIVITY_STG_CURR') AND NAME ='IX1_LMS_TBL_
Mar 11 2025 11:20PM,ctsazpdmincapps2.b96303a221dc.database.windows.net,CentralRepository,IF NOT EXISTS(SELECT 1 FROM sys.indexes WHERE object_id = object_id('dbo.LMS_TBL_TMX_ACTIVITY_STG_CURR') AND NAME ='IXDC_LMS_TBL
Mar 11 2025 11:20PM,ctsazpdmincapps2.b96303a221dc.database.windows.net,CentralRepository,IF NOT EXISTS(SELECT 1 FROM sys.indexes WHERE object_id = object_id('dbo.LMS_TBL_TMX_ACTIVITY_STG_CURR') AND NAME ='INDXC_LMS_TB
Mar 11 2025 11:20PM,ctsazpdmincapps2.b96303a221dc.database.windows.net,CentralRepository,IF NOT EXISTS(SELECT 1 FROM sys.indexes WHERE object_id = object_id('dbo.LMS_TBL_TMX_ACTIVITY_STG_CURR') AND NAME ='INDXC_LMS_TB
Mar 11 2025 11:20PM,ctsazpdmincapps2.b96303a221dc.database.windows.net,CentralRepository,IF NOT EXISTS(SELECT 1 FROM sys.indexes WHERE object_id = object_id('dbo.LMS_TBL_TMX_ACTIVITY_STG_CURR') AND NAME ='INDXC_LMS_TB
Mar 11 2025 11:20PM,ctsazpdmincapps2.b96303a221dc.database.windows.net,CentralRepository,IF NOT EXISTS(SELECT 1 FROM sys.indexes WHERE object_id = object_id('dbo.LMS_TBL_TMX_ACTIVITY_STG_CURR') AND NAME ='LMS_TBL_TMX_
Mar 11 2025 11:20PM,ctsazpdmincapps2.b96303a221dc.database.windows.net,CentralRepository,IF NOT EXISTS(SELECT 1 FROM sys.indexes WHERE object_id = object_id('dbo.LMS_TBL_TMX_ACTIVITY_STG_CURR') AND NAME ='LMS_TBL_TMX_
Mar 11 2025 11:20PM,ctsazpdmincapps2.b96303a221dc.database.windows.net,CentralRepository,IF NOT EXISTS(SELECT 1 FROM sys.indexes WHERE object_id = object_id('dbo.LMS_TBL_TMX_ACTIVITY_STG_CURR') AND NAME ='IX_LMS_TBL_T
Mar 11 2025 11:20PM,ctsazpdmincapps2.b96303a221dc.database.windows.net,CentralRepository,IF NOT EXISTS(SELECT 1 FROM sys.indexes WHERE object_id = object_id('dbo.LMS_TBL_TMX_ACTIVITY_STG_CURR') AND NAME ='LMS_TBL_TMX_
Mar 11 2025 11:20PM,ctsazpdmincapps2.b96303a221dc.database.windows.net,CentralRepository,IF NOT EXISTS(SELECT 1 FROM sys.indexes WHERE object_id = object_id('dbo.CentralRepository_RMG_ResourceRequest_MIG') AND NAME ='
Mar 11 2025 11:20PM,ctsazpdmincapps2.b96303a221dc.database.windows.net,CentralRepository,IF NOT EXISTS(SELECT 1 FROM sys.indexes WHERE object_id = object_id('dbo.CentralRepository_RMG_ResourceRequest_MIG') AND NAME ='
Mar 11 2025 11:20PM,ctsazpdmincapps2.b96303a221dc.database.windows.net,CentralRepository,IF NOT EXISTS(SELECT 1 FROM sys.indexes WHERE object_id = object_id('dbo.CentralRepository_RMG_ResourceRequest_MIG') AND NAME ='
Mar 11 2025 11:20PM,ctsazpdmincapps2.b96303a221dc.database.windows.net,CentralRepository,IF NOT EXISTS(SELECT 1 FROM sys.indexes WHERE object_id = object_id('dbo.CentralRepository_DepartmentVerticalMapping_EDS') AND N
Mar 11 2025 11:20PM,ctsazpdmincapps2.b96303a221dc.database.windows.net,CentralRepository,IF NOT EXISTS(SELECT 1 FROM sys.indexes WHERE object_id = object_id('dbo.LMS_TBL_TMX_ATTEMPT_STG_CURR') AND NAME ='IX_LMS_TBL_TM
Mar 11 2025 11:20PM,ctsazpdmincapps2.b96303a221dc.database.windows.net,CentralRepository,IF NOT EXISTS(SELECT 1 FROM sys.indexes WHERE object_id = object_id('dbo.LMS_TBL_TMX_ATTEMPT_STG_CURR') AND NAME ='IX_LMS_TBL_TM
Mar 11 2025 11:20PM,ctsazpdmincapps2.b96303a221dc.database.windows.net,CentralRepository,IF NOT EXISTS(SELECT 1 FROM sys.indexes WHERE object_id = object_id('dbo.LMS_TBL_TMX_ATTEMPT_STG_CURR') AND NAME ='IX_LMS_TBL_TM
Mar 11 2025 11:20PM,ctsazpdmincapps2.b96303a221dc.database.windows.net,CentralRepository,IF NOT EXISTS(SELECT 1 FROM sys.indexes WHERE object_id = object_id('dbo.LMS_TBL_TMX_ATTEMPT_STG_CURR') AND NAME ='INDXC_LMS_TBL
Mar 11 2025 11:20PM,ctsazpdmincapps2.b96303a221dc.database.windows.net,CentralRepository,IF NOT EXISTS(SELECT 1 FROM sys.indexes WHERE object_id = object_id('dbo.CentralRepository_ESA_Allocation_MIG') AND NAME ='IX_Ce
Mar 11 2025 11:20PM,ctsazpdmincapps2.b96303a221dc.database.windows.net,CentralRepository,IF NOT EXISTS(SELECT 1 FROM sys.indexes WHERE object_id = object_id('dbo.LMS_TBL_TMX_ATTEMPT_STG_CURR') AND NAME ='INDXC_LMS_TBL
Mar 11 2025 11:20PM,ctsazpdmincapps2.b96303a221dc.database.windows.net,CentralRepository,IF NOT EXISTS(SELECT 1 FROM sys.indexes WHERE object_id = object_id('dbo.LMS_TBL_TMX_ATTEMPT_STG_CURR') AND NAME ='INDXC_LMS_TBL
Mar 11 2025 11:20PM,ctsazpdmincapps2.b96303a221dc.database.windows.net,CentralRepository,IF NOT EXISTS(SELECT 1 FROM sys.indexes WHERE object_id = object_id('dbo.LMS_TBL_TMX_ATTEMPT_STG_CURR') AND NAME ='INDXC_LMS_TBL
Mar 11 2025 11:20PM,ctsazpdmincapps2.b96303a221dc.database.windows.net,CentralRepository,IF NOT EXISTS(SELECT 1 FROM sys.indexes WHERE object_id = object_id('dbo.CentralRepository_GSMS_AssociateSeatInfo_MIG') AND NAME
Mar 11 2025 11:20PM,ctsazpdmincapps2.b96303a221dc.database.windows.net,CentralRepository,IF NOT EXISTS(SELECT 1 FROM sys.indexes WHERE object_id = object_id('dbo.CentralRepository_GSMS_AssociateSeatInfo_MIG') AND NAME
Mar 11 2025 11:20PM,ctsazpdmincapps2.b96303a221dc.database.windows.net,CentralRepository,IF NOT EXISTS(SELECT 1 FROM sys.indexes WHERE object_id = object_id('dbo.LMS_STG_STARRATING_ACTIVITYEMP_STG_CURR') AND NAME ='IX
Mar 11 2025 11:20PM,ctsazpdmincapps2.b96303a221dc.database.windows.net,CentralRepository,IF NOT EXISTS(SELECT 1 FROM sys.indexes WHERE object_id = object_id('dbo.CentralRepository_ESA_Allocation_MIG') AND NAME ='IXNC_
Mar 11 2025 11:20PM,ctsazpdmincapps2.b96303a221dc.database.windows.net,CentralRepository,IF NOT EXISTS(SELECT 1 FROM sys.indexes WHERE object_id = object_id('dbo.CentralRepository_ESA_Allocation_MIG') AND NAME ='IXNC_
Mar 11 2025 11:20PM,ctsazpdmincapps2.b96303a221dc.database.windows.net,CentralRepository,IF NOT EXISTS(SELECT 1 FROM sys.indexes WHERE object_id = object_id('dbo.CentralRepository_ESA_Allocation_MIG') AND NAME ='INDXC
Mar 11 2025 11:20PM,ctsazpdmincapps2.b96303a221dc.database.windows.net,CentralRepository,IF NOT EXISTS(SELECT 1 FROM sys.indexes WHERE object_id = object_id('dbo.CentralRepository_ESA_Allocation_MIG') AND NAME ='INDXC
Mar 11 2025 11:20PM,ctsazpdmincapps2.b96303a221dc.database.windows.net,CentralRepository,IF NOT EXISTS(SELECT 1 FROM sys.indexes WHERE object_id = object_id('dbo.CentralRepository_ESA_Allocation_MIG') AND NAME ='IX_Ce
Mar 11 2025 11:20PM,ctsazpdmincapps2.b96303a221dc.database.windows.net,CentralRepository,IF NOT EXISTS(SELECT 1 FROM sys.indexes WHERE object_id = object_id('dbo.CentralRepository_ESA_Allocation_MIG') AND NAME ='IXNC_
Mar 11 2025 11:20PM,ctsazpdmincapps2.b96303a221dc.database.windows.net,CentralRepository,IF NOT EXISTS(SELECT 1 FROM sys.indexes WHERE object_id = object_id('dbo.CentralRepository_ESA_Allocation_MIG') AND NAME ='IXNC_
Mar 11 2025 11:20PM,ctsazpdmincapps2.b96303a221dc.database.windows.net,CentralRepository,IF NOT EXISTS(SELECT 1 FROM sys.indexes WHERE object_id = object_id('dbo.CentralRepository_ESA_Allocation_MIG') AND NAME ='IXNC_
Mar 11 2025 11:20PM,ctsazpdmincapps2.b96303a221dc.database.windows.net,CentralRepository,IF NOT EXISTS(SELECT 1 FROM sys.indexes WHERE object_id = object_id('dbo.CentralRepository_ESA_Allocation_MIG') AND NAME ='IXNC_
Mar 11 2025 11:20PM,ctsazpdmincapps2.b96303a221dc.database.windows.net,CentralRepository,IF NOT EXISTS(SELECT 1 FROM sys.indexes WHERE object_id = object_id('dbo.CentralRepository_ESA_Allocation_MIG') AND NAME ='IXNC_
Mar 11 2025 11:20PM,ctsazpdmincapps2.b96303a221dc.database.windows.net,CentralRepository,IF NOT EXISTS(SELECT 1 FROM sys.indexes WHERE object_id = object_id('dbo.CentralRepository_ESA_Allocation_MIG') AND NAME ='IXNC_
Mar 11 2025 11:20PM,ctsazpdmincapps2.b96303a221dc.database.windows.net,CentralRepository,IF NOT EXISTS(SELECT 1 FROM sys.indexes WHERE object_id = object_id('dbo.CentralRepository_ESA_Allocation_MIG') AND NAME ='IX_Ce
Mar 11 2025 11:20PM,ctsazpdmincapps2.b96303a221dc.database.windows.net,CentralRepository,IF NOT EXISTS(SELECT 1 FROM sys.indexes WHERE object_id = object_id('dbo.CentralRepository_ESA_Allocation_MIG') AND NAME ='IX_Ce
Mar 11 2025 11:20PM,ctsazpdmincapps2.b96303a221dc.database.windows.net,CentralRepository,IF NOT EXISTS(SELECT 1 FROM sys.indexes WHERE object_id = object_id('dbo.CentralRepository_ESA_Allocation_MIG') AND NAME ='INDXC
Mar 11 2025 11:20PM,ctsazpdmincapps2.b96303a221dc.database.windows.net,CentralRepository,IF NOT EXISTS(SELECT 1 FROM sys.indexes WHERE object_id = object_id('dbo.LMS_STG_TopicWiseScoreDetails_STG_CURR') AND NAME ='IX_
Mar 11 2025 11:20PM,ctsazpdmincapps2.b96303a221dc.database.windows.net,CentralRepository,IF NOT EXISTS(SELECT 1 FROM sys.indexes WHERE object_id = object_id('dbo.CentralRepository_Associate_Details_MIG') AND NAME ='IX
Mar 11 2025 11:20PM,ctsazpdmincapps2.b96303a221dc.database.windows.net,CentralRepository,IF NOT EXISTS(SELECT 1 FROM sys.indexes WHERE object_id = object_id('dbo.CentralRepository_Associate_Details_MIG') AND NAME ='IX
Mar 11 2025 11:20PM,ctsazpdmincapps2.b96303a221dc.database.windows.net,CentralRepository,IF NOT EXISTS(SELECT 1 FROM sys.indexes WHERE object_id = object_id('dbo.CentralRepository_Associate_Details_MIG') AND NAME ='As
Mar 11 2025 11:20PM,ctsazpdmincapps2.b96303a221dc.database.windows.net,CentralRepository,IF NOT EXISTS(SELECT 1 FROM sys.indexes WHERE object_id = object_id('dbo.CentralRepository_Associate_Details_MIG') AND NAME ='As
Mar 11 2025 11:20PM,ctsazpdmincapps2.b96303a221dc.database.windows.net,CentralRepository,IF NOT EXISTS(SELECT 1 FROM sys.indexes WHERE object_id = object_id('dbo.CentralRepository_Associate_Details_MIG') AND NAME ='ID
Mar 11 2025 11:20PM,ctsazpdmincapps2.b96303a221dc.database.windows.net,CentralRepository,IF NOT EXISTS(SELECT 1 FROM sys.indexes WHERE object_id = object_id('dbo.CentralRepository_Associate_Details_MIG') AND NAME ='IX
Mar 11 2025 11:20PM,ctsazpdmincapps2.b96303a221dc.database.windows.net,CentralRepository,IF NOT EXISTS(SELECT 1 FROM sys.indexes WHERE object_id = object_id('dbo.CentralRepository_Associate_Details_MIG') AND NAME ='IX
Mar 11 2025 11:20PM,ctsazpdmincapps2.b96303a221dc.database.windows.net,CentralRepository,IF NOT EXISTS(SELECT 1 FROM sys.indexes WHERE object_id = object_id('dbo.CentralRepository_Associate_Details_MIG') AND NAME ='IX
Mar 11 2025 11:20PM,ctsazpdmincapps2.b96303a221dc.database.windows.net,CentralRepository,IF NOT EXISTS(SELECT 1 FROM sys.indexes WHERE object_id = object_id('dbo.CentralRepository_Associate_Details_MIG') AND NAME ='IX
Mar 11 2025 11:20PM,ctsazpdmincapps2.b96303a221dc.database.windows.net,CentralRepository,IF NOT EXISTS(SELECT 1 FROM sys.indexes WHERE object_id = object_id('dbo.CentralRepository_Associate_Details_MIG') AND NAME ='IX
Mar 11 2025 11:20PM,ctsazpdmincapps2.b96303a221dc.database.windows.net,CentralRepository,IF NOT EXISTS(SELECT 1 FROM sys.indexes WHERE object_id = object_id('dbo.CentralRepository_Associate_Details_MIG') AND NAME ='IX
Mar 11 2025 11:20PM,ctsazpdmincapps2.b96303a221dc.database.windows.net,CentralRepository,IF NOT EXISTS(SELECT 1 FROM sys.indexes WHERE object_id = object_id('dbo.CentralRepository_Associate_Details_MIG') AND NAME ='IX
Mar 11 2025 11:20PM,ctsazpdmincapps2.b96303a221dc.database.windows.net,CentralRepository,IF NOT EXISTS(SELECT 1 FROM sys.indexes WHERE object_id = object_id('dbo.CentralRepository_Associate_Details_MIG') AND NAME ='IX
Mar 11 2025 11:20PM,ctsazpdmincapps2.b96303a221dc.database.windows.net,CentralRepository,IF NOT EXISTS(SELECT 1 FROM sys.indexes WHERE object_id = object_id('dbo.CentralRepository_Associate_Details_MIG') AND NAME ='IX
Mar 11 2025 11:20PM,ctsazpdmincapps2.b96303a221dc.database.windows.net,CentralRepository,IF NOT EXISTS(SELECT 1 FROM sys.indexes WHERE object_id = object_id('dbo.CentralRepository_Associate_Details_MIG') AND NAME ='IX
Mar 11 2025 11:20PM,ctsazpdmincapps2.b96303a221dc.database.windows.net,CentralRepository,IF NOT EXISTS(SELECT 1 FROM sys.indexes WHERE object_id = object_id('dbo.CentralRepository_Associate_Details_MIG') AND NAME ='IX
Mar 11 2025 11:20PM,ctsazpdmincapps2.b96303a221dc.database.windows.net,CentralRepository,IF NOT EXISTS(SELECT 1 FROM sys.indexes WHERE object_id = object_id('dbo.CentralRepository_Associate_Details_MIG') AND NAME ='IX
Mar 11 2025 11:20PM,ctsazpdmincapps2.b96303a221dc.database.windows.net,CentralRepository,IF NOT EXISTS(SELECT 1 FROM sys.indexes WHERE object_id = object_id('dbo.LMS_TBL_TAX_ITEM_STG_CURR') AND NAME ='IX_LMS_TBL_TAX_I
Mar 11 2025 11:20PM,ctsazpdmincapps2.b96303a221dc.database.windows.net,CentralRepository,IF NOT EXISTS(SELECT 1 FROM sys.indexes WHERE object_id = object_id('dbo.CentralRepository_JOB_Reference_MIG') AND NAME ='IX_Cen
Mar 11 2025 11:20PM,ctsazpdmincapps2.b96303a221dc.database.windows.net,CentralRepository,IF NOT EXISTS(SELECT 1 FROM sys.indexes WHERE object_id = object_id('dbo.CentralRepository_JOB_Reference_MIG') AND NAME ='IX_Cen
Mar 11 2025 11:20PM,ctsazpdmincapps2.b96303a221dc.database.windows.net,CentralRepository,IF NOT EXISTS(SELECT 1 FROM sys.indexes WHERE object_id = object_id('dbo.CentralRepository_JOB_Reference_MIG') AND NAME ='IX_Cen
Mar 11 2025 11:20PM,ctsazpdmincapps2.b96303a221dc.database.windows.net,CentralRepository,IF NOT EXISTS(SELECT 1 FROM sys.indexes WHERE object_id = object_id('dbo.CentralRepository_JOB_Reference_MIG') AND NAME ='IXNC_C
Mar 11 2025 11:20PM,ctsazpdmincapps2.b96303a221dc.database.windows.net,CentralRepository,IF NOT EXISTS(SELECT 1 FROM sys.indexes WHERE object_id = object_id('dbo.CentralRepository_JOB_Reference_MIG') AND NAME ='IXNC_C
Mar 11 2025 11:20PM,ctsazpdmincapps2.b96303a221dc.database.windows.net,CentralRepository,IF NOT EXISTS(SELECT 1 FROM sys.indexes WHERE object_id = object_id('dbo.CentralRepository_JOB_Reference_MIG') AND NAME ='IXNC_C
Mar 11 2025 11:20PM,ctsazpdmincapps2.b96303a221dc.database.windows.net,CentralRepository,IF NOT EXISTS(SELECT 1 FROM sys.indexes WHERE object_id = object_id('dbo.CentralRepository_JOB_Reference_MIG') AND NAME ='IXNC_C
Mar 11 2025 11:20PM,ctsazpdmincapps2.b96303a221dc.database.windows.net,CentralRepository,IF NOT EXISTS(SELECT 1 FROM sys.indexes WHERE object_id = object_id('dbo.LM_vw_LocationMaster_STG_CURR') AND NAME ='IX_LM_VW_LOC
Mar 11 2025 11:20PM,ctsazpdmincapps2.b96303a221dc.database.windows.net,CentralRepository,IF NOT EXISTS(SELECT 1 FROM sys.indexes WHERE object_id = object_id('dbo.LM_vw_LocationMaster_STG_CURR') AND NAME ='IX_LM_VW_LOC
Mar 11 2025 11:20PM,ctsazpdmincapps2.b96303a221dc.database.windows.net,CentralRepository,IF NOT EXISTS(SELECT 1 FROM sys.indexes WHERE object_id = object_id('dbo.LMS_TBL_TMX_DATASETUSERS_STG_CURR') AND NAME ='IX_LMS_T
Mar 11 2025 11:20PM,ctsazpdmincapps2.b96303a221dc.database.windows.net,CentralRepository,IF NOT EXISTS(SELECT 1 FROM sys.indexes WHERE object_id = object_id('dbo.LMS_TBL_TMX_ACTAUD_STG_CURR') AND NAME ='LMS_TBL_TMX_AC
Mar 11 2025 11:20PM,ctsazpdmincapps2.b96303a221dc.database.windows.net,CentralRepository,IF NOT EXISTS(SELECT 1 FROM sys.indexes WHERE object_id = object_id('dbo.ESA_PS_CTS_RM_RL_HSTRY_STG_CURR') AND NAME ='IXNC_ESA_P
Mar 11 2025 11:20PM,ctsazpdmincapps2.b96303a221dc.database.windows.net,CentralRepository,IF NOT EXISTS(SELECT 1 FROM sys.indexes WHERE object_id = object_id('dbo.ESA_PS_CTS_RM_RL_HSTRY_STG_CURR') AND NAME ='IXNC01_ESA
Mar 11 2025 11:20PM,ctsazpdmincapps2.b96303a221dc.database.windows.net,CentralRepository,IF NOT EXISTS(SELECT 1 FROM sys.indexes WHERE object_id = object_id('dbo.CentralRepository_RHMS_RoleDetails_MIG') AND NAME ='IX_
Mar 11 2025 11:20PM,ctsazpdmincapps2.b96303a221dc.database.windows.net,CentralRepository,IF NOT EXISTS(SELECT 1 FROM sys.indexes WHERE object_id = object_id('dbo.CentralRepository_RHMS_RoleDetails_MIG') AND NAME ='IX_
Mar 11 2025 11:20PM,ctsazpdmincapps2.b96303a221dc.database.windows.net,CentralRepository,IF NOT EXISTS(SELECT 1 FROM sys.indexes WHERE object_id = object_id('dbo.CentralRepository_RHMS_RoleDetails_MIG') AND NAME ='IX_
Mar 11 2025 11:20PM,ctsazpdmincapps2.b96303a221dc.database.windows.net,CentralRepository,IF NOT EXISTS(SELECT 1 FROM sys.indexes WHERE object_id = object_id('dbo.CentralRepository_RHMS_RoleDetails_MIG') AND NAME ='IX_
Mar 11 2025 11:20PM,ctsazpdmincapps2.b96303a221dc.database.windows.net,CentralRepository,IF NOT EXISTS(SELECT 1 FROM sys.indexes WHERE object_id = object_id('dbo.ESA_PS_PROJECT_MGR_STG_CURR') AND NAME ='IX_EDS_CURR_ST
Mar 11 2025 11:20PM,ctsazpdmincapps2.b96303a221dc.database.windows.net,CentralRepository,IF NOT EXISTS(SELECT 1 FROM sys.indexes WHERE object_id = object_id('dbo.ESA_PS_PROJECT_MGR_STG_CURR') AND NAME ='IX2_ESA_PS_PRO
Mar 11 2025 11:20PM,ctsazpdmincapps2.b96303a221dc.database.windows.net,CentralRepository,IF NOT EXISTS(SELECT 1 FROM sys.indexes WHERE object_id = object_id('dbo.ESA_PS_PROJECT_MGR_STG_CURR') AND NAME ='IX3_ESA_PS_PRO
Mar 11 2025 11:20PM,ctsazpdmincapps2.b96303a221dc.database.windows.net,CentralRepository,IF NOT EXISTS(SELECT 1 FROM sys.indexes WHERE object_id = object_id('dbo.ESA_PS_PROJECT_MGR_STG_CURR') AND NAME ='IX1_ESA_PS_PRO
Mar 11 2025 11:20PM,ctsazpdmincapps2.b96303a221dc.database.windows.net,CentralRepository,IF NOT EXISTS(SELECT 1 FROM sys.indexes WHERE object_id = object_id('dbo.ESA_PS_PROJECT_MGR_STG_CURR') AND NAME ='IX_ESA_PS_PROJ
Mar 11 2025 11:20PM,ctsazpdmincapps2.b96303a221dc.database.windows.net,CentralRepository,IF NOT EXISTS(SELECT 1 FROM sys.indexes WHERE object_id = object_id('dbo.ESA_PS_PROJECT_MGR_STG_CURR') AND NAME ='IX_ESA_PS_PROJ
Mar 11 2025 11:20PM,ctsazpdmincapps2.b96303a221dc.database.windows.net,CentralRepository,IF NOT EXISTS(SELECT 1 FROM sys.indexes WHERE object_id = object_id('dbo.LMS_TBL_TMX_REGTRANSASSOCIATION_STG_CURR') AND NAME ='I
Mar 11 2025 11:20PM,ctsazpdmincapps2.b96303a221dc.database.windows.net,CentralRepository,IF NOT EXISTS(SELECT 1 FROM sys.indexes WHERE object_id = object_id('dbo.MSreplication_subscriptions') AND NAME ='uc1MSReplicati
Mar 11 2025 11:20PM,ctsazpdmincapps2.b96303a221dc.database.windows.net,CentralRepository,IF NOT EXISTS(SELECT 1 FROM sys.indexes WHERE object_id = object_id('dbo.MSsubscription_agents') AND NAME ='ucMSsubscription_age
Mar 11 2025 11:20PM,ctsazpdmincapps2.b96303a221dc.database.windows.net,CentralRepository,IF NOT EXISTS(SELECT 1 FROM sys.indexes WHERE object_id = object_id('dbo.MSsubscription_agents') AND NAME ='ucMSsubscription_age
Mar 11 2025 11:20PM,ctsazpdmincapps2.b96303a221dc.database.windows.net,CentralRepository,IF NOT EXISTS(SELECT 1 FROM sys.indexes WHERE object_id = object_id('dbo.HCM_PF_Associate_Skills_STG_CURR') AND NAME ='INDXC_HCM
Mar 11 2025 11:20PM,ctsazpdmincapps2.b96303a221dc.database.windows.net,CentralRepository,IF NOT EXISTS(SELECT 1 FROM sys.indexes WHERE object_id = object_id('dbo.cca_rdp_st_ld_report_vw_skillup_STG_CURR_CRS') AND NAME
Mar 11 2025 11:20PM,ctsazpdmincapps2.b96303a221dc.database.windows.net,CentralRepository,IF NOT EXISTS(SELECT 1 FROM sys.indexes WHERE object_id = object_id('dbo.HCM_PS_JPM_CAT_ITEMS_STG_CURR') AND NAME ='IX_HCM_PS_JP
Mar 11 2025 11:20PM,ctsazpdmincapps2.b96303a221dc.database.windows.net,CentralRepository,IF NOT EXISTS(SELECT 1 FROM sys.indexes WHERE object_id = object_id('dbo.HCM_PS_JPM_CAT_ITEMS_STG_CURR') AND NAME ='IX1_HCM_PS_J
Mar 11 2025 11:20PM,ctsazpdmincapps2.b96303a221dc.database.windows.net,CentralRepository,IF NOT EXISTS(SELECT 1 FROM sys.indexes WHERE object_id = object_id('dbo.HCM_PS_JPM_CAT_ITEMS_STG_CURR') AND NAME ='IX2_HCM_PS_J
Mar 11 2025 11:20PM,ctsazpdmincapps2.b96303a221dc.database.windows.net,CentralRepository,IF NOT EXISTS(SELECT 1 FROM sys.indexes WHERE object_id = object_id('dbo.HCM_PS_JPM_CAT_ITEMS_STG_CURR') AND NAME ='IX_HCM_PS_JP
Mar 11 2025 11:20PM,ctsazpdmincapps2.b96303a221dc.database.windows.net,CentralRepository,IF NOT EXISTS(SELECT 1 FROM sys.indexes WHERE object_id = object_id('dbo.HCM_PS_JPM_CAT_ITEMS_STG_CURR') AND NAME ='HCM_PS_JPM_C
Mar 11 2025 11:20PM,ctsazpdmincapps2.b96303a221dc.database.windows.net,CentralRepository,IF NOT EXISTS(SELECT 1 FROM sys.indexes WHERE object_id = object_id('dbo.LMS_REGISTRATIONOFFERINGTEMPLATE_STG_CURR') AND NAME ='
Mar 11 2025 11:20PM,ctsazpdmincapps2.b96303a221dc.database.windows.net,CentralRepository,IF NOT EXISTS(SELECT 1 FROM sys.indexes WHERE object_id = object_id('dbo.HCM_PS_DEPT_TBL_STG_CURR') AND NAME ='IX_HCM_PS_DEPT_TB
Mar 11 2025 11:20PM,ctsazpdmincapps2.b96303a221dc.database.windows.net,CentralRepository,IF NOT EXISTS(SELECT 1 FROM sys.indexes WHERE object_id = object_id('dbo.HCM_PS_DEPT_TBL_STG_CURR') AND NAME ='INXC_HCM_PS_DEPT_
Mar 11 2025 11:20PM,ctsazpdmincapps2.b96303a221dc.database.windows.net,CentralRepository,IF NOT EXISTS(SELECT 1 FROM sys.indexes WHERE object_id = object_id('dbo.HCM_PS_DEPT_TBL_STG_CURR') AND NAME ='IXNC_HCM_PS_DEPT_
Mar 11 2025 11:20PM,ctsazpdmincapps2.b96303a221dc.database.windows.net,CentralRepository,IF NOT EXISTS(SELECT 1 FROM sys.indexes WHERE object_id = object_id('dbo.sysdiagrams') AND NAME ='UK_principal_name') CREATE UNI
Mar 11 2025 11:20PM,ctsazpdmincapps2.b96303a221dc.database.windows.net,CentralRepository,IF NOT EXISTS(SELECT 1 FROM sys.indexes WHERE object_id = object_id('dbo.SFDC_Account_STG_CURR') AND NAME ='IX_SFDC_Account_STG_
Mar 11 2025 11:20PM,ctsazpdmincapps2.b96303a221dc.database.windows.net,CentralRepository,IF NOT EXISTS(SELECT 1 FROM sys.indexes WHERE object_id = object_id('dbo.SFDC_Account_STG_CURR') AND NAME ='IX_SFDC_Account_STG_
Mar 11 2025 11:20PM,ctsazpdmincapps2.b96303a221dc.database.windows.net,CentralRepository,IF NOT EXISTS(SELECT 1 FROM sys.indexes WHERE object_id = object_id('dbo.SFDC_Account_STG_CURR') AND NAME ='SFDC_Account_STG_CUR
Mar 11 2025 11:20PM,ctsazpdmincapps2.b96303a221dc.database.windows.net,CentralRepository,IF NOT EXISTS(SELECT 1 FROM sys.indexes WHERE object_id = object_id('dbo.HCM_PS_JOB_TASK_TBL_STG_CURR') AND NAME ='IX_HCM_PS_JOB
Mar 11 2025 11:20PM,ctsazpdmincapps2.b96303a221dc.database.windows.net,CentralRepository,IF NOT EXISTS(SELECT 1 FROM sys.indexes WHERE object_id = object_id('dbo.HCM_PS_JOB_TASK_TBL_STG_CURR') AND NAME ='IX_HCM_PS_JOB
Mar 11 2025 11:20PM,ctsazpdmincapps2.b96303a221dc.database.windows.net,CentralRepository,IF NOT EXISTS(SELECT 1 FROM sys.indexes WHERE object_id = object_id('dbo.LMS_TBL_TMX_RULESETAUD_STG_CURR') AND NAME ='IX_LMS_TBL
Mar 11 2025 11:20PM,ctsazpdmincapps2.b96303a221dc.database.windows.net,CentralRepository,IF NOT EXISTS(SELECT 1 FROM sys.indexes WHERE object_id = object_id('dbo.CentralRepository_Associate_Skills_MIG') AND NAME ='IX_
Mar 11 2025 11:20PM,ctsazpdmincapps2.b96303a221dc.database.windows.net,CentralRepository,IF NOT EXISTS(SELECT 1 FROM sys.indexes WHERE object_id = object_id('dbo.CentralRepository_HCM_RoleAttributes_MIG') AND NAME ='I
Mar 11 2025 11:20PM,ctsazpdmincapps2.b96303a221dc.database.windows.net,CentralRepository,IF NOT EXISTS(SELECT 1 FROM sys.indexes WHERE object_id = object_id('dbo.CentralRepository_HCM_RoleAttributes_MIG') AND NAME ='I
Mar 11 2025 11:20PM,ctsazpdmincapps2.b96303a221dc.database.windows.net,CentralRepository,IF NOT EXISTS(SELECT 1 FROM sys.indexes WHERE object_id = object_id('dbo.CentralRepository_HCM_RoleAttributes_MIG') AND NAME ='I
Mar 11 2025 11:20PM,ctsazpdmincapps2.b96303a221dc.database.windows.net,CentralRepository,IF NOT EXISTS(SELECT 1 FROM sys.indexes WHERE object_id = object_id('dbo.LMS_ORGANIZATION_STG_CURR') AND NAME ='IX_LMS_ORGANIZAT
Mar 11 2025 11:20PM,ctsazpdmincapps2.b96303a221dc.database.windows.net,CentralRepository,IF NOT EXISTS(SELECT 1 FROM sys.indexes WHERE object_id = object_id('dbo.LMS_ORGANIZATION_STG_CURR') AND NAME ='IX_LMS_ORGANIZAT
Mar 11 2025 11:20PM,ctsazpdmincapps2.b96303a221dc.database.windows.net,CentralRepository,IF NOT EXISTS(SELECT 1 FROM sys.indexes WHERE object_id = object_id('dbo.LMS_ORGANIZATION_STG_CURR') AND NAME ='IX_LMS_ORGANIZAT
Mar 11 2025 11:20PM,ctsazpdmincapps2.b96303a221dc.database.windows.net,CentralRepository,IF NOT EXISTS(SELECT 1 FROM sys.indexes WHERE object_id = object_id('dbo.LMS_ORGANIZATION_STG_CURR') AND NAME ='LMS_ORGANIZATION
Mar 11 2025 11:20PM,ctsazpdmincapps2.b96303a221dc.database.windows.net,CentralRepository,IF NOT EXISTS(SELECT 1 FROM sys.indexes WHERE object_id = object_id('dbo.MSreplication_objects') AND NAME ='ucMSreplication_obje
Mar 11 2025 11:20PM,ctsazpdmincapps2.b96303a221dc.database.windows.net,CentralRepository,IF NOT EXISTS(SELECT 1 FROM sys.indexes WHERE object_id = object_id('dbo.MSsnapshotdeliveryprogress') AND NAME ='ci_MSsnapshotde
Mar 11 2025 11:20PM,ctsazpdmincapps2.b96303a221dc.database.windows.net,CentralRepository,IF NOT EXISTS(SELECT 1 FROM sys.indexes WHERE object_id = object_id('dbo.MSsnapshotdeliveryprogress') AND NAME ='nci_MSsnapshotd
Mar 11 2025 11:20PM,ctsazpdmincapps2.b96303a221dc.database.windows.net,CentralRepository,IF NOT EXISTS(SELECT 1 FROM sys.indexes WHERE object_id = object_id('dbo.CentralRepository_Jobtask_MIG') AND NAME ='JobTask_NonC
Mar 11 2025 11:20PM,ctsazpdmincapps2.b96303a221dc.database.windows.net,CentralRepository,IF NOT EXISTS(SELECT 1 FROM sys.indexes WHERE object_id = object_id('dbo.MSsavedforeignkeys') AND NAME ='ci_MSsavedforeignkeys')
Mar 11 2025 11:20PM,ctsazpdmincapps2.b96303a221dc.database.windows.net,CentralRepository,IF NOT EXISTS(SELECT 1 FROM sys.indexes WHERE object_id = object_id('dbo.MSsavedforeignkeys') AND NAME ='nci_MSsavedforeignkeys_
Mar 11 2025 11:20PM,ctsazpdmincapps2.b96303a221dc.database.windows.net,CentralRepository,IF NOT EXISTS(SELECT 1 FROM sys.indexes WHERE object_id = object_id('dbo.MSsavedforeignkeycolumns') AND NAME ='ci_MSsavedforeign
Mar 11 2025 11:20PM,ctsazpdmincapps2.b96303a221dc.database.windows.net,CentralRepository,IF NOT EXISTS(SELECT 1 FROM sys.indexes WHERE object_id = object_id('dbo.MSsavedforeignkeycolumns') AND NAME ='nci_MSsavedforeig
Mar 11 2025 11:20PM,ctsazpdmincapps2.b96303a221dc.database.windows.net,CentralRepository,IF NOT EXISTS(SELECT 1 FROM sys.indexes WHERE object_id = object_id('dbo.MSsavedforeignkeyextendedproperties') AND NAME ='ci_MSs
Mar 11 2025 11:20PM,ctsazpdmincapps2.b96303a221dc.database.windows.net,CentralRepository,IF NOT EXISTS(SELECT 1 FROM sys.indexes WHERE object_id = object_id('dbo.MSsavedforeignkeyextendedproperties') AND NAME ='nci_MS
Mar 11 2025 11:20PM,ctsazpdmincapps2.b96303a221dc.database.windows.net,CentralRepository,IF NOT EXISTS(SELECT 1 FROM sys.indexes WHERE object_id = object_id('dbo.CentralRepository_JobFamilyMaster_MIG') AND NAME ='IX_C
Mar 11 2025 11:20PM,ctsazpdmincapps2.b96303a221dc.database.windows.net,CentralRepository,IF NOT EXISTS(SELECT 1 FROM sys.indexes WHERE object_id = object_id('dbo.HCM_PS_CM_ROLE_COMPS_STG_CURR') AND NAME ='IX_HCM_PS_CM
Mar 11 2025 11:20PM,ctsazpdmincapps2.b96303a221dc.database.windows.net,CentralRepository,IF NOT EXISTS(SELECT 1 FROM sys.indexes WHERE object_id = object_id('dbo.CentralRepository_Project_MIG') AND NAME ='IX_CentralRe
Mar 11 2025 11:20PM,ctsazsimiptm.inso1a101c37461fa.database.windows.net,CentralRepository,IF NOT EXISTS(SELECT 1 FROM sys.indexes WHERE object_id = object_id('dbo.CentralRepository_RHMS_RoleDetails_MIG') AND NAME ='IXN
Mar 11 2025 11:20PM,ctsazsimiptm.inso1a101c37461fa.database.windows.net,CentralRepository,IF NOT EXISTS(SELECT 1 FROM sys.indexes WHERE object_id = object_id('dbo.CentralRepository_Jobtask_MIG') AND NAME ='INDXC_Centra
Mar 11 2025 11:20PM,ctsazsimiptm.inso1a101c37461fa.database.windows.net,CentralRepository,IF NOT EXISTS(SELECT 1 FROM sys.indexes WHERE object_id = object_id('dbo.CentralRepository_Jobtask_MIG') AND NAME ='INDXC_Centra
Mar 11 2025 11:20PM,ctsazsimiptm.inso1a101c37461fa.database.windows.net,CentralRepository,IF NOT EXISTS(SELECT 1 FROM sys.indexes WHERE object_id = object_id('dbo.CentralRepository_Jobtask_MIG') AND NAME ='INDXC_entral
Mar 11 2025 11:20PM,ctsazsimiptm.inso1a101c37461fa.database.windows.net,CentralRepository,IF NOT EXISTS(SELECT 1 FROM sys.indexes WHERE object_id = object_id('dbo.CentralRepository_Jobtask_MIG') AND NAME ='IXDXC_Centra
Mar 11 2025 11:20PM,ctsazsimiptm.inso1a101c37461fa.database.windows.net,CentralRepository,IF NOT EXISTS(SELECT 1 FROM sys.indexes WHERE object_id = object_id('dbo.CentralRepository_ESA_Allocation_MIG') AND NAME ='IXNC_
Mar 11 2025 11:20PM,ctsazsimiptm.inso1a101c37461fa.database.windows.net,CentralRepository,IF NOT EXISTS(SELECT 1 FROM sys.indexes WHERE object_id = object_id('dbo.CentralRepository_ESA_Allocation_MIG') AND NAME ='IXNC_
Mar 11 2025 11:20PM,ctsazsimiptm.inso1a101c37461fa.database.windows.net,CentralRepository,IF NOT EXISTS(SELECT 1 FROM sys.indexes WHERE object_id = object_id('dbo.CentralRepository_ESA_Allocation_MIG') AND NAME ='IXNC_
Mar 11 2025 11:20PM,ctsazsimiptm.inso1a101c37461fa.database.windows.net,CentralRepository,IF NOT EXISTS(SELECT 1 FROM sys.indexes WHERE object_id = object_id('dbo.CentralRepository_ESA_Allocation_MIG') AND NAME ='IXNC_
Mar 11 2025 11:20PM,ctsazsimiptm.inso1a101c37461fa.database.windows.net,CentralRepository,IF NOT EXISTS(SELECT 1 FROM sys.indexes WHERE object_id = object_id('dbo.CentralRepository_ESA_Allocation_MIG') AND NAME ='IXNC_
Mar 11 2025 11:20PM,ctsazsimiptm.inso1a101c37461fa.database.windows.net,CentralRepository,IF NOT EXISTS(SELECT 1 FROM sys.indexes WHERE object_id = object_id('dbo.CentralRepository_ESA_Allocation_MIG') AND NAME ='IXNC_
Mar 11 2025 11:20PM,ctsazsimiptm.inso1a101c37461fa.database.windows.net,CentralRepository,IF NOT EXISTS(SELECT 1 FROM sys.indexes WHERE object_id = object_id('dbo.CentralRepository_ESA_Allocation_MIG') AND NAME ='IXNC_
Mar 11 2025 11:20PM,ctsazsimiptm.inso1a101c37461fa.database.windows.net,CentralRepository,IF NOT EXISTS(SELECT 1 FROM sys.indexes WHERE object_id = object_id('dbo.CentralRepository_ESA_Allocation_MIG') AND NAME ='IXNC_
Mar 11 2025 11:20PM,ctsazsimiptm.inso1a101c37461fa.database.windows.net,CentralRepository,IF NOT EXISTS(SELECT 1 FROM sys.indexes WHERE object_id = object_id('dbo.CentralRepository_ESA_Allocation_MIG') AND NAME ='IXNC_
Mar 11 2025 11:20PM,ctsazsimiptm.inso1a101c37461fa.database.windows.net,CentralRepository,IF NOT EXISTS(SELECT 1 FROM sys.indexes WHERE object_id = object_id('dbo.CentralRepository_ESA_Allocation_MIG') AND NAME ='IXNC_
Mar 11 2025 11:20PM,ctsazsimiptm.inso1a101c37461fa.database.windows.net,CentralRepository,IF NOT EXISTS(SELECT 1 FROM sys.indexes WHERE object_id = object_id('dbo.CentralRepository_ESA_Allocation_MIG') AND NAME ='IXNC_
Mar 11 2025 11:20PM,ctsazsimiptm.inso1a101c37461fa.database.windows.net,CentralRepository,IF NOT EXISTS(SELECT 1 FROM sys.indexes WHERE object_id = object_id('dbo.CentralRepository_ESA_Allocation_MIG') AND NAME ='IXNC_
Mar 11 2025 11:20PM,ctsazsimiptm.inso1a101c37461fa.database.windows.net,CentralRepository,IF NOT EXISTS(SELECT 1 FROM sys.indexes WHERE object_id = object_id('dbo.CentralRepository_ESA_Allocation_MIG') AND NAME ='IXNC_
Mar 11 2025 11:20PM,ctsazsimiptm.inso1a101c37461fa.database.windows.net,CentralRepository,IF NOT EXISTS(SELECT 1 FROM sys.indexes WHERE object_id = object_id('dbo.CentralRepository_ESA_Allocation_MIG') AND NAME ='IXNC_
Mar 11 2025 11:20PM,ctsazsimiptm.inso1a101c37461fa.database.windows.net,CentralRepository,IF NOT EXISTS(SELECT 1 FROM sys.indexes WHERE object_id = object_id('dbo.CentralRepository_ESA_Allocation_MIG') AND NAME ='IXNC_
Mar 11 2025 11:20PM,ctsazsimiptm.inso1a101c37461fa.database.windows.net,CentralRepository,IF NOT EXISTS(SELECT 1 FROM sys.indexes WHERE object_id = object_id('dbo.CHIRE_REQUISITIONDETAILS_STG_CURR') AND NAME ='IXNC_CHI
Mar 11 2025 11:20PM,ctsazsimiptm.inso1a101c37461fa.database.windows.net,CentralRepository,IF NOT EXISTS(SELECT 1 FROM sys.indexes WHERE object_id = object_id('dbo.CHIRE_REQUISITIONDETAILS_STG_CURR') AND NAME ='IXNC_CHI
Mar 11 2025 11:20PM,ctsazsimiptm.inso1a101c37461fa.database.windows.net,CentralRepository,IF NOT EXISTS(SELECT 1 FROM sys.indexes WHERE object_id = object_id('dbo.CHIRE_REQUISITIONDETAILS_STG_CURR') AND NAME ='IXNC_CHI
Mar 11 2025 11:20PM,ctsazsimiptm.inso1a101c37461fa.database.windows.net,CentralRepository,IF NOT EXISTS(SELECT 1 FROM sys.indexes WHERE object_id = object_id('dbo.HCM_PS_JOBCODE_TBL_STG_CURR') AND NAME ='IXNC_HCM_PS_JO
Mar 11 2025 11:20PM,ctsazsimiptm.inso1a101c37461fa.database.windows.net,CentralRepository,IF NOT EXISTS(SELECT 1 FROM sys.indexes WHERE object_id = object_id('dbo.HCM_PS_JOBCODE_TBL_STG_CURR') AND NAME ='IXNC_HCM_PS_JO
Mar 11 2025 11:20PM,ctsazsimiptm.inso1a101c37461fa.database.windows.net,CentralRepository,IF NOT EXISTS(SELECT 1 FROM sys.indexes WHERE object_id = object_id('dbo.HCM_PS_JOBCODE_TBL_STG_CURR') AND NAME ='IXNC_HCM_PS_JO
Mar 11 2025 11:20PM,ctsazsimiptm.inso1a101c37461fa.database.windows.net,CentralRepository,IF NOT EXISTS(SELECT 1 FROM sys.indexes WHERE object_id = object_id('dbo.HCM_PS_JOBCODE_TBL_STG_CURR') AND NAME ='IXNC_HCM_PS_JO
Mar 11 2025 11:20PM,ctsazsimiptm.inso1a101c37461fa.database.windows.net,CentralRepository,IF NOT EXISTS(SELECT 1 FROM sys.indexes WHERE object_id = object_id('dbo.HCM_PS_JOBCODE_TBL_STG_CURR') AND NAME ='IXNC_HCM_PS_JO
Mar 11 2025 11:20PM,ctsazsimiptm.inso1a101c37461fa.database.windows.net,CentralRepository,IF NOT EXISTS(SELECT 1 FROM sys.indexes WHERE object_id = object_id('dbo.HCM_PS_JOBCODE_TBL_STG_CURR') AND NAME ='IXNC_HCM_PS_JO
Mar 11 2025 11:20PM,ctsazsimiptm.inso1a101c37461fa.database.windows.net,CentralRepository,IF NOT EXISTS(SELECT 1 FROM sys.indexes WHERE object_id = object_id('dbo.CentralRepository_Contacts_MIG') AND NAME ='IXNC_Centra
Mar 11 2025 11:20PM,ctsazsimiptm.inso1a101c37461fa.database.windows.net,CentralRepository,IF NOT EXISTS(SELECT 1 FROM sys.indexes WHERE object_id = object_id('dbo.CentralRepository_Contacts_MIG') AND NAME ='IXNC_Centra
Mar 11 2025 11:20PM,ctsazsimiptm.inso1a101c37461fa.database.windows.net,CentralRepository,IF NOT EXISTS(SELECT 1 FROM sys.indexes WHERE object_id = object_id('dbo.CentralRepository_JOB_Reference_MIG') AND NAME ='IXNC_C
Mar 11 2025 11:20PM,ctsazsimiptm.inso1a101c37461fa.database.windows.net,CentralRepository,IF NOT EXISTS(SELECT 1 FROM sys.indexes WHERE object_id = object_id('dbo.CentralRepository_JOB_Reference_MIG') AND NAME ='IXNC_C
Mar 11 2025 11:20PM,ctsazsimiptm.inso1a101c37461fa.database.windows.net,CentralRepository,IF NOT EXISTS(SELECT 1 FROM sys.indexes WHERE object_id = object_id('dbo.CentralRepository_JOB_Reference_MIG') AND NAME ='IXNC_C
Mar 11 2025 11:20PM,ctsazsimiptm.inso1a101c37461fa.database.windows.net,CentralRepository,IF NOT EXISTS(SELECT 1 FROM sys.indexes WHERE object_id = object_id('dbo.CentralRepository_JOB_Reference_MIG') AND NAME ='IXNC_C
Mar 11 2025 11:20PM,ctsazsimiptm.inso1a101c37461fa.database.windows.net,CentralRepository,IF NOT EXISTS(SELECT 1 FROM sys.indexes WHERE object_id = object_id('dbo.CentralRepository_JOB_Reference_MIG') AND NAME ='IXNC_C
Mar 11 2025 11:20PM,ctsazsimiptm.inso1a101c37461fa.database.windows.net,CentralRepository,IF NOT EXISTS(SELECT 1 FROM sys.indexes WHERE object_id = object_id('dbo.CentralRepository_JOB_Reference_MIG') AND NAME ='IXNC_C
Mar 11 2025 11:20PM,ctsazsimiptm.inso1a101c37461fa.database.windows.net,CentralRepository,IF NOT EXISTS(SELECT 1 FROM sys.indexes WHERE object_id = object_id('dbo.CentralRepository_JOB_Reference_MIG') AND NAME ='IXNC_C
Mar 11 2025 11:20PM,ctsazsimiptm.inso1a101c37461fa.database.windows.net,CentralRepository,IF NOT EXISTS(SELECT 1 FROM sys.indexes WHERE object_id = object_id('dbo.CentralRepository_JOB_Reference_MIG') AND NAME ='IXNC_C
Mar 11 2025 11:20PM,ctsazsimiptm.inso1a101c37461fa.database.windows.net,CentralRepository,IF NOT EXISTS(SELECT 1 FROM sys.indexes WHERE object_id = object_id('dbo.CentralRepository_JOB_Reference_MIG') AND NAME ='IXNC_C
Mar 11 2025 11:20PM,ctsazsimiptm.inso1a101c37461fa.database.windows.net,CentralRepository,IF NOT EXISTS(SELECT 1 FROM sys.indexes WHERE object_id = object_id('dbo.CentralRepository_JOB_Reference_MIG') AND NAME ='IXNC_C
Mar 11 2025 11:20PM,ctsazsimiptm.inso1a101c37461fa.database.windows.net,CentralRepository,IF NOT EXISTS(SELECT 1 FROM sys.indexes WHERE object_id = object_id('dbo.CentralRepository_JOB_Reference_MIG') AND NAME ='IXNC_C
Mar 11 2025 11:20PM,ctsazsimiptm.inso1a101c37461fa.database.windows.net,CentralRepository,IF NOT EXISTS(SELECT 1 FROM sys.indexes WHERE object_id = object_id('dbo.CentralRepository_JOB_Reference_MIG') AND NAME ='IXNC_C
Mar 11 2025 11:20PM,ctsazsimiptm.inso1a101c37461fa.database.windows.net,CentralRepository,IF NOT EXISTS(SELECT 1 FROM sys.indexes WHERE object_id = object_id('dbo.HCM_PS_NID_TYPE_TBL_STG_CURR') AND NAME ='IXNC_HCM_PS_N
Mar 11 2025 11:20PM,ctsazsimiptm.inso1a101c37461fa.database.windows.net,CentralRepository,IF NOT EXISTS(SELECT 1 FROM sys.indexes WHERE object_id = object_id('dbo.CentralRepository_Set_ProjectStatus_MIG') AND NAME ='IX
Mar 11 2025 11:20PM,ctsazsimiptm.inso1a101c37461fa.database.windows.net,CentralRepository,IF NOT EXISTS(SELECT 1 FROM sys.indexes WHERE object_id = object_id('dbo.CentralRepository_Set_ProjectStatus_MIG') AND NAME ='IX
Mar 11 2025 11:20PM,ctsazsimiptm.inso1a101c37461fa.database.windows.net,CentralRepository,IF NOT EXISTS(SELECT 1 FROM sys.indexes WHERE object_id = object_id('dbo.CHire_CandidateCurrentOffer_STG_CURR') AND NAME ='IXNC_
Mar 11 2025 11:20PM,ctsazsimiptm.inso1a101c37461fa.database.windows.net,CentralRepository,IF NOT EXISTS(SELECT 1 FROM sys.indexes WHERE object_id = object_id('dbo.LMS_PERSON_STG_CURR') AND NAME ='IXNC_CLMS_PERSON_STG_C
Mar 11 2025 11:20PM,ctsazsimiptm.inso1a101c37461fa.database.windows.net,CentralRepository,IF NOT EXISTS(SELECT 1 FROM sys.indexes WHERE object_id = object_id('dbo.MSsavedforeignkeys') AND NAME ='ci_MSsavedforeignkeys')
Mar 11 2025 11:20PM,ctsazsimiptm.inso1a101c37461fa.database.windows.net,CentralRepository,IF NOT EXISTS(SELECT 1 FROM sys.indexes WHERE object_id = object_id('dbo.MSsavedforeignkeys') AND NAME ='nci_MSsavedforeignkeys_
Mar 11 2025 11:20PM,ctsazsimiptm.inso1a101c37461fa.database.windows.net,CentralRepository,IF NOT EXISTS(SELECT 1 FROM sys.indexes WHERE object_id = object_id('dbo.MSsavedforeignkeycolumns') AND NAME ='ci_MSsavedforeign
Mar 11 2025 11:20PM,ctsazsimiptm.inso1a101c37461fa.database.windows.net,CentralRepository,IF NOT EXISTS(SELECT 1 FROM sys.indexes WHERE object_id = object_id('dbo.MSsavedforeignkeycolumns') AND NAME ='nci_MSsavedforeig
Mar 11 2025 11:20PM,ctsazsimiptm.inso1a101c37461fa.database.windows.net,CentralRepository,IF NOT EXISTS(SELECT 1 FROM sys.indexes WHERE object_id = object_id('dbo.MSsavedforeignkeyextendedproperties') AND NAME ='ci_MSs
Mar 11 2025 11:20PM,ctsazsimiptm.inso1a101c37461fa.database.windows.net,CentralRepository,IF NOT EXISTS(SELECT 1 FROM sys.indexes WHERE object_id = object_id('dbo.MSsavedforeignkeyextendedproperties') AND NAME ='nci_MS
Mar 11 2025 11:20PM,ctsazsimiptm.inso1a101c37461fa.database.windows.net,CentralRepository,IF NOT EXISTS(SELECT 1 FROM sys.indexes WHERE object_id = object_id('dbo.CentralRepository_DependentPhonenumber_MIG') AND NAME =
Mar 11 2025 11:20PM,ctsazsimiptm.inso1a101c37461fa.database.windows.net,CentralRepository,IF NOT EXISTS(SELECT 1 FROM sys.indexes WHERE object_id = object_id('dbo.CentralRepository_EAM_Leavedata_MIG_CRS') AND NAME ='IX
Mar 11 2025 11:20PM,ctsazsimiptm.inso1a101c37461fa.database.windows.net,CentralRepository,IF NOT EXISTS(SELECT 1 FROM sys.indexes WHERE object_id = object_id('dbo.CentralRepository_EAM_Leavedata_MIG_CRS') AND NAME ='IX
Mar 11 2025 11:20PM,ctsazsimiptm.inso1a101c37461fa.database.windows.net,CentralRepository,IF NOT EXISTS(SELECT 1 FROM sys.indexes WHERE object_id = object_id('dbo.CentralRepository_EAM_Leavedata_MIG_CRS') AND NAME ='IX
Mar 11 2025 11:20PM,ctsazsimiptm.inso1a101c37461fa.database.windows.net,CentralRepository,IF NOT EXISTS(SELECT 1 FROM sys.indexes WHERE object_id = object_id('dbo.CentralRepository_DependentRelationship_MIG') AND NAME 
Mar 11 2025 11:20PM,ctsazsimiptm.inso1a101c37461fa.database.windows.net,CentralRepository,IF NOT EXISTS(SELECT 1 FROM sys.indexes WHERE object_id = object_id('dbo.CentralRepository_DependentRelationship_MIG') AND NAME 
Mar 11 2025 11:20PM,ctsazsimiptm.inso1a101c37461fa.database.windows.net,CentralRepository,IF NOT EXISTS(SELECT 1 FROM sys.indexes WHERE object_id = object_id('dbo.CentralRepository_JOB_DELETED_Reference_MIG') AND NAME 
Mar 11 2025 11:20PM,ctsazsimiptm.inso1a101c37461fa.database.windows.net,CentralRepository,IF NOT EXISTS(SELECT 1 FROM sys.indexes WHERE object_id = object_id('dbo.CentralRepository_EAM_Current_bal_MIG') AND NAME ='IXNC
Mar 11 2025 11:20PM,ctsazsimiptm.inso1a101c37461fa.database.windows.net,CentralRepository,IF NOT EXISTS(SELECT 1 FROM sys.indexes WHERE object_id = object_id('dbo.CentralRepository_EAM_Current_bal_MIG') AND NAME ='IXNC
Mar 11 2025 11:20PM,ctsazsimiptm.inso1a101c37461fa.database.windows.net,CentralRepository,IF NOT EXISTS(SELECT 1 FROM sys.indexes WHERE object_id = object_id('dbo.CentralRepository_EAM_LeaveMaster_MIG') AND NAME ='IXNC
Mar 11 2025 11:20PM,ctsazsimiptm.inso1a101c37461fa.database.windows.net,CentralRepository,IF NOT EXISTS(SELECT 1 FROM sys.indexes WHERE object_id = object_id('dbo.LM_vw_LocationMaster_STG_CURR') AND NAME ='IXNC_LM_VW_L
Mar 11 2025 11:20PM,ctsazsimiptm.inso1a101c37461fa.database.windows.net,CentralRepository,IF NOT EXISTS(SELECT 1 FROM sys.indexes WHERE object_id = object_id('dbo.CentralRepository_Associate_Details_History_MIG') AND N
Mar 11 2025 11:20PM,ctsazsimiptm.inso1a101c37461fa.database.windows.net,CentralRepository,IF NOT EXISTS(SELECT 1 FROM sys.indexes WHERE object_id = object_id('dbo.ESA_PS_CTS_RM_RL_HSTRY_STG_CURR') AND NAME ='IXNC_ESA_P
Mar 11 2025 11:20PM,ctsazsimiptm.inso1a101c37461fa.database.windows.net,CentralRepository,IF NOT EXISTS(SELECT 1 FROM sys.indexes WHERE object_id = object_id('dbo.ESA_PS_CTS_RM_RL_HSTRY_STG_CURR') AND NAME ='IXNC_ESA_P
Mar 11 2025 11:20PM,ctsazsimiptm.inso1a101c37461fa.database.windows.net,CentralRepository,IF NOT EXISTS(SELECT 1 FROM sys.indexes WHERE object_id = object_id('dbo.CentralRepository_Email_Address_MIG') AND NAME ='IXNC_C
Mar 11 2025 11:20PM,ctsazsimiptm.inso1a101c37461fa.database.windows.net,CentralRepository,IF NOT EXISTS(SELECT 1 FROM sys.indexes WHERE object_id = object_id('dbo.CentralRepository_Email_Address_MIG') AND NAME ='IXNC_C
Mar 11 2025 11:20PM,ctsazsimiptm.inso1a101c37461fa.database.windows.net,CentralRepository,IF NOT EXISTS(SELECT 1 FROM sys.indexes WHERE object_id = object_id('dbo.LMS_TBL_TMX_REGISTRATION_STG_CURR') AND NAME ='IXNC_LMS
Mar 11 2025 11:20PM,ctsazsimiptm.inso1a101c37461fa.database.windows.net,CentralRepository,IF NOT EXISTS(SELECT 1 FROM sys.indexes WHERE object_id = object_id('dbo.LMS_TBL_TMX_REGISTRATION_STG_CURR') AND NAME ='IX_LMS_T
Mar 11 2025 11:20PM,ctsazsimiptm.inso1a101c37461fa.database.windows.net,CentralRepository,IF NOT EXISTS(SELECT 1 FROM sys.indexes WHERE object_id = object_id('dbo.CentralRepository_EstablishmentMaster_MIG') AND NAME ='
Mar 11 2025 11:20PM,ctsazsimiptm.inso1a101c37461fa.database.windows.net,CentralRepository,IF NOT EXISTS(SELECT 1 FROM sys.indexes WHERE object_id = object_id('dbo.ESA_PS_PROJECT_MGR_STG_CURR') AND NAME ='IXNC_ESA_PS_PR
Mar 11 2025 11:20PM,ctsazsimiptm.inso1a101c37461fa.database.windows.net,CentralRepository,IF NOT EXISTS(SELECT 1 FROM sys.indexes WHERE object_id = object_id('dbo.ESA_PS_PROJECT_MGR_STG_CURR') AND NAME ='IXNC_ESA_PS_PR
Mar 11 2025 11:20PM,ctsazsimiptm.inso1a101c37461fa.database.windows.net,CentralRepository,IF NOT EXISTS(SELECT 1 FROM sys.indexes WHERE object_id = object_id('dbo.ESA_PS_PROJECT_MGR_STG_CURR') AND NAME ='IXNC_ESA_PS_PR
Mar 11 2025 11:20PM,ctsazsimiptm.inso1a101c37461fa.database.windows.net,CentralRepository,IF NOT EXISTS(SELECT 1 FROM sys.indexes WHERE object_id = object_id('dbo.ESA_PS_PROJECT_MGR_STG_CURR') AND NAME ='IXNC_ESA_PS_PR
Mar 11 2025 11:20PM,ctsazsimiptm.inso1a101c37461fa.database.windows.net,CentralRepository,IF NOT EXISTS(SELECT 1 FROM sys.indexes WHERE object_id = object_id('dbo.ESA_PS_PROJECT_MGR_STG_CURR') AND NAME ='IXNC_ESA_PS_PR
Mar 11 2025 11:20PM,ctsazsimiptm.inso1a101c37461fa.database.windows.net,CentralRepository,IF NOT EXISTS(SELECT 1 FROM sys.indexes WHERE object_id = object_id('dbo.CentralRepository_HCM_ExitInterview_MIG') AND NAME ='IX
Mar 11 2025 11:20PM,ctsazsimiptm.inso1a101c37461fa.database.windows.net,CentralRepository,IF NOT EXISTS(SELECT 1 FROM sys.indexes WHERE object_id = object_id('dbo.CentralRepository_HCM_ExitInterview_MIG') AND NAME ='IX
Mar 11 2025 11:20PM,ctsazsimiptm.inso1a101c37461fa.database.windows.net,CentralRepository,IF NOT EXISTS(SELECT 1 FROM sys.indexes WHERE object_id = object_id('dbo.SFDC_Account_STG_CURR') AND NAME ='IXNC_SFDC_Account_ST
Mar 11 2025 11:20PM,ctsazsimiptm.inso1a101c37461fa.database.windows.net,CentralRepository,IF NOT EXISTS(SELECT 1 FROM sys.indexes WHERE object_id = object_id('dbo.CentralRepository_Grade_Master_MIG') AND NAME ='IXNC_Ce
Mar 11 2025 11:20PM,ctsazsimiptm.inso1a101c37461fa.database.windows.net,CentralRepository,IF NOT EXISTS(SELECT 1 FROM sys.indexes WHERE object_id = object_id('dbo.CentralRepository_GSMS_AssociateSeatInfo_MIG') AND NAME
Mar 11 2025 11:20PM,ctsazsimiptm.inso1a101c37461fa.database.windows.net,CentralRepository,IF NOT EXISTS(SELECT 1 FROM sys.indexes WHERE object_id = object_id('dbo.CentralRepository_GSMS_AssociateSeatInfo_MIG') AND NAME
Mar 11 2025 11:20PM,ctsazsimiptm.inso1a101c37461fa.database.windows.net,CentralRepository,IF NOT EXISTS(SELECT 1 FROM sys.indexes WHERE object_id = object_id('dbo.CentralRepository_GSMS_AssociateSeatInfo_MIG') AND NAME
Mar 11 2025 11:20PM,ctsazsimiptm.inso1a101c37461fa.database.windows.net,CentralRepository,IF NOT EXISTS(SELECT 1 FROM sys.indexes WHERE object_id = object_id('dbo.sysdiagrams') AND NAME ='UK_principal_name') CREATE UNI
Mar 11 2025 11:20PM,ctsazsimiptm.inso1a101c37461fa.database.windows.net,CentralRepository,IF NOT EXISTS(SELECT 1 FROM sys.indexes WHERE object_id = object_id('dbo.MSreplication_subscriptions') AND NAME ='uc1MSReplicati
Mar 11 2025 11:20PM,ctsazsimiptm.inso1a101c37461fa.database.windows.net,CentralRepository,IF NOT EXISTS(SELECT 1 FROM sys.indexes WHERE object_id = object_id('dbo.MSsubscription_agents') AND NAME ='ucMSsubscription_age
Mar 11 2025 11:20PM,ctsazsimiptm.inso1a101c37461fa.database.windows.net,CentralRepository,IF NOT EXISTS(SELECT 1 FROM sys.indexes WHERE object_id = object_id('dbo.MSsubscription_agents') AND NAME ='ucMSsubscription_age
Mar 11 2025 11:20PM,ctsazsimiptm.inso1a101c37461fa.database.windows.net,CentralRepository,IF NOT EXISTS(SELECT 1 FROM sys.indexes WHERE object_id = object_id('dbo.HCM_PS_CT_STATE_TBL_VW_CRS_STG_CURR') AND NAME ='IXNC_H
Mar 11 2025 11:20PM,ctsazsimiptm.inso1a101c37461fa.database.windows.net,CentralRepository,IF NOT EXISTS(SELECT 1 FROM sys.indexes WHERE object_id = object_id('dbo.CentralRepository_Associate_Details_MIG') AND NAME ='IX
Mar 11 2025 11:20PM,ctsazsimiptm.inso1a101c37461fa.database.windows.net,CentralRepository,IF NOT EXISTS(SELECT 1 FROM sys.indexes WHERE object_id = object_id('dbo.CentralRepository_Associate_Details_MIG') AND NAME ='IX
Mar 11 2025 11:20PM,ctsazsimiptm.inso1a101c37461fa.database.windows.net,CentralRepository,IF NOT EXISTS(SELECT 1 FROM sys.indexes WHERE object_id = object_id('dbo.CentralRepository_Associate_Details_MIG') AND NAME ='IX
Mar 11 2025 11:20PM,ctsazsimiptm.inso1a101c37461fa.database.windows.net,CentralRepository,IF NOT EXISTS(SELECT 1 FROM sys.indexes WHERE object_id = object_id('dbo.CentralRepository_Associate_Details_MIG') AND NAME ='IX
Mar 11 2025 11:20PM,ctsazsimiptm.inso1a101c37461fa.database.windows.net,CentralRepository,IF NOT EXISTS(SELECT 1 FROM sys.indexes WHERE object_id = object_id('dbo.CentralRepository_Associate_Details_MIG') AND NAME ='IX
Mar 11 2025 11:20PM,ctsazsimiptm.inso1a101c37461fa.database.windows.net,CentralRepository,IF NOT EXISTS(SELECT 1 FROM sys.indexes WHERE object_id = object_id('dbo.CentralRepository_Associate_Details_MIG') AND NAME ='IX
Mar 11 2025 11:20PM,ctsazsimiptm.inso1a101c37461fa.database.windows.net,CentralRepository,IF NOT EXISTS(SELECT 1 FROM sys.indexes WHERE object_id = object_id('dbo.CentralRepository_Associate_Details_MIG') AND NAME ='IX
Mar 11 2025 11:20PM,ctsazsimiptm.inso1a101c37461fa.database.windows.net,CentralRepository,IF NOT EXISTS(SELECT 1 FROM sys.indexes WHERE object_id = object_id('dbo.CentralRepository_Associate_Details_MIG') AND NAME ='IX
Mar 11 2025 11:20PM,ctsazsimiptm.inso1a101c37461fa.database.windows.net,CentralRepository,IF NOT EXISTS(SELECT 1 FROM sys.indexes WHERE object_id = object_id('dbo.CentralRepository_Associate_Details_MIG') AND NAME ='IX
Mar 11 2025 11:20PM,ctsazsimiptm.inso1a101c37461fa.database.windows.net,CentralRepository,IF NOT EXISTS(SELECT 1 FROM sys.indexes WHERE object_id = object_id('dbo.CentralRepository_Associate_Details_MIG') AND NAME ='IX
Mar 11 2025 11:20PM,ctsazsimiptm.inso1a101c37461fa.database.windows.net,CentralRepository,IF NOT EXISTS(SELECT 1 FROM sys.indexes WHERE object_id = object_id('dbo.CentralRepository_Associate_Details_MIG') AND NAME ='IX
Mar 11 2025 11:20PM,ctsazsimiptm.inso1a101c37461fa.database.windows.net,CentralRepository,IF NOT EXISTS(SELECT 1 FROM sys.indexes WHERE object_id = object_id('dbo.CentralRepository_Associate_Details_MIG') AND NAME ='IX
Mar 11 2025 11:20PM,ctsazsimiptm.inso1a101c37461fa.database.windows.net,CentralRepository,IF NOT EXISTS(SELECT 1 FROM sys.indexes WHERE object_id = object_id('dbo.CentralRepository_Associate_Details_MIG') AND NAME ='IX
Mar 11 2025 11:20PM,ctsazsimiptm.inso1a101c37461fa.database.windows.net,CentralRepository,IF NOT EXISTS(SELECT 1 FROM sys.indexes WHERE object_id = object_id('dbo.CentralRepository_Associate_Details_MIG') AND NAME ='IX
Mar 11 2025 11:20PM,ctsazsimiptm.inso1a101c37461fa.database.windows.net,CentralRepository,IF NOT EXISTS(SELECT 1 FROM sys.indexes WHERE object_id = object_id('dbo.CentralRepository_Associate_Details_MIG') AND NAME ='IX
Mar 11 2025 11:20PM,ctsazsimiptm.inso1a101c37461fa.database.windows.net,CentralRepository,IF NOT EXISTS(SELECT 1 FROM sys.indexes WHERE object_id = object_id('dbo.HCM_PS_CT_TM_TBL_GBL_STG_CURR') AND NAME ='IXNC_HCM_PS_
Mar 11 2025 11:20PM,ctsazsimiptm.inso1a101c37461fa.database.windows.net,CentralRepository,IF NOT EXISTS(SELECT 1 FROM sys.indexes WHERE object_id = object_id('dbo.HCM_PS_CT_TM_TBL_GBL_STG_CURR') AND NAME ='IXNC_HCM_PS_
Mar 11 2025 11:20PM,ctsazsimiptm.inso1a101c37461fa.database.windows.net,CentralRepository,IF NOT EXISTS(SELECT 1 FROM sys.indexes WHERE object_id = object_id('dbo.HCM_PS_CT_TM_TBL_GBL_STG_CURR') AND NAME ='IXNC_HCM_PS_
Mar 11 2025 11:20PM,ctsazsimiptm.inso1a101c37461fa.database.windows.net,CentralRepository,IF NOT EXISTS(SELECT 1 FROM sys.indexes WHERE object_id = object_id('dbo.HCM_PS_CT_TM_TBL_GBL_STG_CURR') AND NAME ='IXNC_HCM_PS_
Mar 11 2025 11:20PM,ctsazsimiptm.inso1a101c37461fa.database.windows.net,CentralRepository,IF NOT EXISTS(SELECT 1 FROM sys.indexes WHERE object_id = object_id('dbo.HCM_PS_CT_TM_TBL_GBL_STG_CURR') AND NAME ='IXNC_HCM_PS_
Mar 11 2025 11:20PM,ctsazsimiptm.inso1a101c37461fa.database.windows.net,CentralRepository,IF NOT EXISTS(SELECT 1 FROM sys.indexes WHERE object_id = object_id('dbo.HCM_PS_CT_TM_TBL_GBL_STG_CURR') AND NAME ='IXNC_HCM_PS_
Mar 11 2025 11:20PM,ctsazsimiptm.inso1a101c37461fa.database.windows.net,CentralRepository,IF NOT EXISTS(SELECT 1 FROM sys.indexes WHERE object_id = object_id('dbo.HCM_PS_DEPT_TBL_STG_CURR') AND NAME ='IXNC_HCM_PS_DEPT_
Mar 11 2025 11:20PM,ctsazsimiptm.inso1a101c37461fa.database.windows.net,CentralRepository,IF NOT EXISTS(SELECT 1 FROM sys.indexes WHERE object_id = object_id('dbo.HCM_PS_DEPT_TBL_STG_CURR') AND NAME ='IXNC_HCM_PS_DEPT_
Mar 11 2025 11:20PM,ctsazsimiptm.inso1a101c37461fa.database.windows.net,CentralRepository,IF NOT EXISTS(SELECT 1 FROM sys.indexes WHERE object_id = object_id('dbo.CentralRepository_Project_MIG') AND NAME ='IXNC_Central
Mar 11 2025 11:20PM,ctsazsimiptm.inso1a101c37461fa.database.windows.net,CentralRepository,IF NOT EXISTS(SELECT 1 FROM sys.indexes WHERE object_id = object_id('dbo.CentralRepository_Project_MIG') AND NAME ='IXNC_Central
Mar 11 2025 11:20PM,ctsazsimiptm.inso1a101c37461fa.database.windows.net,CentralRepository,IF NOT EXISTS(SELECT 1 FROM sys.indexes WHERE object_id = object_id('dbo.CentralRepository_Project_MIG') AND NAME ='IXNC_Central
Mar 11 2025 11:20PM,ctsazsimiptm.inso1a101c37461fa.database.windows.net,CentralRepository,IF NOT EXISTS(SELECT 1 FROM sys.indexes WHERE object_id = object_id('dbo.CentralRepository_Project_MIG') AND NAME ='IXNC_Central
Mar 11 2025 11:20PM,ctsazsimiptm.inso1a101c37461fa.database.windows.net,CentralRepository,IF NOT EXISTS(SELECT 1 FROM sys.indexes WHERE object_id = object_id('dbo.CentralRepository_Project_MIG') AND NAME ='IXNC_Central
Mar 11 2025 11:20PM,ctsazsimiptm.inso1a101c37461fa.database.windows.net,CentralRepository,IF NOT EXISTS(SELECT 1 FROM sys.indexes WHERE object_id = object_id('dbo.CentralRepository_Project_MIG') AND NAME ='IXNC_Central
Mar 11 2025 11:20PM,ctsazsimiptm.inso1a101c37461fa.database.windows.net,CentralRepository,IF NOT EXISTS(SELECT 1 FROM sys.indexes WHERE object_id = object_id('dbo.CentralRepository_Project_MIG') AND NAME ='IXNC_Central
Mar 11 2025 11:20PM,ctsazsimiptm.inso1a101c37461fa.database.windows.net,CentralRepository,IF NOT EXISTS(SELECT 1 FROM sys.indexes WHERE object_id = object_id('dbo.CentralRepository_Project_MIG') AND NAME ='IXNC_Central
Mar 11 2025 11:20PM,ctsazsimiptm.inso1a101c37461fa.database.windows.net,CentralRepository,IF NOT EXISTS(SELECT 1 FROM sys.indexes WHERE object_id = object_id('dbo.CentralRepository_EAM_Leavedata_MIG') AND NAME ='INDXC_
Mar 11 2025 11:20PM,ctsazsimiptm.inso1a101c37461fa.database.windows.net,CentralRepository,IF NOT EXISTS(SELECT 1 FROM sys.indexes WHERE object_id = object_id('dbo.CentralRepository_EAM_Leavedata_MIG') AND NAME ='INDXC_
Mar 11 2025 11:20PM,ctsazsimiptm.inso1a101c37461fa.database.windows.net,CentralRepository,IF NOT EXISTS(SELECT 1 FROM sys.indexes WHERE object_id = object_id('dbo.CentralRepository_EAM_Leavedata_MIG') AND NAME ='INDXC_
Mar 11 2025 11:20PM,ctsazsimiptm.inso1a101c37461fa.database.windows.net,CentralRepository,IF NOT EXISTS(SELECT 1 FROM sys.indexes WHERE object_id = object_id('dbo.CENTRALREPOSITORY_CANDIDATEDETAILS_MIG') AND NAME ='IXN
Mar 11 2025 11:20PM,ctsazsimiptm.inso1a101c37461fa.database.windows.net,CentralRepository,IF NOT EXISTS(SELECT 1 FROM sys.indexes WHERE object_id = object_id('dbo.CHire_CandidateRequisitionMapping_STG_CURR') AND NAME =
Mar 11 2025 11:20PM,ctsazsimiptm.inso1a101c37461fa.database.windows.net,CentralRepository,IF NOT EXISTS(SELECT 1 FROM sys.indexes WHERE object_id = object_id('dbo.HCM_PS_JOB_TASK_TBL_STG_CURR') AND NAME ='IXNC_PK_HCM_P
Mar 11 2025 11:20PM,ctsazsimiptm.inso1a101c37461fa.database.windows.net,CentralRepository,IF NOT EXISTS(SELECT 1 FROM sys.indexes WHERE object_id = object_id('dbo.HCM_PS_JOB_TASK_TBL_STG_CURR') AND NAME ='IX_HCM_PS_JOB
Mar 11 2025 11:20PM,ctsazsimiptm.inso1a101c37461fa.database.windows.net,CentralRepository,IF NOT EXISTS(SELECT 1 FROM sys.indexes WHERE object_id = object_id('dbo.HCM_PS_JOB_TASK_TBL_STG_CURR') AND NAME ='IXNC_HCM_PS_J
Mar 11 2025 11:20PM,ctsazsimiptm.inso1a101c37461fa.database.windows.net,CentralRepository,IF NOT EXISTS(SELECT 1 FROM sys.indexes WHERE object_id = object_id('dbo.HCM_PS_JOB_TASK_TBL_STG_CURR') AND NAME ='IX_TEST') CRE
Mar 11 2025 11:20PM,ctsazsimiptm.inso1a101c37461fa.database.windows.net,CentralRepository,IF NOT EXISTS(SELECT 1 FROM sys.indexes WHERE object_id = object_id('dbo.HCM_PS_JOB_TASK_TBL_STG_CURR') AND NAME ='IX_HCM_PS_JOB
Mar 11 2025 11:20PM,ctsazsimiptm.inso1a101c37461fa.database.windows.net,CentralRepository,IF NOT EXISTS(SELECT 1 FROM sys.indexes WHERE object_id = object_id('dbo.SFDC_Financial_Ultimate_Parent_Account_STG_CURR') AND N
Mar 11 2025 11:20PM,ctsazsimiptm.inso1a101c37461fa.database.windows.net,CentralRepository,IF NOT EXISTS(SELECT 1 FROM sys.indexes WHERE object_id = object_id('dbo.HCM_PF_ParentChildMapping_STG_CURR_MIG') AND NAME ='IXN
Mar 11 2025 11:20PM,ctsazsimiptm.inso1a101c37461fa.database.windows.net,CentralRepository,IF NOT EXISTS(SELECT 1 FROM sys.indexes WHERE object_id = object_id('dbo.MSreplication_objects') AND NAME ='ucMSreplication_obje
Mar 11 2025 11:20PM,ctsazsimiptm.inso1a101c37461fa.database.windows.net,CentralRepository,IF NOT EXISTS(SELECT 1 FROM sys.indexes WHERE object_id = object_id('dbo.CentralRepository_HCM_CCA_Roles_MIG') AND NAME ='IXNC_C
Mar 11 2025 11:20PM,ctsazsimiptm.inso1a101c37461fa.database.windows.net,CentralRepository,IF NOT EXISTS(SELECT 1 FROM sys.indexes WHERE object_id = object_id('dbo.HCM_PF_SKILL_CAT_ITEMS_STG_CURR_MIG') AND NAME ='INDXC_
Mar 11 2025 11:20PM,ctsazsimiptm.inso1a101c37461fa.database.windows.net,CentralRepository,IF NOT EXISTS(SELECT 1 FROM sys.indexes WHERE object_id = object_id('dbo.HCM_PF_SKILL_CAT_ITEMS_STG_CURR_MIG') AND NAME ='INDXC_
Mar 11 2025 11:20PM,ctsazsimiptm.inso1a101c37461fa.database.windows.net,CentralRepository,IF NOT EXISTS(SELECT 1 FROM sys.indexes WHERE object_id = object_id('dbo.HCM_PF_SKILL_CAT_ITEMS_STG_CURR_MIG') AND NAME ='IXNC_H
Mar 11 2025 11:20PM,ctsazsimiptm.inso1a101c37461fa.database.windows.net,CentralRepository,IF NOT EXISTS(SELECT 1 FROM sys.indexes WHERE object_id = object_id('dbo.HCM_PF_SKILL_CAT_ITEMS_STG_CURR_MIG') AND NAME ='IXNC_H
Mar 11 2025 11:20PM,ctsazsimiptm.inso1a101c37461fa.database.windows.net,CentralRepository,IF NOT EXISTS(SELECT 1 FROM sys.indexes WHERE object_id = object_id('dbo.MSsnapshotdeliveryprogress') AND NAME ='ci_MSsnapshotde
Mar 11 2025 11:20PM,ctsazsimiptm.inso1a101c37461fa.database.windows.net,CentralRepository,IF NOT EXISTS(SELECT 1 FROM sys.indexes WHERE object_id = object_id('dbo.MSsnapshotdeliveryprogress') AND NAME ='nci_MSsnapshotd
Mar 11 2025 11:20PM,ctsazsimiptm.inso1a101c37461fa.database.windows.net,CentralRepository,IF NOT EXISTS(SELECT 1 FROM sys.indexes WHERE object_id = object_id('dbo.HCM_PS_CT_DEPT_TYPE_STG_CURR') AND NAME ='IXNC_HCM_PS_C
Mar 11 2025 11:20PM,ctsazsimiptm.inso1a101c37461fa.database.windows.net,CentralRepository,IF NOT EXISTS(SELECT 1 FROM sys.indexes WHERE object_id = object_id('dbo.HCM_PS_CT_DEPT_TYPE_STG_CURR') AND NAME ='IXNC_HCM_PS_C
Mar 11 2025 11:20PM,ctsazsimiptm.inso1a101c37461fa.database.windows.net,CentralRepository,IF NOT EXISTS(SELECT 1 FROM sys.indexes WHERE object_id = object_id('dbo.HCM_PS_CT_DEPT_TYPE_STG_CURR') AND NAME ='IXNC_HCM_PS_C
Mar 11 2025 11:20PM,ctsazsimiptm.inso1a101c37461fa.database.windows.net,CentralRepository,IF NOT EXISTS(SELECT 1 FROM sys.indexes WHERE object_id = object_id('dbo.CentralRepository_HCM_RoleAttributes_MIG') AND NAME ='I
Mar 11 2025 11:20PM,ctsazsimiptm.inso1a101c37461fa.database.windows.net,CentralRepository,IF NOT EXISTS(SELECT 1 FROM sys.indexes WHERE object_id = object_id('dbo.CentralRepository_HCM_RoleAttributes_MIG') AND NAME ='I
Mar 11 2025 11:20PM,ctsazsimiptm.inso1a101c37461fa.database.windows.net,CentralRepository,IF NOT EXISTS(SELECT 1 FROM sys.indexes WHERE object_id = object_id('dbo.CentralRepository_HCM_RoleAttributes_MIG') AND NAME ='I
Mar 11 2025 11:20PM,ctsazsimiptm.inso1a101c37461fa.database.windows.net,CentralRepository,IF NOT EXISTS(SELECT 1 FROM sys.indexes WHERE object_id = object_id('dbo.CentralRepository_HCM_Workaddress_MIG') AND NAME ='IXNC
Mar 11 2025 11:20PM,ctsazsimiptm.inso1a101c37461fa.database.windows.net,CentralRepository,IF NOT EXISTS(SELECT 1 FROM sys.indexes WHERE object_id = object_id('dbo.CentralRepository_HCMLocation_MIG') AND NAME ='IXNC_Cen
Mar 11 2025 11:20PM,ctsazsimiptm.inso1a101c37461fa.database.windows.net,CentralRepository,IF NOT EXISTS(SELECT 1 FROM sys.indexes WHERE object_id = object_id('dbo.CentralRepository_HCMLocation_MIG') AND NAME ='IXNC_Cen
Mar 11 2025 11:20PM,ctsazsimiptm.inso1a101c37461fa.database.windows.net,CentralRepository,IF NOT EXISTS(SELECT 1 FROM sys.indexes WHERE object_id = object_id('dbo.CentralRepository_HCMLocation_MIG') AND NAME ='IXNC_Cen
Mar 11 2025 11:20PM,ctsazsimiptm.inso1a101c37461fa.database.windows.net,CentralRepository,IF NOT EXISTS(SELECT 1 FROM sys.indexes WHERE object_id = object_id('dbo.CentralRepository_HCMLocation_MIG') AND NAME ='IXNC_Cen
Mar 11 2025 11:20PM,ctsazsimiptm.inso1a101c37461fa.database.windows.net,CentralRepository,IF NOT EXISTS(SELECT 1 FROM sys.indexes WHERE object_id = object_id('dbo.CentralRepository_HCMLocation_MIG') AND NAME ='IXNC_Cen
Mar 11 2025 11:20PM,ctsazsimiptm.inso1a101c37461fa.database.windows.net,CentralRepository,IF NOT EXISTS(SELECT 1 FROM sys.indexes WHERE object_id = object_id('dbo.CentralRepository_HolidayDate_MIG') AND NAME ='IXNC_Cen
Mar 11 2025 11:20PM,ctsazsimiptm.inso1a101c37461fa.database.windows.net,CentralRepository,IF NOT EXISTS(SELECT 1 FROM sys.indexes WHERE object_id = object_id('dbo.CentralRepository_HolidayDate_MIG') AND NAME ='IXNC_Cen
Mar 11 2025 11:20PM,ctsazsimiptm.inso1a101c37461fa.database.windows.net,CentralRepository,IF NOT EXISTS(SELECT 1 FROM sys.indexes WHERE object_id = object_id('dbo.CentralRepository_ProjectRequest_details_MIG') AND NAME
Mar 11 2025 11:20PM,ctsazsimipddeapps1.293366d454bb.database.windows.net,Centralrepository,IF NOT EXISTS(SELECT 1 FROM sys.indexes WHERE object_id = object_id('dbo.ESA_PS_CTS_RM_RL_HSTRY_STG_CURR') AND NAME ='INDXC_ESA_
Mar 11 2025 11:20PM,ctsazsimipddeapps1.293366d454bb.database.windows.net,Centralrepository,IF NOT EXISTS(SELECT 1 FROM sys.indexes WHERE object_id = object_id('dbo.CentralRepository_Associate_Details_MIG') AND NAME ='IN
Mar 11 2025 11:20PM,ctsazsimipddeapps1.293366d454bb.database.windows.net,Centralrepository,IF NOT EXISTS(SELECT 1 FROM sys.indexes WHERE object_id = object_id('dbo.SFDC_Opp_Serv_Line_Item_STG_CURR') AND NAME ='IX_SFDC_O
Mar 11 2025 11:20PM,ctsazsimipddeapps1.293366d454bb.database.windows.net,Centralrepository,IF NOT EXISTS(SELECT 1 FROM sys.indexes WHERE object_id = object_id('dbo.CentralRepository_ESA_Allocation_MIG') AND NAME ='INDXC
Mar 11 2025 11:20PM,ctsazsimipddeapps1.293366d454bb.database.windows.net,Centralrepository,IF NOT EXISTS(SELECT 1 FROM sys.indexes WHERE object_id = object_id('dbo.CentralRepository_ESA_Allocation_MIG') AND NAME ='INDXC
Mar 11 2025 11:20PM,ctsazsimipddeapps1.293366d454bb.database.windows.net,Centralrepository,IF NOT EXISTS(SELECT 1 FROM sys.indexes WHERE object_id = object_id('dbo.CentralRepository_ESA_Allocation_MIG') AND NAME ='INDXC
Mar 11 2025 11:20PM,ctsazsimipddeapps1.293366d454bb.database.windows.net,Centralrepository,IF NOT EXISTS(SELECT 1 FROM sys.indexes WHERE object_id = object_id('dbo.CentralRepository_ESA_Allocation_MIG') AND NAME ='INDXC
Mar 11 2025 11:20PM,ctsazsimipddeapps1.293366d454bb.database.windows.net,Centralrepository,IF NOT EXISTS(SELECT 1 FROM sys.indexes WHERE object_id = object_id('dbo.CentralRepository_ESA_Allocation_MIG') AND NAME ='INDXC
Mar 11 2025 11:20PM,ctsazsimipddeapps1.293366d454bb.database.windows.net,Centralrepository,IF NOT EXISTS(SELECT 1 FROM sys.indexes WHERE object_id = object_id('dbo.CentralRepository_ESA_Allocation_MIG') AND NAME ='INDXC
Mar 11 2025 11:20PM,ctsazsimipddeapps1.293366d454bb.database.windows.net,Centralrepository,IF NOT EXISTS(SELECT 1 FROM sys.indexes WHERE object_id = object_id('dbo.CentralRepository_ESA_Allocation_MIG') AND NAME ='INDXC
Mar 11 2025 11:20PM,ctsazsimipddeapps1.293366d454bb.database.windows.net,Centralrepository,IF NOT EXISTS(SELECT 1 FROM sys.indexes WHERE object_id = object_id('dbo.CentralRepository_ESA_Allocation_MIG') AND NAME ='INDXC
Mar 11 2025 11:20PM,ctsazsimipddeapps1.293366d454bb.database.windows.net,Centralrepository,IF NOT EXISTS(SELECT 1 FROM sys.indexes WHERE object_id = object_id('dbo.CentralRepository_ESA_Allocation_MIG') AND NAME ='INDXC
Mar 11 2025 11:20PM,ctsazsimipddeapps1.293366d454bb.database.windows.net,Centralrepository,IF NOT EXISTS(SELECT 1 FROM sys.indexes WHERE object_id = object_id('dbo.CentralRepository_ESA_Allocation_MIG') AND NAME ='INDXC
Mar 11 2025 11:20PM,ctsazsimipddeapps1.293366d454bb.database.windows.net,Centralrepository,IF NOT EXISTS(SELECT 1 FROM sys.indexes WHERE object_id = object_id('dbo.MSreplication_subscriptions') AND NAME ='uc1MSReplicati
Mar 11 2025 11:20PM,ctsazsimipddeapps1.293366d454bb.database.windows.net,Centralrepository,IF NOT EXISTS(SELECT 1 FROM sys.indexes WHERE object_id = object_id('dbo.MSsubscription_agents') AND NAME ='ucMSsubscription_age
Mar 11 2025 11:20PM,ctsazsimipddeapps1.293366d454bb.database.windows.net,Centralrepository,IF NOT EXISTS(SELECT 1 FROM sys.indexes WHERE object_id = object_id('dbo.MSsubscription_agents') AND NAME ='ucMSsubscription_age
Mar 11 2025 11:20PM,ctsazsimipddeapps1.293366d454bb.database.windows.net,Centralrepository,IF NOT EXISTS(SELECT 1 FROM sys.indexes WHERE object_id = object_id('dbo.HCM_PS_COUNTRY_TBL_STG_CURR') AND NAME ='INDXC_HCM_PS_C
Mar 11 2025 11:20PM,ctsazsimipddeapps1.293366d454bb.database.windows.net,Centralrepository,IF NOT EXISTS(SELECT 1 FROM sys.indexes WHERE object_id = object_id('dbo.MSreplication_objects') AND NAME ='ucMSreplication_obje
Mar 11 2025 11:20PM,ctsazsimipddeapps1.293366d454bb.database.windows.net,Centralrepository,IF NOT EXISTS(SELECT 1 FROM sys.indexes WHERE object_id = object_id('dbo.CentralRepository_RHMS_RoleDetails_MIG') AND NAME ='IND
Mar 11 2025 11:20PM,ctsazsimipddeapps1.293366d454bb.database.windows.net,Centralrepository,IF NOT EXISTS(SELECT 1 FROM sys.indexes WHERE object_id = object_id('dbo.SFDC_OpportunityLineItem_STG_CURR') AND NAME ='IX_SFDC_
Mar 11 2025 11:20PM,ctsazsimipddeapps1.293366d454bb.database.windows.net,Centralrepository,IF NOT EXISTS(SELECT 1 FROM sys.indexes WHERE object_id = object_id('dbo.RHMS_tbl_EDS_BUVerticalEntityMasterData_STG_CURR') AND 
Mar 11 2025 11:20PM,ctsazsimipddeapps1.293366d454bb.database.windows.net,Centralrepository,IF NOT EXISTS(SELECT 1 FROM sys.indexes WHERE object_id = object_id('dbo.DataRetention_PurgeHold_STG_CURR') AND NAME ='INDXC_PK_
Mar 11 2025 11:20PM,ctsazsimipddeapps1.293366d454bb.database.windows.net,Centralrepository,IF NOT EXISTS(SELECT 1 FROM sys.indexes WHERE object_id = object_id('dbo.RHMS_tbl_EDS_HorizontalToSLPA_Mapping_STG_CURR') AND NA
Mar 11 2025 11:20PM,ctsazsimipddeapps1.293366d454bb.database.windows.net,Centralrepository,IF NOT EXISTS(SELECT 1 FROM sys.indexes WHERE object_id = object_id('dbo.RHMS_tbl_EDS_RoleMaster_STG_CURR') AND NAME ='INDXC_RHM
Mar 11 2025 11:20PM,ctsazsimipddeapps1.293366d454bb.database.windows.net,Centralrepository,IF NOT EXISTS(SELECT 1 FROM sys.indexes WHERE object_id = object_id('dbo.CentralRepository_JobFamilyMaster_MIG') AND NAME ='INDX
Mar 11 2025 11:20PM,ctsazsimipddeapps1.293366d454bb.database.windows.net,Centralrepository,IF NOT EXISTS(SELECT 1 FROM sys.indexes WHERE object_id = object_id('dbo.MSsnapshotdeliveryprogress') AND NAME ='ci_MSsnapshotde
Mar 11 2025 11:20PM,ctsazsimipddeapps1.293366d454bb.database.windows.net,Centralrepository,IF NOT EXISTS(SELECT 1 FROM sys.indexes WHERE object_id = object_id('dbo.MSsnapshotdeliveryprogress') AND NAME ='nci_MSsnapshotd
Mar 11 2025 11:20PM,ctsazsimipddeapps1.293366d454bb.database.windows.net,Centralrepository,IF NOT EXISTS(SELECT 1 FROM sys.indexes WHERE object_id = object_id('dbo.MSsavedforeignkeys') AND NAME ='ci_MSsavedforeignkeys')
Mar 11 2025 11:20PM,ctsazsimipddeapps1.293366d454bb.database.windows.net,Centralrepository,IF NOT EXISTS(SELECT 1 FROM sys.indexes WHERE object_id = object_id('dbo.MSsavedforeignkeys') AND NAME ='nci_MSsavedforeignkeys_
Mar 11 2025 11:20PM,ctsazsimipddeapps1.293366d454bb.database.windows.net,Centralrepository,IF NOT EXISTS(SELECT 1 FROM sys.indexes WHERE object_id = object_id('dbo.MSsavedforeignkeycolumns') AND NAME ='ci_MSsavedforeign
Mar 11 2025 11:20PM,ctsazsimipddeapps1.293366d454bb.database.windows.net,Centralrepository,IF NOT EXISTS(SELECT 1 FROM sys.indexes WHERE object_id = object_id('dbo.MSsavedforeignkeycolumns') AND NAME ='nci_MSsavedforeig
Mar 11 2025 11:20PM,ctsazsimipddeapps1.293366d454bb.database.windows.net,Centralrepository,IF NOT EXISTS(SELECT 1 FROM sys.indexes WHERE object_id = object_id('dbo.MSsavedforeignkeyextendedproperties') AND NAME ='ci_MSs
Mar 11 2025 11:20PM,ctsazsimipddeapps1.293366d454bb.database.windows.net,Centralrepository,IF NOT EXISTS(SELECT 1 FROM sys.indexes WHERE object_id = object_id('dbo.MSsavedforeignkeyextendedproperties') AND NAME ='nci_MS
Mar 11 2025 11:20PM,ctsazsimipfd.inso1a101c37461fa.database.windows.net,CentralRepository,IF NOT EXISTS(SELECT 1 FROM sys.indexes WHERE object_id = object_id('dbo.CHire_CandidateRequisitionMapping_STG_CURR') AND NAME =
Mar 11 2025 11:20PM,ctsazsimipfd.inso1a101c37461fa.database.windows.net,CentralRepository,IF NOT EXISTS(SELECT 1 FROM sys.indexes WHERE object_id = object_id('dbo.CentralRepository_DependentPhonenumber_MIG') AND NAME =
Mar 11 2025 11:20PM,ctsazsimipfd.inso1a101c37461fa.database.windows.net,CentralRepository,IF NOT EXISTS(SELECT 1 FROM sys.indexes WHERE object_id = object_id('dbo.ESA_PS_CTS_PC_SS_DELG_STG_CURR') AND NAME ='IXNC_ESA_PS
Mar 11 2025 11:20PM,ctsazsimipfd.inso1a101c37461fa.database.windows.net,CentralRepository,IF NOT EXISTS(SELECT 1 FROM sys.indexes WHERE object_id = object_id('dbo.CentralRepository_DependentRelationship_MIG') AND NAME 
Mar 11 2025 11:20PM,ctsazsimipfd.inso1a101c37461fa.database.windows.net,CentralRepository,IF NOT EXISTS(SELECT 1 FROM sys.indexes WHERE object_id = object_id('dbo.RHMS_tbl_EDS_BUVerticalEntityMasterData_STG_CURR') AND 
Mar 11 2025 11:20PM,ctsazsimipfd.inso1a101c37461fa.database.windows.net,CentralRepository,IF NOT EXISTS(SELECT 1 FROM sys.indexes WHERE object_id = object_id('dbo.SFDC_Opp_Serv_Line_Item_STG_CURR') AND NAME ='IXNC_SFDC
Mar 11 2025 11:20PM,ctsazsimipfd.inso1a101c37461fa.database.windows.net,CentralRepository,IF NOT EXISTS(SELECT 1 FROM sys.indexes WHERE object_id = object_id('dbo.SFDC_Opp_Serv_Line_Item_STG_CURR') AND NAME ='IXNC_SFDC
Mar 11 2025 11:20PM,ctsazsimipfd.inso1a101c37461fa.database.windows.net,CentralRepository,IF NOT EXISTS(SELECT 1 FROM sys.indexes WHERE object_id = object_id('dbo.CentralRepository_Email_Address_MIG') AND NAME ='IXNC_C
Mar 11 2025 11:20PM,ctsazsimipfd.inso1a101c37461fa.database.windows.net,CentralRepository,IF NOT EXISTS(SELECT 1 FROM sys.indexes WHERE object_id = object_id('dbo.EUMS_V_EumsToCrsData_STG_CURR') AND NAME ='IX_EUMS_V_Eu
Mar 11 2025 11:20PM,ctsazsimipfd.inso1a101c37461fa.database.windows.net,CentralRepository,IF NOT EXISTS(SELECT 1 FROM sys.indexes WHERE object_id = object_id('dbo.ESA_PS_PROJ_STATUS_TBL_STG_CURR') AND NAME ='IXNC_ESA_P
Mar 11 2025 11:20PM,ctsazsimipfd.inso1a101c37461fa.database.windows.net,CentralRepository,IF NOT EXISTS(SELECT 1 FROM sys.indexes WHERE object_id = object_id('dbo.CentralRepository_JPMProfileItems_MIG') AND NAME ='IXNC
Mar 11 2025 11:20PM,ctsazsimipfd.inso1a101c37461fa.database.windows.net,CentralRepository,IF NOT EXISTS(SELECT 1 FROM sys.indexes WHERE object_id = object_id('dbo.CentralRepository_JPMProfileItems_MIG') AND NAME ='IXNC
Mar 11 2025 11:20PM,ctsazsimipfd.inso1a101c37461fa.database.windows.net,CentralRepository,IF NOT EXISTS(SELECT 1 FROM sys.indexes WHERE object_id = object_id('dbo.SFDC_Opportunity_STG_CURR') AND NAME ='IXNC_SFDC_Opport
Mar 11 2025 11:20PM,ctsazsimipfd.inso1a101c37461fa.database.windows.net,CentralRepository,IF NOT EXISTS(SELECT 1 FROM sys.indexes WHERE object_id = object_id('dbo.SFDC_Opportunity_STG_CURR') AND NAME ='INDXC_SFDC_Oppor
Mar 11 2025 11:20PM,ctsazsimipfd.inso1a101c37461fa.database.windows.net,CentralRepository,IF NOT EXISTS(SELECT 1 FROM sys.indexes WHERE object_id = object_id('dbo.CentralRepository_Action_Reason_MIG') AND NAME ='IXNC_C
Mar 11 2025 11:20PM,ctsazsimipfd.inso1a101c37461fa.database.windows.net,CentralRepository,IF NOT EXISTS(SELECT 1 FROM sys.indexes WHERE object_id = object_id('dbo.CentralRepository_MyTravel_Details_MIG') AND NAME ='IXN
Mar 11 2025 11:20PM,ctsazsimipfd.inso1a101c37461fa.database.windows.net,CentralRepository,IF NOT EXISTS(SELECT 1 FROM sys.indexes WHERE object_id = object_id('dbo.CentralRepository_MyTravel_Details_MIG') AND NAME ='IXN
Mar 11 2025 11:20PM,ctsazsimipfd.inso1a101c37461fa.database.windows.net,CentralRepository,IF NOT EXISTS(SELECT 1 FROM sys.indexes WHERE object_id = object_id('dbo.HCM_PS_COUNTRY_TBL_STG_CURR') AND NAME ='IXNC_HCM_PS_CO
Mar 11 2025 11:20PM,ctsazsimipfd.inso1a101c37461fa.database.windows.net,CentralRepository,IF NOT EXISTS(SELECT 1 FROM sys.indexes WHERE object_id = object_id('dbo.CentralRepository_ESA_Allocation_MIG') AND NAME ='IXNC_
Mar 11 2025 11:20PM,ctsazsimipfd.inso1a101c37461fa.database.windows.net,CentralRepository,IF NOT EXISTS(SELECT 1 FROM sys.indexes WHERE object_id = object_id('dbo.CentralRepository_ESA_Allocation_MIG') AND NAME ='IXNC_
Mar 11 2025 11:20PM,ctsazsimipfd.inso1a101c37461fa.database.windows.net,CentralRepository,IF NOT EXISTS(SELECT 1 FROM sys.indexes WHERE object_id = object_id('dbo.CentralRepository_ESA_Allocation_MIG') AND NAME ='IXNC_
Mar 11 2025 11:20PM,ctsazsimipfd.inso1a101c37461fa.database.windows.net,CentralRepository,IF NOT EXISTS(SELECT 1 FROM sys.indexes WHERE object_id = object_id('dbo.CentralRepository_ESA_Allocation_MIG') AND NAME ='IXNC_
Mar 11 2025 11:20PM,ctsazsimipfd.inso1a101c37461fa.database.windows.net,CentralRepository,IF NOT EXISTS(SELECT 1 FROM sys.indexes WHERE object_id = object_id('dbo.CentralRepository_ESA_Allocation_MIG') AND NAME ='IXNC_
Mar 11 2025 11:20PM,ctsazsimipfd.inso1a101c37461fa.database.windows.net,CentralRepository,IF NOT EXISTS(SELECT 1 FROM sys.indexes WHERE object_id = object_id('dbo.CentralRepository_ESA_Allocation_MIG') AND NAME ='IXNC_
Mar 11 2025 11:20PM,ctsazsimipfd.inso1a101c37461fa.database.windows.net,CentralRepository,IF NOT EXISTS(SELECT 1 FROM sys.indexes WHERE object_id = object_id('dbo.CentralRepository_ESA_Allocation_MIG') AND NAME ='IXNC_
Mar 11 2025 11:20PM,ctsazsimipfd.inso1a101c37461fa.database.windows.net,CentralRepository,IF NOT EXISTS(SELECT 1 FROM sys.indexes WHERE object_id = object_id('dbo.CentralRepository_ESA_Allocation_MIG') AND NAME ='IXNC_
Mar 11 2025 11:20PM,ctsazsimipfd.inso1a101c37461fa.database.windows.net,CentralRepository,IF NOT EXISTS(SELECT 1 FROM sys.indexes WHERE object_id = object_id('dbo.CentralRepository_ESA_Allocation_MIG') AND NAME ='IXNC_
Mar 11 2025 11:20PM,ctsazsimipfd.inso1a101c37461fa.database.windows.net,CentralRepository,IF NOT EXISTS(SELECT 1 FROM sys.indexes WHERE object_id = object_id('dbo.CentralRepository_ESA_Allocation_MIG') AND NAME ='IXNC_
Mar 11 2025 11:20PM,ctsazsimipfd.inso1a101c37461fa.database.windows.net,CentralRepository,IF NOT EXISTS(SELECT 1 FROM sys.indexes WHERE object_id = object_id('dbo.CentralRepository_ESA_Allocation_MIG') AND NAME ='IXNC_
Mar 11 2025 11:20PM,ctsazsimipfd.inso1a101c37461fa.database.windows.net,CentralRepository,IF NOT EXISTS(SELECT 1 FROM sys.indexes WHERE object_id = object_id('dbo.CentralRepository_ESA_Allocation_MIG') AND NAME ='IXNC_
Mar 11 2025 11:20PM,ctsazsimipfd.inso1a101c37461fa.database.windows.net,CentralRepository,IF NOT EXISTS(SELECT 1 FROM sys.indexes WHERE object_id = object_id('dbo.MSsnapshotdeliveryprogress') AND NAME ='ci_MSsnapshotde
Mar 11 2025 11:20PM,ctsazsimipfd.inso1a101c37461fa.database.windows.net,CentralRepository,IF NOT EXISTS(SELECT 1 FROM sys.indexes WHERE object_id = object_id('dbo.MSsnapshotdeliveryprogress') AND NAME ='nci_MSsnapshotd
Mar 11 2025 11:20PM,ctsazsimipfd.inso1a101c37461fa.database.windows.net,CentralRepository,IF NOT EXISTS(SELECT 1 FROM sys.indexes WHERE object_id = object_id('dbo.CentralRepository_Grade_Master_MIG') AND NAME ='IXNC_Ce
Mar 11 2025 11:20PM,ctsazsimipfd.inso1a101c37461fa.database.windows.net,CentralRepository,IF NOT EXISTS(SELECT 1 FROM sys.indexes WHERE object_id = object_id('dbo.CentralRepository_EAM_Leavedata_MIG') AND NAME ='INDXC_
Mar 11 2025 11:20PM,ctsazsimipfd.inso1a101c37461fa.database.windows.net,CentralRepository,IF NOT EXISTS(SELECT 1 FROM sys.indexes WHERE object_id = object_id('dbo.HCM_PS_CT_CLUSTERSETUP_STG_CURR') AND NAME ='IXNC_HCM_P
Mar 11 2025 11:20PM,ctsazsimipfd.inso1a101c37461fa.database.windows.net,CentralRepository,IF NOT EXISTS(SELECT 1 FROM sys.indexes WHERE object_id = object_id('dbo.HCM_PS_CT_CLUSTERSETUP_STG_CURR') AND NAME ='IXNC_HCM_P
Mar 11 2025 11:20PM,ctsazsimipfd.inso1a101c37461fa.database.windows.net,CentralRepository,IF NOT EXISTS(SELECT 1 FROM sys.indexes WHERE object_id = object_id('dbo.CentralRepository_HCM_RoleAttributes_MIG') AND NAME ='I
Mar 11 2025 11:20PM,ctsazsimipfd.inso1a101c37461fa.database.windows.net,CentralRepository,IF NOT EXISTS(SELECT 1 FROM sys.indexes WHERE object_id = object_id('dbo.CentralRepository_HCM_RoleAttributes_MIG') AND NAME ='I
Mar 11 2025 11:20PM,ctsazsimipfd.inso1a101c37461fa.database.windows.net,CentralRepository,IF NOT EXISTS(SELECT 1 FROM sys.indexes WHERE object_id = object_id('dbo.CentralRepository_GSMS_AssociateSeatInfo_MIG') AND NAME
Mar 11 2025 11:20PM,ctsazsimipfd.inso1a101c37461fa.database.windows.net,CentralRepository,IF NOT EXISTS(SELECT 1 FROM sys.indexes WHERE object_id = object_id('dbo.CentralRepository_GSMS_AssociateSeatInfo_MIG') AND NAME
Mar 11 2025 11:20PM,ctsazsimipfd.inso1a101c37461fa.database.windows.net,CentralRepository,IF NOT EXISTS(SELECT 1 FROM sys.indexes WHERE object_id = object_id('dbo.CentralRepository_GSMS_AssociateSeatInfo_MIG') AND NAME
Mar 11 2025 11:20PM,ctsazsimipfd.inso1a101c37461fa.database.windows.net,CentralRepository,IF NOT EXISTS(SELECT 1 FROM sys.indexes WHERE object_id = object_id('dbo.CentralRepository_Project_MIG') AND NAME ='IXNC_Central
Mar 11 2025 11:20PM,ctsazsimipfd.inso1a101c37461fa.database.windows.net,CentralRepository,IF NOT EXISTS(SELECT 1 FROM sys.indexes WHERE object_id = object_id('dbo.CentralRepository_Project_MIG') AND NAME ='IXNC_Central
Mar 11 2025 11:20PM,ctsazsimipfd.inso1a101c37461fa.database.windows.net,CentralRepository,IF NOT EXISTS(SELECT 1 FROM sys.indexes WHERE object_id = object_id('dbo.CentralRepository_Project_MIG') AND NAME ='IXNC_Central
Mar 11 2025 11:20PM,ctsazsimipfd.inso1a101c37461fa.database.windows.net,CentralRepository,IF NOT EXISTS(SELECT 1 FROM sys.indexes WHERE object_id = object_id('dbo.CentralRepository_Project_MIG') AND NAME ='IXNC_Central
Mar 11 2025 11:20PM,ctsazsimipfd.inso1a101c37461fa.database.windows.net,CentralRepository,IF NOT EXISTS(SELECT 1 FROM sys.indexes WHERE object_id = object_id('dbo.CentralRepository_Project_MIG') AND NAME ='IXNC_1Centra
Mar 11 2025 11:20PM,ctsazsimipfd.inso1a101c37461fa.database.windows.net,CentralRepository,IF NOT EXISTS(SELECT 1 FROM sys.indexes WHERE object_id = object_id('dbo.CentralRepository_Project_MIG') AND NAME ='IXNC_Project
Mar 11 2025 11:20PM,ctsazsimipfd.inso1a101c37461fa.database.windows.net,CentralRepository,IF NOT EXISTS(SELECT 1 FROM sys.indexes WHERE object_id = object_id('dbo.CentralRepository_Project_MIG') AND NAME ='IXNC_Central
Mar 11 2025 11:20PM,ctsazsimipfd.inso1a101c37461fa.database.windows.net,CentralRepository,IF NOT EXISTS(SELECT 1 FROM sys.indexes WHERE object_id = object_id('dbo.CentralRepository_Project_MIG') AND NAME ='IXNC_Central
Mar 11 2025 11:20PM,ctsazsimipfd.inso1a101c37461fa.database.windows.net,CentralRepository,IF NOT EXISTS(SELECT 1 FROM sys.indexes WHERE object_id = object_id('dbo.HCM_PS_CT_DEPT_TYPE_STG_CURR') AND NAME ='IXNC_HCM_PS_C
Mar 11 2025 11:20PM,ctsazsimipfd.inso1a101c37461fa.database.windows.net,CentralRepository,IF NOT EXISTS(SELECT 1 FROM sys.indexes WHERE object_id = object_id('dbo.HCM_PS_CT_DEPT_TYPE_STG_CURR') AND NAME ='IXNC_HCM_PS_C
Mar 11 2025 11:20PM,ctsazsimipfd.inso1a101c37461fa.database.windows.net,CentralRepository,IF NOT EXISTS(SELECT 1 FROM sys.indexes WHERE object_id = object_id('dbo.CentralRepository_JOB_Reference_MIG') AND NAME ='IXNC_C
Mar 11 2025 11:20PM,ctsazsimipfd.inso1a101c37461fa.database.windows.net,CentralRepository,IF NOT EXISTS(SELECT 1 FROM sys.indexes WHERE object_id = object_id('dbo.CentralRepository_JOB_Reference_MIG') AND NAME ='IXNC_C
Mar 11 2025 11:20PM,ctsazsimipfd.inso1a101c37461fa.database.windows.net,CentralRepository,IF NOT EXISTS(SELECT 1 FROM sys.indexes WHERE object_id = object_id('dbo.CentralRepository_JOB_Reference_MIG') AND NAME ='IXNC_C
Mar 11 2025 11:20PM,ctsazsimipfd.inso1a101c37461fa.database.windows.net,CentralRepository,IF NOT EXISTS(SELECT 1 FROM sys.indexes WHERE object_id = object_id('dbo.CentralRepository_JOB_Reference_MIG') AND NAME ='IXNC_C
Mar 11 2025 11:20PM,ctsazsimipfd.inso1a101c37461fa.database.windows.net,CentralRepository,IF NOT EXISTS(SELECT 1 FROM sys.indexes WHERE object_id = object_id('dbo.CentralRepository_JOB_Reference_MIG') AND NAME ='IXNC_C
Mar 11 2025 11:20PM,ctsazsimipfd.inso1a101c37461fa.database.windows.net,CentralRepository,IF NOT EXISTS(SELECT 1 FROM sys.indexes WHERE object_id = object_id('dbo.CentralRepository_Horizontal_master_MIG') AND NAME ='IX
Mar 11 2025 11:20PM,ctsazsimipfd.inso1a101c37461fa.database.windows.net,CentralRepository,IF NOT EXISTS(SELECT 1 FROM sys.indexes WHERE object_id = object_id('dbo.CentralRepository_RHMS_RoleDetails_MIG') AND NAME ='IXN
Mar 11 2025 11:20PM,ctsazsimipfd.inso1a101c37461fa.database.windows.net,CentralRepository,IF NOT EXISTS(SELECT 1 FROM sys.indexes WHERE object_id = object_id('dbo.CentralRepository_Associate_Details_History_MIG') AND N
Mar 11 2025 11:20PM,ctsazsimipfd.inso1a101c37461fa.database.windows.net,CentralRepository,IF NOT EXISTS(SELECT 1 FROM sys.indexes WHERE object_id = object_id('dbo.CHIRE_REQUISITIONDETAILS_STG_CURR') AND NAME ='INDX_CHI
Mar 11 2025 11:20PM,ctsazsimipfd.inso1a101c37461fa.database.windows.net,CentralRepository,IF NOT EXISTS(SELECT 1 FROM sys.indexes WHERE object_id = object_id('dbo.CHIRE_REQUISITIONDETAILS_STG_CURR') AND NAME ='INDX_CHI
Mar 11 2025 11:20PM,ctsazsimipfd.inso1a101c37461fa.database.windows.net,CentralRepository,IF NOT EXISTS(SELECT 1 FROM sys.indexes WHERE object_id = object_id('dbo.CHIRE_REQUISITIONDETAILS_STG_CURR') AND NAME ='INDX_CHI
Mar 11 2025 11:20PM,ctsazsimipfd.inso1a101c37461fa.database.windows.net,CentralRepository,IF NOT EXISTS(SELECT 1 FROM sys.indexes WHERE object_id = object_id('dbo.CHIRE_REQUISITIONDETAILS_STG_CURR') AND NAME ='IXNC_CHi
Mar 11 2025 11:20PM,ctsazsimipfd.inso1a101c37461fa.database.windows.net,CentralRepository,IF NOT EXISTS(SELECT 1 FROM sys.indexes WHERE object_id = object_id('dbo.CHire_CandidateCurrentOffer_STG_CURR') AND NAME ='IXNC_
Mar 11 2025 11:20PM,ctsazsimipfd.inso1a101c37461fa.database.windows.net,CentralRepository,IF NOT EXISTS(SELECT 1 FROM sys.indexes WHERE object_id = object_id('dbo.CHire_CandidateCurrentOffer_STG_CURR') AND NAME ='IXNC_
Mar 11 2025 11:20PM,ctsazsimipfd.inso1a101c37461fa.database.windows.net,CentralRepository,IF NOT EXISTS(SELECT 1 FROM sys.indexes WHERE object_id = object_id('dbo.CentralRepository_JobFamilyMaster_MIG') AND NAME ='INDX
Mar 11 2025 11:20PM,ctsazsimipfd.inso1a101c37461fa.database.windows.net,CentralRepository,IF NOT EXISTS(SELECT 1 FROM sys.indexes WHERE object_id = object_id('dbo.CentralRepository_AssociatePool_MIG') AND NAME ='IXNC_C
Mar 11 2025 11:20PM,ctsazsimipfd.inso1a101c37461fa.database.windows.net,CentralRepository,IF NOT EXISTS(SELECT 1 FROM sys.indexes WHERE object_id = object_id('dbo.CentralRepository_Pool_MIG') AND NAME ='IXDC_CentralRep
Mar 11 2025 11:20PM,ctsazsimipfd.inso1a101c37461fa.database.windows.net,CentralRepository,IF NOT EXISTS(SELECT 1 FROM sys.indexes WHERE object_id = object_id('dbo.sysdiagrams') AND NAME ='UK_principal_name') CREATE UNI
Mar 11 2025 11:20PM,ctsazsimipfd.inso1a101c37461fa.database.windows.net,CentralRepository,IF NOT EXISTS(SELECT 1 FROM sys.indexes WHERE object_id = object_id('dbo.CentralRepository_Cdeploy_Associateproposaldetails_MIG'
Mar 11 2025 11:20PM,ctsazsimipfd.inso1a101c37461fa.database.windows.net,CentralRepository,IF NOT EXISTS(SELECT 1 FROM sys.indexes WHERE object_id = object_id('dbo.CentralRepository_Set_ProjectStatus_MIG') AND NAME ='IX
Mar 11 2025 11:20PM,ctsazsimipfd.inso1a101c37461fa.database.windows.net,CentralRepository,IF NOT EXISTS(SELECT 1 FROM sys.indexes WHERE object_id = object_id('dbo.CentralRepository_Set_ProjectStatus_MIG') AND NAME ='IX
Mar 11 2025 11:20PM,ctsazsimipfd.inso1a101c37461fa.database.windows.net,CentralRepository,IF NOT EXISTS(SELECT 1 FROM sys.indexes WHERE object_id = object_id('dbo.CentralRepository_Set_ProjectStatus_MIG') AND NAME ='IX
Mar 11 2025 11:20PM,ctsazsimipfd.inso1a101c37461fa.database.windows.net,CentralRepository,IF NOT EXISTS(SELECT 1 FROM sys.indexes WHERE object_id = object_id('dbo.MSreplication_subscriptions') AND NAME ='uc1MSReplicati
Mar 11 2025 11:20PM,ctsazsimipfd.inso1a101c37461fa.database.windows.net,CentralRepository,IF NOT EXISTS(SELECT 1 FROM sys.indexes WHERE object_id = object_id('dbo.MSsubscription_agents') AND NAME ='ucMSsubscription_age
Mar 11 2025 11:20PM,ctsazsimipfd.inso1a101c37461fa.database.windows.net,CentralRepository,IF NOT EXISTS(SELECT 1 FROM sys.indexes WHERE object_id = object_id('dbo.MSsubscription_agents') AND NAME ='ucMSsubscription_age
Mar 11 2025 11:20PM,ctsazsimipfd.inso1a101c37461fa.database.windows.net,CentralRepository,IF NOT EXISTS(SELECT 1 FROM sys.indexes WHERE object_id = object_id('dbo.CHire_CandidatePersonalDetail_STG_CURR') AND NAME ='IND
Mar 11 2025 11:20PM,ctsazsimipfd.inso1a101c37461fa.database.windows.net,CentralRepository,IF NOT EXISTS(SELECT 1 FROM sys.indexes WHERE object_id = object_id('dbo.CHire_CandidatePersonalDetail_STG_CURR') AND NAME ='IND
Mar 11 2025 11:20PM,ctsazsimipfd.inso1a101c37461fa.database.windows.net,CentralRepository,IF NOT EXISTS(SELECT 1 FROM sys.indexes WHERE object_id = object_id('dbo.CHire_CandidatePersonalDetail_STG_CURR') AND NAME ='IND
Mar 11 2025 11:20PM,ctsazsimipfd.inso1a101c37461fa.database.windows.net,CentralRepository,IF NOT EXISTS(SELECT 1 FROM sys.indexes WHERE object_id = object_id('dbo.CHire_CandidatePersonalDetail_STG_CURR') AND NAME ='IND
Mar 11 2025 11:20PM,ctsazsimipfd.inso1a101c37461fa.database.windows.net,CentralRepository,IF NOT EXISTS(SELECT 1 FROM sys.indexes WHERE object_id = object_id('dbo.CENTRALREPOSITORY_CANDIDATEDETAILS_MIG') AND NAME ='IXN
Mar 11 2025 11:20PM,ctsazsimipfd.inso1a101c37461fa.database.windows.net,CentralRepository,IF NOT EXISTS(SELECT 1 FROM sys.indexes WHERE object_id = object_id('dbo.SFDC_Renewal_Expansion_Projects_STG_CURR') AND NAME ='I
Mar 11 2025 11:20PM,ctsazsimipfd.inso1a101c37461fa.database.windows.net,CentralRepository,IF NOT EXISTS(SELECT 1 FROM sys.indexes WHERE object_id = object_id('dbo.HCM_PS_BUS_UNIT_TBL_HR_STG_CURR') AND NAME ='IXNC_HCM_P
Mar 11 2025 11:20PM,ctsazsimipfd.inso1a101c37461fa.database.windows.net,CentralRepository,IF NOT EXISTS(SELECT 1 FROM sys.indexes WHERE object_id = object_id('dbo.HCM_PS_BUS_UNIT_TBL_HR_STG_CURR') AND NAME ='IXNC_HCM_P
Mar 11 2025 11:20PM,ctsazsimipfd.inso1a101c37461fa.database.windows.net,CentralRepository,IF NOT EXISTS(SELECT 1 FROM sys.indexes WHERE object_id = object_id('dbo.HCM_PS_BUS_UNIT_TBL_HR_STG_CURR') AND NAME ='IXNC_HCM_P
Mar 11 2025 11:20PM,ctsazsimipfd.inso1a101c37461fa.database.windows.net,CentralRepository,IF NOT EXISTS(SELECT 1 FROM sys.indexes WHERE object_id = object_id('dbo.HCM_PS_JOB_TASK_TBL_STG_CURR') AND NAME ='INDXC_HCM_PS_
Mar 11 2025 11:20PM,ctsazsimipfd.inso1a101c37461fa.database.windows.net,CentralRepository,IF NOT EXISTS(SELECT 1 FROM sys.indexes WHERE object_id = object_id('dbo.HCM_PS_JOB_TASK_TBL_STG_CURR') AND NAME ='INDXC_HCM_PS_
Mar 11 2025 11:20PM,ctsazsimipfd.inso1a101c37461fa.database.windows.net,CentralRepository,IF NOT EXISTS(SELECT 1 FROM sys.indexes WHERE object_id = object_id('dbo.CentralRepository_Contacts_MIG') AND NAME ='IXNC_Centra
Mar 11 2025 11:20PM,ctsazsimipfd.inso1a101c37461fa.database.windows.net,CentralRepository,IF NOT EXISTS(SELECT 1 FROM sys.indexes WHERE object_id = object_id('dbo.CentralRepository_Contacts_MIG') AND NAME ='IXNC_Centra
Mar 11 2025 11:20PM,ctsazsimipfd.inso1a101c37461fa.database.windows.net,CentralRepository,IF NOT EXISTS(SELECT 1 FROM sys.indexes WHERE object_id = object_id('dbo.HCM_PS_JPM_CAT_GROUPS_STG_CURR') AND NAME ='IXNC_HCM_PS
Mar 11 2025 11:20PM,ctsazsimipfd.inso1a101c37461fa.database.windows.net,CentralRepository,IF NOT EXISTS(SELECT 1 FROM sys.indexes WHERE object_id = object_id('dbo.HCM_PS_JOBCODE_TBL_STG_CURR') AND NAME ='IXNC_HCM_PS_JO
Mar 11 2025 11:20PM,ctsazsimipfd.inso1a101c37461fa.database.windows.net,CentralRepository,IF NOT EXISTS(SELECT 1 FROM sys.indexes WHERE object_id = object_id('dbo.HCM_PS_JOBCODE_TBL_STG_CURR') AND NAME ='IXNC_HCM_PS_JO
Mar 11 2025 11:20PM,ctsazsimipfd.inso1a101c37461fa.database.windows.net,CentralRepository,IF NOT EXISTS(SELECT 1 FROM sys.indexes WHERE object_id = object_id('dbo.HCM_PS_JOBCODE_TBL_STG_CURR') AND NAME ='IXNC_HCM_PS_JO
Mar 11 2025 11:20PM,ctsazsimipfd.inso1a101c37461fa.database.windows.net,CentralRepository,IF NOT EXISTS(SELECT 1 FROM sys.indexes WHERE object_id = object_id('dbo.HCM_PS_JOBCODE_TBL_STG_CURR') AND NAME ='IXNC_HCM_PS_JO
Mar 11 2025 11:20PM,ctsazsimipfd.inso1a101c37461fa.database.windows.net,CentralRepository,IF NOT EXISTS(SELECT 1 FROM sys.indexes WHERE object_id = object_id('dbo.HCM_PS_JOBCODE_TBL_STG_CURR') AND NAME ='IXNC_HCM_PS_JO
Mar 11 2025 11:20PM,ctsazsimipfd.inso1a101c37461fa.database.windows.net,CentralRepository,IF NOT EXISTS(SELECT 1 FROM sys.indexes WHERE object_id = object_id('dbo.HCM_PS_JOBCODE_TBL_STG_CURR') AND NAME ='IXNC_HCM_PS_JO
Mar 11 2025 11:20PM,ctsazsimipfd.inso1a101c37461fa.database.windows.net,CentralRepository,IF NOT EXISTS(SELECT 1 FROM sys.indexes WHERE object_id = object_id('dbo.HCM_PS_JOBCODE_TBL_STG_CURR') AND NAME ='IXNC_HCM_PS_JO
Mar 11 2025 11:20PM,ctsazsimipfd.inso1a101c37461fa.database.windows.net,CentralRepository,IF NOT EXISTS(SELECT 1 FROM sys.indexes WHERE object_id = object_id('dbo.HCM_PS_JOBCODE_TBL_STG_CURR') AND NAME ='IXNC_HCM_PS_JO
Mar 11 2025 11:20PM,ctsazsimipfd.inso1a101c37461fa.database.windows.net,CentralRepository,IF NOT EXISTS(SELECT 1 FROM sys.indexes WHERE object_id = object_id('dbo.HCM_PS_JOBCODE_TBL_STG_CURR') AND NAME ='IXNC_HCM_PS_JO
Mar 11 2025 11:20PM,ctsazsimipfd.inso1a101c37461fa.database.windows.net,CentralRepository,IF NOT EXISTS(SELECT 1 FROM sys.indexes WHERE object_id = object_id('dbo.DataRetention_RegionDataRetentionRule_STG_CURR') AND NA
Mar 11 2025 11:20PM,ctsazsimipfd.inso1a101c37461fa.database.windows.net,CentralRepository,IF NOT EXISTS(SELECT 1 FROM sys.indexes WHERE object_id = object_id('dbo.HCM_PS_VISA_PERMIT_TBL_STG_CURR') AND NAME ='IXNC_HCM_P
Mar 11 2025 11:20PM,ctsazsimipfd.inso1a101c37461fa.database.windows.net,CentralRepository,IF NOT EXISTS(SELECT 1 FROM sys.indexes WHERE object_id = object_id('dbo.CentralRepository_Company_Master_MIG') AND NAME ='INDXC
Mar 11 2025 11:20PM,ctsazsimipfd.inso1a101c37461fa.database.windows.net,CentralRepository,IF NOT EXISTS(SELECT 1 FROM sys.indexes WHERE object_id = object_id('dbo.MSsavedforeignkeys') AND NAME ='ci_MSsavedforeignkeys')
Mar 11 2025 11:20PM,ctsazsimipfd.inso1a101c37461fa.database.windows.net,CentralRepository,IF NOT EXISTS(SELECT 1 FROM sys.indexes WHERE object_id = object_id('dbo.MSsavedforeignkeys') AND NAME ='nci_MSsavedforeignkeys_
Mar 11 2025 11:20PM,ctsazsimipfd.inso1a101c37461fa.database.windows.net,CentralRepository,IF NOT EXISTS(SELECT 1 FROM sys.indexes WHERE object_id = object_id('dbo.HCM_PS_CT_STATE_TBL_VW_CRS_STG_CURR') AND NAME ='IXNC_H
Mar 11 2025 11:20PM,ctsazsimipfd.inso1a101c37461fa.database.windows.net,CentralRepository,IF NOT EXISTS(SELECT 1 FROM sys.indexes WHERE object_id = object_id('dbo.Centralrepository_Concur_Mailrequest_MIG') AND NAME ='I
Mar 11 2025 11:20PM,ctsazsimipfd.inso1a101c37461fa.database.windows.net,CentralRepository,IF NOT EXISTS(SELECT 1 FROM sys.indexes WHERE object_id = object_id('dbo.MSreplication_objects') AND NAME ='ucMSreplication_obje
Mar 11 2025 11:20PM,ctsazsimipfd.inso1a101c37461fa.database.windows.net,CentralRepository,IF NOT EXISTS(SELECT 1 FROM sys.indexes WHERE object_id = object_id('dbo.MSsavedforeignkeycolumns') AND NAME ='ci_MSsavedforeign
Mar 11 2025 11:20PM,ctsazsimipfd.inso1a101c37461fa.database.windows.net,CentralRepository,IF NOT EXISTS(SELECT 1 FROM sys.indexes WHERE object_id = object_id('dbo.MSsavedforeignkeycolumns') AND NAME ='nci_MSsavedforeig
Mar 11 2025 11:20PM,ctsazsimipfd.inso1a101c37461fa.database.windows.net,CentralRepository,IF NOT EXISTS(SELECT 1 FROM sys.indexes WHERE object_id = object_id('dbo.MSsavedforeignkeyextendedproperties') AND NAME ='ci_MSs
Mar 11 2025 11:20PM,ctsazsimipfd.inso1a101c37461fa.database.windows.net,CentralRepository,IF NOT EXISTS(SELECT 1 FROM sys.indexes WHERE object_id = object_id('dbo.MSsavedforeignkeyextendedproperties') AND NAME ='nci_MS
Mar 11 2025 11:20PM,ctsazsimipfd.inso1a101c37461fa.database.windows.net,CentralRepository,IF NOT EXISTS(SELECT 1 FROM sys.indexes WHERE object_id = object_id('dbo.CentralRepository_RMG_ResourceRequest_MIG') AND NAME ='
Mar 11 2025 11:20PM,ctsazsimipfd.inso1a101c37461fa.database.windows.net,CentralRepository,IF NOT EXISTS(SELECT 1 FROM sys.indexes WHERE object_id = object_id('dbo.CentralRepository_RMG_ResourceRequest_MIG') AND NAME ='
Mar 11 2025 11:20PM,ctsazsimipfd.inso1a101c37461fa.database.windows.net,CentralRepository,IF NOT EXISTS(SELECT 1 FROM sys.indexes WHERE object_id = object_id('dbo.CentralRepository_RMG_ResourceRequest_MIG') AND NAME ='
Mar 11 2025 11:20PM,ctsazsimipfd.inso1a101c37461fa.database.windows.net,CentralRepository,IF NOT EXISTS(SELECT 1 FROM sys.indexes WHERE object_id = object_id('dbo.CentralRepository_RMG_ResourceRequest_MIG') AND NAME ='
Mar 11 2025 11:20PM,ctsazsimipfd.inso1a101c37461fa.database.windows.net,CentralRepository,IF NOT EXISTS(SELECT 1 FROM sys.indexes WHERE object_id = object_id('dbo.CentralRepository_RMG_ResourceRequest_MIG') AND NAME ='
Mar 11 2025 11:20PM,ctsazsimipfd.inso1a101c37461fa.database.windows.net,CentralRepository,IF NOT EXISTS(SELECT 1 FROM sys.indexes WHERE object_id = object_id('dbo.CentralRepository_RMG_ResourceRequest_MIG') AND NAME ='
Mar 11 2025 11:20PM,ctsazsimipfd.inso1a101c37461fa.database.windows.net,CentralRepository,IF NOT EXISTS(SELECT 1 FROM sys.indexes WHERE object_id = object_id('dbo.HCM_PS_JPM_CAT_GMEMB_STG_CURR') AND NAME ='INDXC_HCM_PS
Mar 11 2025 11:20PM,ctsazsimipfd.inso1a101c37461fa.database.windows.net,CentralRepository,IF NOT EXISTS(SELECT 1 FROM sys.indexes WHERE object_id = object_id('dbo.Centralrepository_Concur_PersonalExpense_MIG') AND NAME
Mar 11 2025 11:20PM,ctsazsimipfd.inso1a101c37461fa.database.windows.net,CentralRepository,IF NOT EXISTS(SELECT 1 FROM sys.indexes WHERE object_id = object_id('dbo.CentralRepository_ESA_ProjectSupervisor_MIG') AND NAME 
Mar 11 2025 11:20PM,ctsazsimipfd.inso1a101c37461fa.database.windows.net,CentralRepository,IF NOT EXISTS(SELECT 1 FROM sys.indexes WHERE object_id = object_id('dbo.ESA_PS_PROJECT_MGR_STG_CURR') AND NAME ='IXNC_ESA_PS_PR
Mar 11 2025 11:20PM,ctsazsimipfd.inso1a101c37461fa.database.windows.net,CentralRepository,IF NOT EXISTS(SELECT 1 FROM sys.indexes WHERE object_id = object_id('dbo.ESA_PS_PROJECT_MGR_STG_CURR') AND NAME ='IXNC_ESA_PS_PR
Mar 11 2025 11:20PM,ctsazsimipfd.inso1a101c37461fa.database.windows.net,CentralRepository,IF NOT EXISTS(SELECT 1 FROM sys.indexes WHERE object_id = object_id('dbo.ESA_PS_PROJECT_MGR_STG_CURR') AND NAME ='IXNC_ESA_PS_PR
Mar 11 2025 11:20PM,ctsazsimipfd.inso1a101c37461fa.database.windows.net,CentralRepository,IF NOT EXISTS(SELECT 1 FROM sys.indexes WHERE object_id = object_id('dbo.ESA_PS_PROJECT_MGR_STG_CURR') AND NAME ='IXNC_ESA_PS_PR
Mar 11 2025 11:20PM,ctsazsimipfd.inso1a101c37461fa.database.windows.net,CentralRepository,IF NOT EXISTS(SELECT 1 FROM sys.indexes WHERE object_id = object_id('dbo.ESA_PS_PROJECT_MGR_STG_CURR') AND NAME ='IXNC_ESA_PS_PR
Mar 11 2025 11:20PM,ctsazsimipfd.inso1a101c37461fa.database.windows.net,CentralRepository,IF NOT EXISTS(SELECT 1 FROM sys.indexes WHERE object_id = object_id('dbo.ESA_PS_PROJECT_MGR_STG_CURR') AND NAME ='IXNC_ESA_PS_PR
Mar 11 2025 11:20PM,ctsazsimipfd.inso1a101c37461fa.database.windows.net,CentralRepository,IF NOT EXISTS(SELECT 1 FROM sys.indexes WHERE object_id = object_id('dbo.SFDC_OpportunityLineItem_STG_CURR') AND NAME ='IXNC_SFD
Mar 11 2025 11:20PM,ctsazsimipfd.inso1a101c37461fa.database.windows.net,CentralRepository,IF NOT EXISTS(SELECT 1 FROM sys.indexes WHERE object_id = object_id('dbo.SFDC_OpportunityLineItem_STG_CURR') AND NAME ='IXNC_SFD
Mar 11 2025 11:20PM,ctsazsimipfd.inso1a101c37461fa.database.windows.net,CentralRepository,IF NOT EXISTS(SELECT 1 FROM sys.indexes WHERE object_id = object_id('dbo.Centralrepository_ESA_PCBdata_Mig') AND NAME ='IXNC_Cen
Mar 11 2025 11:20PM,ctsazsimipfd.inso1a101c37461fa.database.windows.net,CentralRepository,IF NOT EXISTS(SELECT 1 FROM sys.indexes WHERE object_id = object_id('dbo.ESA_PS_CTS_RM_DPTPL_MP_STG_CURR') AND NAME ='IXNC_ESA_P
Mar 11 2025 11:20PM,ctsazsimipfd.inso1a101c37461fa.database.windows.net,CentralRepository,IF NOT EXISTS(SELECT 1 FROM sys.indexes WHERE object_id = object_id('dbo.ESA_PS_CTS_RM_DPTPL_MP_STG_CURR') AND NAME ='IXNC_ESA_P
Mar 11 2025 11:20PM,ctsazsimipfd.inso1a101c37461fa.database.windows.net,CentralRepository,IF NOT EXISTS(SELECT 1 FROM sys.indexes WHERE object_id = object_id('dbo.FMS_PS_RT_RATE_TBL_STG_CURR') AND NAME ='IXNC_FMS_PS_RT
Mar 11 2025 11:20PM,ctsazsimipfd.inso1a101c37461fa.database.windows.net,CentralRepository,IF NOT EXISTS(SELECT 1 FROM sys.indexes WHERE object_id = object_id('dbo.FMS_PS_RT_RATE_TBL_STG_CURR') AND NAME ='IXNC_FMS_PS_RT
Mar 11 2025 11:20PM,ctsazsimipfd.inso1a101c37461fa.database.windows.net,CentralRepository,IF NOT EXISTS(SELECT 1 FROM sys.indexes WHERE object_id = object_id('dbo.FMS_PS_RT_RATE_TBL_STG_CURR') AND NAME ='IXNC_FMS_PS_RT
Mar 11 2025 11:20PM,ctsazsimipfd.inso1a101c37461fa.database.windows.net,CentralRepository,IF NOT EXISTS(SELECT 1 FROM sys.indexes WHERE object_id = object_id('dbo.Centralrepository_ESA_UserRoles_MIG') AND NAME ='IXNC_C
Mar 11 2025 11:20PM,ctsazsimipfd.inso1a101c37461fa.database.windows.net,CentralRepository,IF NOT EXISTS(SELECT 1 FROM sys.indexes WHERE object_id = object_id('dbo.ESA_PS_PGM_APPLAREA_AC_STG_CURR') AND NAME ='IXNC_PKESA
Mar 11 2025 11:20PM,ctsazsimipfd.inso1a101c37461fa.database.windows.net,CentralRepository,IF NOT EXISTS(SELECT 1 FROM sys.indexes WHERE object_id = object_id('dbo.HCM_PF_SKILL_CAT_ITEMS_STG_CURR_MIG') AND NAME ='IXNC_H
Mar 11 2025 11:20PM,ctsazsimipfd.inso1a101c37461fa.database.windows.net,CentralRepository,IF NOT EXISTS(SELECT 1 FROM sys.indexes WHERE object_id = object_id('dbo.HCM_PF_SKILL_CAT_ITEMS_STG_CURR_MIG') AND NAME ='IXNC_H
Mar 11 2025 11:20PM,ctsazsimipfd.inso1a101c37461fa.database.windows.net,CentralRepository,IF NOT EXISTS(SELECT 1 FROM sys.indexes WHERE object_id = object_id('dbo.HCM_PF_SKILL_CAT_ITEMS_STG_CURR_MIG') AND NAME ='IXNC_H
Mar 11 2025 11:20PM,ctsazsimipfd.inso1a101c37461fa.database.windows.net,CentralRepository,IF NOT EXISTS(SELECT 1 FROM sys.indexes WHERE object_id = object_id('dbo.HCM_PF_SKILL_CAT_ITEMS_STG_CURR_MIG') AND NAME ='IXNC_H
Mar 11 2025 11:20PM,ctsazsimipfd.inso1a101c37461fa.database.windows.net,CentralRepository,IF NOT EXISTS(SELECT 1 FROM sys.indexes WHERE object_id = object_id('dbo.HCM_PF_SKILL_CAT_ITEMS_STG_CURR_MIG') AND NAME ='IXNC_H
Mar 11 2025 11:20PM,ctsazsimipfd.inso1a101c37461fa.database.windows.net,CentralRepository,IF NOT EXISTS(SELECT 1 FROM sys.indexes WHERE object_id = object_id('dbo.CentralRepository_Jobtask_MIG') AND NAME ='INDXC_Centra
Mar 11 2025 11:20PM,ctsazsimipfd.inso1a101c37461fa.database.windows.net,CentralRepository,IF NOT EXISTS(SELECT 1 FROM sys.indexes WHERE object_id = object_id('dbo.CentralRepository_Jobtask_MIG') AND NAME ='INDXC_Centra
Mar 11 2025 11:20PM,ctsazsimipfd.inso1a101c37461fa.database.windows.net,CentralRepository,IF NOT EXISTS(SELECT 1 FROM sys.indexes WHERE object_id = object_id('dbo.LM_vw_LocationMaster_STG_CURR') AND NAME ='IXNC_PK_LM_v
Mar 11 2025 11:20PM,ctsazsimipfd.inso1a101c37461fa.database.windows.net,CentralRepository,IF NOT EXISTS(SELECT 1 FROM sys.indexes WHERE object_id = object_id('dbo.LM_vw_LocationMaster_STG_CURR') AND NAME ='IXNC_vw_LM_v
Mar 11 2025 11:20PM,ctsazsimipfd.inso1a101c37461fa.database.windows.net,CentralRepository,IF NOT EXISTS(SELECT 1 FROM sys.indexes WHERE object_id = object_id('dbo.LM_vw_LocationMaster_STG_CURR') AND NAME ='IXNC_LM_vw_L
Mar 11 2025 11:20PM,ctsazsimipfd.inso1a101c37461fa.database.windows.net,CentralRepository,IF NOT EXISTS(SELECT 1 FROM sys.indexes WHERE object_id = object_id('dbo.LM_vw_LocationMaster_STG_CURR') AND NAME ='IXNC_LM_vw_L
Mar 11 2025 11:20PM,ctsazsimipfd.inso1a101c37461fa.database.windows.net,CentralRepository,IF NOT EXISTS(SELECT 1 FROM sys.indexes WHERE object_id = object_id('dbo.LM_vw_LocationMaster_STG_CURR') AND NAME ='IXNC_LM_vw_L
Mar 11 2025 11:20PM,ctsazsimipfd.inso1a101c37461fa.database.windows.net,CentralRepository,IF NOT EXISTS(SELECT 1 FROM sys.indexes WHERE object_id = object_id('dbo.CentralRepository_Accomplishment_MIG') AND NAME ='IXNC_
Mar 11 2025 11:20PM,ctsazsimipfd.inso1a101c37461fa.database.windows.net,CentralRepository,IF NOT EXISTS(SELECT 1 FROM sys.indexes WHERE object_id = object_id('dbo.ESA_PS_PGM_APPLICATION_STG_CURR') AND NAME ='IXNC_ESA_P
Mar 11 2025 11:20PM,ctsazsimipfd.inso1a101c37461fa.database.windows.net,CentralRepository,IF NOT EXISTS(SELECT 1 FROM sys.indexes WHERE object_id = object_id('dbo.HCM_PS_CM_ROLE_COMPS_STG_CURR') AND NAME ='IXNC_HCM_PS_
Mar 11 2025 11:20PM,ctsazsimipfd.inso1a101c37461fa.database.windows.net,CentralRepository,IF NOT EXISTS(SELECT 1 FROM sys.indexes WHERE object_id = object_id('dbo.HCM_PS_CM_ROLE_COMPS_STG_CURR') AND NAME ='IXNC_HCM_PS_
Mar 11 2025 11:20PM,ctsazsimipfd.inso1a101c37461fa.database.windows.net,CentralRepository,IF NOT EXISTS(SELECT 1 FROM sys.indexes WHERE object_id = object_id('dbo.HCM_PS_CM_ROLE_COMPS_STG_CURR') AND NAME ='IXNC_HCM_PS_
Mar 11 2025 11:20PM,ctsazsimipfd.inso1a101c37461fa.database.windows.net,CentralRepository,IF NOT EXISTS(SELECT 1 FROM sys.indexes WHERE object_id = object_id('dbo.LM_vw_ReplicationMaster_STG_CURR') AND NAME ='IXNC_LM_v
Mar 11 2025 11:20PM,ctsazsimipfd.inso1a101c37461fa.database.windows.net,CentralRepository,IF NOT EXISTS(SELECT 1 FROM sys.indexes WHERE object_id = object_id('dbo.LM_vw_ReplicationMaster_STG_CURR') AND NAME ='IXNC_LM_v
Mar 11 2025 11:20PM,ctsazsimipfd.inso1a101c37461fa.database.windows.net,CentralRepository,IF NOT EXISTS(SELECT 1 FROM sys.indexes WHERE object_id = object_id('dbo.LM_vw_ReplicationMaster_STG_CURR') AND NAME ='IXNC_LM_v
Mar 11 2025 11:20PM,ctsazsimipfd.inso1a101c37461fa.database.windows.net,CentralRepository,IF NOT EXISTS(SELECT 1 FROM sys.indexes WHERE object_id = object_id('dbo.LM_vw_ReplicationMaster_STG_CURR') AND NAME ='IXNC_LM_v
Mar 11 2025 11:20PM,ctsazsimipfd.inso1a101c37461fa.database.windows.net,CentralRepository,IF NOT EXISTS(SELECT 1 FROM sys.indexes WHERE object_id = object_id('dbo.CentralRepository_DepartmentVerticalMapping_EDS') AND N
Mar 11 2025 11:20PM,ctsazsimipfd.inso1a101c37461fa.database.windows.net,CentralRepository,IF NOT EXISTS(SELECT 1 FROM sys.indexes WHERE object_id = object_id('dbo.CentralRepository_DepartmentVerticalMapping_EDS') AND N
Mar 11 2025 11:20PM,ctsazsimipfd.inso1a101c37461fa.database.windows.net,CentralRepository,IF NOT EXISTS(SELECT 1 FROM sys.indexes WHERE object_id = object_id('dbo.CentralRepository_HCMLocation_MIG') AND NAME ='IXNC_Cen
Mar 11 2025 11:20PM,ctsazsimipfd.inso1a101c37461fa.database.windows.net,CentralRepository,IF NOT EXISTS(SELECT 1 FROM sys.indexes WHERE object_id = object_id('dbo.CentralRepository_HCMLocation_MIG') AND NAME ='IXNC_Cen
Mar 11 2025 11:20PM,ctsazsimipfd.inso1a101c37461fa.database.windows.net,CentralRepository,IF NOT EXISTS(SELECT 1 FROM sys.indexes WHERE object_id = object_id('dbo.CentralRepository_HCMLocation_MIG') AND NAME ='IXNC_Cen
Mar 11 2025 11:20PM,ctsazsimipfd.inso1a101c37461fa.database.windows.net,CentralRepository,IF NOT EXISTS(SELECT 1 FROM sys.indexes WHERE object_id = object_id('dbo.CentralRepository_Associate_Details_MIG') AND NAME ='IX
Mar 11 2025 11:20PM,ctsazsimipfd.inso1a101c37461fa.database.windows.net,CentralRepository,IF NOT EXISTS(SELECT 1 FROM sys.indexes WHERE object_id = object_id('dbo.CentralRepository_Associate_Details_MIG') AND NAME ='IN
Mar 11 2025 11:20PM,ctsazsimipfd.inso1a101c37461fa.database.windows.net,CentralRepository,IF NOT EXISTS(SELECT 1 FROM sys.indexes WHERE object_id = object_id('dbo.CentralRepository_Associate_Details_MIG') AND NAME ='IN
Mar 11 2025 11:20PM,ctsazsimipfd.inso1a101c37461fa.database.windows.net,CentralRepository,IF NOT EXISTS(SELECT 1 FROM sys.indexes WHERE object_id = object_id('dbo.CentralRepository_Associate_Details_MIG') AND NAME ='IX
Mar 11 2025 11:20PM,ctsazsimipfd.inso1a101c37461fa.database.windows.net,CentralRepository,IF NOT EXISTS(SELECT 1 FROM sys.indexes WHERE object_id = object_id('dbo.CentralRepository_Associate_Details_MIG') AND NAME ='IX
Mar 11 2025 11:20PM,ctsazsimipfd.inso1a101c37461fa.database.windows.net,CentralRepository,IF NOT EXISTS(SELECT 1 FROM sys.indexes WHERE object_id = object_id('dbo.CentralRepository_Associate_Details_MIG') AND NAME ='IX
Mar 11 2025 11:20PM,ctsazsimipfd.inso1a101c37461fa.database.windows.net,CentralRepository,IF NOT EXISTS(SELECT 1 FROM sys.indexes WHERE object_id = object_id('dbo.CentralRepository_Associate_Details_MIG') AND NAME ='IX
Mar 11 2025 11:20PM,ctsazsimipfd.inso1a101c37461fa.database.windows.net,CentralRepository,IF NOT EXISTS(SELECT 1 FROM sys.indexes WHERE object_id = object_id('dbo.RHMS_tbl_EDS_RoleMaster_STG_CURR') AND NAME ='IXNC_RHMS
Mar 11 2025 11:20PM,ctsazsimipfd.inso1a101c37461fa.database.windows.net,CentralRepository,IF NOT EXISTS(SELECT 1 FROM sys.indexes WHERE object_id = object_id('dbo.CentralRepository_Project_Location_MIG') AND NAME ='IXN
Mar 11 2025 11:20PM,ctsazsimipfd.inso1a101c37461fa.database.windows.net,CentralRepository,IF NOT EXISTS(SELECT 1 FROM sys.indexes WHERE object_id = object_id('dbo.HCM_PS_CT_TM_TBL_GBL_STG_CURR') AND NAME ='IXNC_HCM_PS_
Mar 11 2025 11:20PM,ctsazsimipfd.inso1a101c37461fa.database.windows.net,CentralRepository,IF NOT EXISTS(SELECT 1 FROM sys.indexes WHERE object_id = object_id('dbo.HCM_PS_CT_TM_TBL_GBL_STG_CURR') AND NAME ='IXNC_HCM_PS_
Mar 11 2025 11:20PM,ctsazsimipfd.inso1a101c37461fa.database.windows.net,CentralRepository,IF NOT EXISTS(SELECT 1 FROM sys.indexes WHERE object_id = object_id('dbo.CentralRepository_AssociateAddress_MIG') AND NAME ='IXN
Mar 11 2025 11:20PM,ctsazsimipfd.inso1a101c37461fa.database.windows.net,CentralRepository,IF NOT EXISTS(SELECT 1 FROM sys.indexes WHERE object_id = object_id('dbo.CentralRepository_AssociateAddress_MIG') AND NAME ='IXN
Mar 11 2025 11:20PM,ctsazsimipfd.inso1a101c37461fa.database.windows.net,CentralRepository,IF NOT EXISTS(SELECT 1 FROM sys.indexes WHERE object_id = object_id('dbo.ESA_PS_CTS_BILL_ROLE_STG_CURR') AND NAME ='IXNC_ESA_PS_
Mar 11 2025 11:20PM,ctsazsimipfd.inso1a101c37461fa.database.windows.net,CentralRepository,IF NOT EXISTS(SELECT 1 FROM sys.indexes WHERE object_id = object_id('dbo.SFDC_Account_STG_CURR') AND NAME ='IXNC_SFDC_Account_ST
Mar 11 2025 11:20PM,ctsazsimipfd.inso1a101c37461fa.database.windows.net,CentralRepository,IF NOT EXISTS(SELECT 1 FROM sys.indexes WHERE object_id = object_id('dbo.SFDC_Account_STG_CURR') AND NAME ='IXNC_SFDC_Account_ST
Mar 11 2025 11:20PM,ctsazsimipfd.inso1a101c37461fa.database.windows.net,CentralRepository,IF NOT EXISTS(SELECT 1 FROM sys.indexes WHERE object_id = object_id('dbo.SFDC_Account_STG_CURR') AND NAME ='IXNC_SFDC_Account_ST
Mar 11 2025 11:20PM,ctsazsimipfd.inso1a101c37461fa.database.windows.net,CentralRepository,IF NOT EXISTS(SELECT 1 FROM sys.indexes WHERE object_id = object_id('dbo.SFDC_Account_STG_CURR') AND NAME ='IXNC_SFDC_Account_ST
Mar 11 2025 11:20PM,ctsazsimipfd.inso1a101c37461fa.database.windows.net,CentralRepository,IF NOT EXISTS(SELECT 1 FROM sys.indexes WHERE object_id = object_id('dbo.HCM_PS_DEPT_TBL_STG_CURR') AND NAME ='IXNC_HCM_PS_DEPT_
Mar 11 2025 11:20PM,ctsazsimipfd.inso1a101c37461fa.database.windows.net,CentralRepository,IF NOT EXISTS(SELECT 1 FROM sys.indexes WHERE object_id = object_id('dbo.HCM_PS_DEPT_TBL_STG_CURR') AND NAME ='IXNC_HCM_PS_DEPT_
Mar 11 2025 11:20PM,ctsazpdmincapps1.b96303a221dc.database.windows.net,CentralRepository,IF NOT EXISTS(SELECT 1 FROM sys.indexes WHERE object_id = object_id('dbo.HCM_PS_VISA_PERMIT_TBL_STG_CURR') AND NAME ='INDXC_hcm_
Mar 11 2025 11:20PM,ctsazpdmincapps1.b96303a221dc.database.windows.net,CentralRepository,IF NOT EXISTS(SELECT 1 FROM sys.indexes WHERE object_id = object_id('dbo.CentralRepository_RMG_ResourceRequest_MIG') AND NAME ='
Mar 11 2025 11:20PM,ctsazpdmincapps1.b96303a221dc.database.windows.net,CentralRepository,IF NOT EXISTS(SELECT 1 FROM sys.indexes WHERE object_id = object_id('dbo.RHMS_tbl_EDS_BUVerticalEntityMasterData_STG_CURR') AND 
Mar 11 2025 11:20PM,ctsazpdmincapps1.b96303a221dc.database.windows.net,CentralRepository,IF NOT EXISTS(SELECT 1 FROM sys.indexes WHERE object_id = object_id('dbo.CentralRepository_Contracts_EDS') AND NAME ='INDXC_Cent
Mar 11 2025 11:20PM,ctsazpdmincapps1.b96303a221dc.database.windows.net,CentralRepository,IF NOT EXISTS(SELECT 1 FROM sys.indexes WHERE object_id = object_id('dbo.CentralRepository_Contracts_EDS') AND NAME ='INDXC_Cent
Mar 11 2025 11:20PM,ctsazpdmincapps1.b96303a221dc.database.windows.net,CentralRepository,IF NOT EXISTS(SELECT 1 FROM sys.indexes WHERE object_id = object_id('dbo.LM_vw_LocationMaster_STG_CURR') AND NAME ='INDXC_LM_VW_
Mar 11 2025 11:20PM,ctsazpdmincapps1.b96303a221dc.database.windows.net,CentralRepository,IF NOT EXISTS(SELECT 1 FROM sys.indexes WHERE object_id = object_id('dbo.LM_vw_LocationMaster_STG_CURR') AND NAME ='INDXC_LM_VW_
Mar 11 2025 11:20PM,ctsazpdmincapps1.b96303a221dc.database.windows.net,CentralRepository,IF NOT EXISTS(SELECT 1 FROM sys.indexes WHERE object_id = object_id('dbo.CentralRepository_EmergencyContact_MIG') AND NAME ='IX_
Mar 11 2025 11:20PM,ctsazpdmincapps1.b96303a221dc.database.windows.net,CentralRepository,IF NOT EXISTS(SELECT 1 FROM sys.indexes WHERE object_id = object_id('dbo.HCM_PS_BUS_UNIT_TBL_HR_STG_CURR') AND NAME ='INDXC_HCM_
Mar 11 2025 11:20PM,ctsazpdmincapps1.b96303a221dc.database.windows.net,CentralRepository,IF NOT EXISTS(SELECT 1 FROM sys.indexes WHERE object_id = object_id('dbo.ESA_PS_PROJECT_MGR_STG_CURR') AND NAME ='IX_ESA_PS_PROJ
Mar 11 2025 11:20PM,ctsazpdmincapps1.b96303a221dc.database.windows.net,CentralRepository,IF NOT EXISTS(SELECT 1 FROM sys.indexes WHERE object_id = object_id('dbo.ESA_PS_PROJECT_MGR_STG_CURR') AND NAME ='IXNC_ESA_PS_PR
Mar 11 2025 11:20PM,ctsazpdmincapps1.b96303a221dc.database.windows.net,CentralRepository,IF NOT EXISTS(SELECT 1 FROM sys.indexes WHERE object_id = object_id('dbo.ESA_PS_PROJECT_MGR_STG_CURR') AND NAME ='IXNC_ESA_PS_PR
Mar 11 2025 11:20PM,ctsazpdmincapps1.b96303a221dc.database.windows.net,CentralRepository,IF NOT EXISTS(SELECT 1 FROM sys.indexes WHERE object_id = object_id('dbo.ESA_PS_PROJECT_MGR_STG_CURR') AND NAME ='IXNC_ESA_PS_PR
Mar 11 2025 11:20PM,ctsazpdmincapps1.b96303a221dc.database.windows.net,CentralRepository,IF NOT EXISTS(SELECT 1 FROM sys.indexes WHERE object_id = object_id('dbo.ESA_PS_PROJECT_MGR_STG_CURR') AND NAME ='IXNC_ESA_PS_PR
Mar 11 2025 11:20PM,ctsazpdmincapps1.b96303a221dc.database.windows.net,CentralRepository,IF NOT EXISTS(SELECT 1 FROM sys.indexes WHERE object_id = object_id('dbo.ESA_PS_PROJECT_MGR_STG_CURR') AND NAME ='INDXC_ESA_PS_P
Mar 11 2025 11:20PM,ctsazpdmincapps1.b96303a221dc.database.windows.net,CentralRepository,IF NOT EXISTS(SELECT 1 FROM sys.indexes WHERE object_id = object_id('dbo.ESA_PS_PROJECT_MGR_STG_CURR') AND NAME ='INDXC_ESA_PS_P
Mar 11 2025 11:20PM,ctsazpdmincapps1.b96303a221dc.database.windows.net,CentralRepository,IF NOT EXISTS(SELECT 1 FROM sys.indexes WHERE object_id = object_id('dbo.ESA_PS_PROJECT_MGR_STG_CURR') AND NAME ='INDXC_ESA_PS_P
Mar 11 2025 11:20PM,ctsazpdmincapps1.b96303a221dc.database.windows.net,CentralRepository,IF NOT EXISTS(SELECT 1 FROM sys.indexes WHERE object_id = object_id('dbo.ESA_PS_PROJECT_MGR_STG_CURR') AND NAME ='INDXC_ESA_PS_P
Mar 11 2025 11:20PM,ctsazpdmincapps1.b96303a221dc.database.windows.net,CentralRepository,IF NOT EXISTS(SELECT 1 FROM sys.indexes WHERE object_id = object_id('dbo.HCM_PS_DEPT_TBL_STG_CURR') AND NAME ='IX_HCM_PS_DEPT_TB
Mar 11 2025 11:20PM,ctsazpdmincapps1.b96303a221dc.database.windows.net,CentralRepository,IF NOT EXISTS(SELECT 1 FROM sys.indexes WHERE object_id = object_id('dbo.HCM_PS_DEPT_TBL_STG_CURR') AND NAME ='HCM_PS_DEPT_TBL_S
Mar 11 2025 11:20PM,ctsazpdmincapps1.b96303a221dc.database.windows.net,CentralRepository,IF NOT EXISTS(SELECT 1 FROM sys.indexes WHERE object_id = object_id('dbo.HCM_PS_DEPT_TBL_STG_CURR') AND NAME ='HCM_PS_DEPT_TBL_S
Mar 11 2025 11:20PM,ctsazpdmincapps1.b96303a221dc.database.windows.net,CentralRepository,IF NOT EXISTS(SELECT 1 FROM sys.indexes WHERE object_id = object_id('dbo.HCM_PS_CT_MA_EMP_CMPY_STG_CURR') AND NAME ='INDXC_HCM_P
Mar 11 2025 11:20PM,ctsazpdmincapps1.b96303a221dc.database.windows.net,CentralRepository,IF NOT EXISTS(SELECT 1 FROM sys.indexes WHERE object_id = object_id('dbo.CentralRepository_Grade_Master_MIG') AND NAME ='INDXC_C
Mar 11 2025 11:20PM,ctsazpdmincapps1.b96303a221dc.database.windows.net,CentralRepository,IF NOT EXISTS(SELECT 1 FROM sys.indexes WHERE object_id = object_id('dbo.HCM_PS_JOBCODE_TBL_STG_CURR') AND NAME ='IDX_HCM_PS_JOB
Mar 11 2025 11:20PM,ctsazpdmincapps1.b96303a221dc.database.windows.net,CentralRepository,IF NOT EXISTS(SELECT 1 FROM sys.indexes WHERE object_id = object_id('dbo.HCM_PS_JOBCODE_TBL_STG_CURR') AND NAME ='IX_HCM_PS_JOBC
Mar 11 2025 11:20PM,ctsazpdmincapps1.b96303a221dc.database.windows.net,CentralRepository,IF NOT EXISTS(SELECT 1 FROM sys.indexes WHERE object_id = object_id('dbo.HCM_PS_JOBCODE_TBL_STG_CURR') AND NAME ='IX_HCM_PS_JOBC
Mar 11 2025 11:20PM,ctsazpdmincapps1.b96303a221dc.database.windows.net,CentralRepository,IF NOT EXISTS(SELECT 1 FROM sys.indexes WHERE object_id = object_id('dbo.HCM_PS_JOBCODE_TBL_STG_CURR') AND NAME ='IX_HCM_PS_JOBC
Mar 11 2025 11:20PM,ctsazpdmincapps1.b96303a221dc.database.windows.net,CentralRepository,IF NOT EXISTS(SELECT 1 FROM sys.indexes WHERE object_id = object_id('dbo.HCM_PS_JOBCODE_TBL_STG_CURR') AND NAME ='IX_NonClustere
Mar 11 2025 11:20PM,ctsazpdmincapps1.b96303a221dc.database.windows.net,CentralRepository,IF NOT EXISTS(SELECT 1 FROM sys.indexes WHERE object_id = object_id('dbo.HCM_PS_JOBCODE_TBL_STG_CURR') AND NAME ='IXNC_HCM_PS_JO
Mar 11 2025 11:20PM,ctsazpdmincapps1.b96303a221dc.database.windows.net,CentralRepository,IF NOT EXISTS(SELECT 1 FROM sys.indexes WHERE object_id = object_id('dbo.HCM_PS_JOBCODE_TBL_STG_CURR') AND NAME ='IXNC_HCM_PS_JO
Mar 11 2025 11:20PM,ctsazpdmincapps1.b96303a221dc.database.windows.net,CentralRepository,IF NOT EXISTS(SELECT 1 FROM sys.indexes WHERE object_id = object_id('dbo.HCM_PS_JOBCODE_TBL_STG_CURR') AND NAME ='INDXC_HCM_PS_J
Mar 11 2025 11:20PM,ctsazpdmincapps1.b96303a221dc.database.windows.net,CentralRepository,IF NOT EXISTS(SELECT 1 FROM sys.indexes WHERE object_id = object_id('dbo.CentralRepository_JPMProfileItems_MIG') AND NAME ='INDX
Mar 11 2025 11:20PM,ctsazpdmincapps1.b96303a221dc.database.windows.net,CentralRepository,IF NOT EXISTS(SELECT 1 FROM sys.indexes WHERE object_id = object_id('dbo.HCM_PS_CT_STATE_TBL_VW_CRS_STG_CURR') AND NAME ='INDXC_
Mar 11 2025 11:20PM,ctsazpdmincapps1.b96303a221dc.database.windows.net,CentralRepository,IF NOT EXISTS(SELECT 1 FROM sys.indexes WHERE object_id = object_id('dbo.CHIRE_REQUISITIONDETAILS_STG_CURR') AND NAME ='INDX_CHI
Mar 11 2025 11:20PM,ctsazpdmincapps1.b96303a221dc.database.windows.net,CentralRepository,IF NOT EXISTS(SELECT 1 FROM sys.indexes WHERE object_id = object_id('dbo.CHIRE_REQUISITIONDETAILS_STG_CURR') AND NAME ='INDX_CHI
Mar 11 2025 11:20PM,ctsazpdmincapps1.b96303a221dc.database.windows.net,CentralRepository,IF NOT EXISTS(SELECT 1 FROM sys.indexes WHERE object_id = object_id('dbo.CHIRE_REQUISITIONDETAILS_STG_CURR') AND NAME ='INDX_CHI
Mar 11 2025 11:20PM,ctsazpdmincapps1.b96303a221dc.database.windows.net,CentralRepository,IF NOT EXISTS(SELECT 1 FROM sys.indexes WHERE object_id = object_id('dbo.CentralRepository_Set_ProjectStatus_MIG') AND NAME ='IN
Mar 11 2025 11:20PM,ctsazpdmincapps1.b96303a221dc.database.windows.net,CentralRepository,IF NOT EXISTS(SELECT 1 FROM sys.indexes WHERE object_id = object_id('dbo.CentralRepository_Set_ProjectStatus_MIG') AND NAME ='IN
Mar 11 2025 11:20PM,ctsazpdmincapps1.b96303a221dc.database.windows.net,CentralRepository,IF NOT EXISTS(SELECT 1 FROM sys.indexes WHERE object_id = object_id('dbo.CentralRepository_Set_ProjectStatus_MIG') AND NAME ='IN
Mar 11 2025 11:20PM,ctsazpdmincapps1.b96303a221dc.database.windows.net,CentralRepository,IF NOT EXISTS(SELECT 1 FROM sys.indexes WHERE object_id = object_id('dbo.CentralRepository_Set_ProjectStatus_MIG') AND NAME ='IN
Mar 11 2025 11:20PM,ctsazpdmincapps1.b96303a221dc.database.windows.net,CentralRepository,IF NOT EXISTS(SELECT 1 FROM sys.indexes WHERE object_id = object_id('dbo.CentralRepository_Set_ProjectStatus_MIG') AND NAME ='IN
Mar 11 2025 11:20PM,ctsazpdmincapps1.b96303a221dc.database.windows.net,CentralRepository,IF NOT EXISTS(SELECT 1 FROM sys.indexes WHERE object_id = object_id('dbo.ESA_PS_CTRM_STTAG_STUP_STG_CURR') AND NAME ='INDXC_ESA_
Mar 11 2025 11:20PM,ctsazpdmincapps1.b96303a221dc.database.windows.net,CentralRepository,IF NOT EXISTS(SELECT 1 FROM sys.indexes WHERE object_id = object_id('dbo.CentralRepository_DepartmentVerticalMapping_EDS') AND N
Mar 11 2025 11:20PM,ctsazpdmincapps1.b96303a221dc.database.windows.net,CentralRepository,IF NOT EXISTS(SELECT 1 FROM sys.indexes WHERE object_id = object_id('dbo.CentralRepository_DepartmentVerticalMapping_EDS') AND N
Mar 11 2025 11:20PM,ctsazpdmincapps1.b96303a221dc.database.windows.net,CentralRepository,IF NOT EXISTS(SELECT 1 FROM sys.indexes WHERE object_id = object_id('dbo.MSreplication_objects') AND NAME ='ucMSreplication_obje
Mar 11 2025 11:20PM,ctsazpdmincapps1.b96303a221dc.database.windows.net,CentralRepository,IF NOT EXISTS(SELECT 1 FROM sys.indexes WHERE object_id = object_id('dbo.MSsnapshotdeliveryprogress') AND NAME ='ci_MSsnapshotde
Mar 11 2025 11:20PM,ctsazpdmincapps1.b96303a221dc.database.windows.net,CentralRepository,IF NOT EXISTS(SELECT 1 FROM sys.indexes WHERE object_id = object_id('dbo.MSsnapshotdeliveryprogress') AND NAME ='nci_MSsnapshotd
Mar 11 2025 11:20PM,ctsazpdmincapps1.b96303a221dc.database.windows.net,CentralRepository,IF NOT EXISTS(SELECT 1 FROM sys.indexes WHERE object_id = object_id('dbo.RHMS_tbl_EDS_RoleMaster_STG_CURR') AND NAME ='INDXC_RHM
Mar 11 2025 11:20PM,ctsazpdmincapps1.b96303a221dc.database.windows.net,CentralRepository,IF NOT EXISTS(SELECT 1 FROM sys.indexes WHERE object_id = object_id('dbo.CentralRepository_GSMS_AssociateSeatInfo_MIG') AND NAME
Mar 11 2025 11:20PM,ctsazpdmincapps1.b96303a221dc.database.windows.net,CentralRepository,IF NOT EXISTS(SELECT 1 FROM sys.indexes WHERE object_id = object_id('dbo.CentralRepository_GSMS_AssociateSeatInfo_MIG') AND NAME
Mar 11 2025 11:20PM,ctsazpdmincapps1.b96303a221dc.database.windows.net,CentralRepository,IF NOT EXISTS(SELECT 1 FROM sys.indexes WHERE object_id = object_id('dbo.CentralRepository_GSMS_AssociateSeatInfo_MIG') AND NAME
Mar 11 2025 11:20PM,ctsazpdmincapps1.b96303a221dc.database.windows.net,CentralRepository,IF NOT EXISTS(SELECT 1 FROM sys.indexes WHERE object_id = object_id('dbo.CentralRepository_GSMS_AssociateSeatInfo_MIG') AND NAME
Mar 11 2025 11:20PM,ctsazpdmincapps1.b96303a221dc.database.windows.net,CentralRepository,IF NOT EXISTS(SELECT 1 FROM sys.indexes WHERE object_id = object_id('dbo.CentralRepository_GSMS_AssociateSeatInfo_MIG') AND NAME
Mar 11 2025 11:20PM,ctsazpdmincapps1.b96303a221dc.database.windows.net,CentralRepository,IF NOT EXISTS(SELECT 1 FROM sys.indexes WHERE object_id = object_id('dbo.CentralRepository_GSMS_AssociateSeatInfo_MIG') AND NAME
Mar 11 2025 11:20PM,ctsazpdmincapps1.b96303a221dc.database.windows.net,CentralRepository,IF NOT EXISTS(SELECT 1 FROM sys.indexes WHERE object_id = object_id('dbo.CentralRepository_GSMS_AssociateSeatInfo_MIG') AND NAME
Mar 11 2025 11:20PM,ctsazpdmincapps1.b96303a221dc.database.windows.net,CentralRepository,IF NOT EXISTS(SELECT 1 FROM sys.indexes WHERE object_id = object_id('dbo.CHire_CandidateRequisitionMapping_STG_CURR') AND NAME =
Mar 11 2025 11:20PM,ctsazpdmincapps1.b96303a221dc.database.windows.net,CentralRepository,IF NOT EXISTS(SELECT 1 FROM sys.indexes WHERE object_id = object_id('dbo.MSsavedforeignkeys') AND NAME ='ci_MSsavedforeignkeys')
Mar 11 2025 11:20PM,ctsazpdmincapps1.b96303a221dc.database.windows.net,CentralRepository,IF NOT EXISTS(SELECT 1 FROM sys.indexes WHERE object_id = object_id('dbo.MSsavedforeignkeys') AND NAME ='nci_MSsavedforeignkeys_
Mar 11 2025 11:20PM,ctsazpdmincapps1.b96303a221dc.database.windows.net,CentralRepository,IF NOT EXISTS(SELECT 1 FROM sys.indexes WHERE object_id = object_id('dbo.MSsavedforeignkeycolumns') AND NAME ='ci_MSsavedforeign
Mar 11 2025 11:20PM,ctsazpdmincapps1.b96303a221dc.database.windows.net,CentralRepository,IF NOT EXISTS(SELECT 1 FROM sys.indexes WHERE object_id = object_id('dbo.MSsavedforeignkeycolumns') AND NAME ='nci_MSsavedforeig
Mar 11 2025 11:20PM,ctsazpdmincapps1.b96303a221dc.database.windows.net,CentralRepository,IF NOT EXISTS(SELECT 1 FROM sys.indexes WHERE object_id = object_id('dbo.MSsavedforeignkeyextendedproperties') AND NAME ='ci_MSs
Mar 11 2025 11:20PM,ctsazpdmincapps1.b96303a221dc.database.windows.net,CentralRepository,IF NOT EXISTS(SELECT 1 FROM sys.indexes WHERE object_id = object_id('dbo.MSsavedforeignkeyextendedproperties') AND NAME ='nci_MS
Mar 11 2025 11:20PM,ctsazpdmincapps1.b96303a221dc.database.windows.net,CentralRepository,IF NOT EXISTS(SELECT 1 FROM sys.indexes WHERE object_id = object_id('dbo.MSreplication_subscriptions') AND NAME ='uc1MSReplicati
Mar 11 2025 11:20PM,ctsazpdmincapps1.b96303a221dc.database.windows.net,CentralRepository,IF NOT EXISTS(SELECT 1 FROM sys.indexes WHERE object_id = object_id('dbo.CentralRepository_HCMLocation_MIG') AND NAME ='INDXC_Ce
Mar 11 2025 11:20PM,ctsazpdmincapps1.b96303a221dc.database.windows.net,CentralRepository,IF NOT EXISTS(SELECT 1 FROM sys.indexes WHERE object_id = object_id('dbo.CentralRepository_HCMLocation_MIG') AND NAME ='INDXC_Ce
Mar 11 2025 11:20PM,ctsazpdmincapps1.b96303a221dc.database.windows.net,CentralRepository,IF NOT EXISTS(SELECT 1 FROM sys.indexes WHERE object_id = object_id('dbo.CentralRepository_HCMLocation_MIG') AND NAME ='INDXC_Ce
Mar 11 2025 11:20PM,ctsazpdmincapps1.b96303a221dc.database.windows.net,CentralRepository,IF NOT EXISTS(SELECT 1 FROM sys.indexes WHERE object_id = object_id('dbo.CentralRepository_AssociateAddress_MIG') AND NAME ='IND
Mar 11 2025 11:20PM,ctsazpdmincapps1.b96303a221dc.database.windows.net,CentralRepository,IF NOT EXISTS(SELECT 1 FROM sys.indexes WHERE object_id = object_id('dbo.MSsubscription_agents') AND NAME ='ucMSsubscription_age
Mar 11 2025 11:20PM,ctsazpdmincapps1.b96303a221dc.database.windows.net,CentralRepository,IF NOT EXISTS(SELECT 1 FROM sys.indexes WHERE object_id = object_id('dbo.MSsubscription_agents') AND NAME ='ucMSsubscription_age
Mar 11 2025 11:20PM,ctsazpdmincapps1.b96303a221dc.database.windows.net,CentralRepository,IF NOT EXISTS(SELECT 1 FROM sys.indexes WHERE object_id = object_id('dbo.CentralRepository_ESA_Allocation_MIG') AND NAME ='IX_Ce
Mar 11 2025 11:20PM,ctsazpdmincapps1.b96303a221dc.database.windows.net,CentralRepository,IF NOT EXISTS(SELECT 1 FROM sys.indexes WHERE object_id = object_id('dbo.CentralRepository_ESA_Allocation_MIG') AND NAME ='IX_Ce
Mar 11 2025 11:20PM,ctsazpdmincapps1.b96303a221dc.database.windows.net,CentralRepository,IF NOT EXISTS(SELECT 1 FROM sys.indexes WHERE object_id = object_id('dbo.CentralRepository_ESA_Allocation_MIG') AND NAME ='IX_Ce
Mar 11 2025 11:20PM,ctsazpdmincapps1.b96303a221dc.database.windows.net,CentralRepository,IF NOT EXISTS(SELECT 1 FROM sys.indexes WHERE object_id = object_id('dbo.CentralRepository_ESA_Allocation_MIG') AND NAME ='IX_Ce
Mar 11 2025 11:20PM,ctsazpdmincapps1.b96303a221dc.database.windows.net,CentralRepository,IF NOT EXISTS(SELECT 1 FROM sys.indexes WHERE object_id = object_id('dbo.CentralRepository_ESA_Allocation_MIG') AND NAME ='IXNC_
Mar 11 2025 11:20PM,ctsazpdmincapps1.b96303a221dc.database.windows.net,CentralRepository,IF NOT EXISTS(SELECT 1 FROM sys.indexes WHERE object_id = object_id('dbo.CentralRepository_ESA_Allocation_MIG') AND NAME ='INDXC
Mar 11 2025 11:20PM,ctsazpdmincapps1.b96303a221dc.database.windows.net,CentralRepository,IF NOT EXISTS(SELECT 1 FROM sys.indexes WHERE object_id = object_id('dbo.CentralRepository_ESA_Allocation_MIG') AND NAME ='INDXC
Mar 11 2025 11:20PM,ctsazpdmincapps1.b96303a221dc.database.windows.net,CentralRepository,IF NOT EXISTS(SELECT 1 FROM sys.indexes WHERE object_id = object_id('dbo.CentralRepository_ESA_Allocation_MIG') AND NAME ='INDXC
Mar 11 2025 11:20PM,ctsazpdmincapps1.b96303a221dc.database.windows.net,CentralRepository,IF NOT EXISTS(SELECT 1 FROM sys.indexes WHERE object_id = object_id('dbo.CentralRepository_AssociatePool_MIG') AND NAME ='INDXC_
Mar 11 2025 11:20PM,ctsazpdmincapps1.b96303a221dc.database.windows.net,CentralRepository,IF NOT EXISTS(SELECT 1 FROM sys.indexes WHERE object_id = object_id('dbo.CHIRE_REQUISITIONDETAILS_STG_CURR') AND NAME ='IXNC_CHi
Mar 11 2025 11:20PM,ctsazpdmincapps1.b96303a221dc.database.windows.net,CentralRepository,IF NOT EXISTS(SELECT 1 FROM sys.indexes WHERE object_id = object_id('dbo.SFDC_Account_STG_CURR') AND NAME ='INDXC_SFDC_Account_S
Mar 11 2025 11:20PM,ctsazpdmincapps1.b96303a221dc.database.windows.net,CentralRepository,IF NOT EXISTS(SELECT 1 FROM sys.indexes WHERE object_id = object_id('dbo.SFDC_Account_STG_CURR') AND NAME ='INDXC_SFDC_Account_S
Mar 11 2025 11:20PM,ctsazpdmincapps1.b96303a221dc.database.windows.net,CentralRepository,IF NOT EXISTS(SELECT 1 FROM sys.indexes WHERE object_id = object_id('dbo.SFDC_Account_STG_CURR') AND NAME ='INDXC_SFDC_Account_S
Mar 11 2025 11:20PM,ctsazpdmincapps1.b96303a221dc.database.windows.net,CentralRepository,IF NOT EXISTS(SELECT 1 FROM sys.indexes WHERE object_id = object_id('dbo.SFDC_Account_STG_CURR') AND NAME ='IX_SFDC_Account_STG_
Mar 11 2025 11:20PM,ctsazpdmincapps1.b96303a221dc.database.windows.net,CentralRepository,IF NOT EXISTS(SELECT 1 FROM sys.indexes WHERE object_id = object_id('dbo.SFDC_Account_STG_CURR') AND NAME ='INDXC_SFDC_Account_S
Mar 11 2025 11:20PM,ctsazpdmincapps1.b96303a221dc.database.windows.net,CentralRepository,IF NOT EXISTS(SELECT 1 FROM sys.indexes WHERE object_id = object_id('dbo.SFDC_Account_STG_CURR') AND NAME ='IX_SFDC_Account_STG_
Mar 11 2025 11:20PM,ctsazpdmincapps1.b96303a221dc.database.windows.net,CentralRepository,IF NOT EXISTS(SELECT 1 FROM sys.indexes WHERE object_id = object_id('dbo.SFDC_Account_STG_CURR') AND NAME ='INDXC_SFDC_Account_S
Mar 11 2025 11:20PM,ctsazpdmincapps1.b96303a221dc.database.windows.net,CentralRepository,IF NOT EXISTS(SELECT 1 FROM sys.indexes WHERE object_id = object_id('dbo.CHire_CandidateHiredDetail_STG_CURR') AND NAME ='INDXC_
Mar 11 2025 11:20PM,ctsazpdmincapps1.b96303a221dc.database.windows.net,CentralRepository,IF NOT EXISTS(SELECT 1 FROM sys.indexes WHERE object_id = object_id('dbo.CentralRepository_Pool_MIG') AND NAME ='INDXC_CentralRe
Mar 11 2025 11:20PM,ctsazpdmincapps1.b96303a221dc.database.windows.net,CentralRepository,IF NOT EXISTS(SELECT 1 FROM sys.indexes WHERE object_id = object_id('dbo.CHire_CandidatePersonalDetail_STG_CURR') AND NAME ='IND
Mar 11 2025 11:20PM,ctsazpdmincapps1.b96303a221dc.database.windows.net,CentralRepository,IF NOT EXISTS(SELECT 1 FROM sys.indexes WHERE object_id = object_id('dbo.CHire_CandidatePersonalDetail_STG_CURR') AND NAME ='IND
Mar 11 2025 11:20PM,ctsazpdmincapps1.b96303a221dc.database.windows.net,CentralRepository,IF NOT EXISTS(SELECT 1 FROM sys.indexes WHERE object_id = object_id('dbo.CHire_CandidatePersonalDetail_STG_CURR') AND NAME ='IND
Mar 11 2025 11:20PM,ctsazpdmincapps1.b96303a221dc.database.windows.net,CentralRepository,IF NOT EXISTS(SELECT 1 FROM sys.indexes WHERE object_id = object_id('dbo.CHire_CandidatePersonalDetail_STG_CURR') AND NAME ='IND
Mar 11 2025 11:20PM,ctsazpdmincapps1.b96303a221dc.database.windows.net,CentralRepository,IF NOT EXISTS(SELECT 1 FROM sys.indexes WHERE object_id = object_id('dbo.CentralRepository_JobFamilyMaster_MIG') AND NAME ='INDX
Mar 11 2025 11:20PM,ctsazpdmincapps1.b96303a221dc.database.windows.net,CentralRepository,IF NOT EXISTS(SELECT 1 FROM sys.indexes WHERE object_id = object_id('dbo.CentralRepository_JobFamilyMaster_MIG') AND NAME ='IX_C
Mar 11 2025 11:20PM,ctsazpdmincapps1.b96303a221dc.database.windows.net,CentralRepository,IF NOT EXISTS(SELECT 1 FROM sys.indexes WHERE object_id = object_id('dbo.CentralRepository_Associate_Details_MIG') AND NAME ='IX
Mar 11 2025 11:20PM,ctsazpdmincapps1.b96303a221dc.database.windows.net,CentralRepository,IF NOT EXISTS(SELECT 1 FROM sys.indexes WHERE object_id = object_id('dbo.CentralRepository_Associate_Details_MIG') AND NAME ='IX
Mar 11 2025 11:20PM,ctsazpdmincapps1.b96303a221dc.database.windows.net,CentralRepository,IF NOT EXISTS(SELECT 1 FROM sys.indexes WHERE object_id = object_id('dbo.CentralRepository_Associate_Details_MIG') AND NAME ='IX
Mar 11 2025 11:20PM,ctsazpdmincapps1.b96303a221dc.database.windows.net,CentralRepository,IF NOT EXISTS(SELECT 1 FROM sys.indexes WHERE object_id = object_id('dbo.CentralRepository_Associate_Details_MIG') AND NAME ='IX
Mar 11 2025 11:20PM,ctsazpdmincapps1.b96303a221dc.database.windows.net,CentralRepository,IF NOT EXISTS(SELECT 1 FROM sys.indexes WHERE object_id = object_id('dbo.CentralRepository_Associate_Details_MIG') AND NAME ='IX
Mar 11 2025 11:20PM,ctsazpdmincapps1.b96303a221dc.database.windows.net,CentralRepository,IF NOT EXISTS(SELECT 1 FROM sys.indexes WHERE object_id = object_id('dbo.CentralRepository_Associate_Details_MIG') AND NAME ='IX
Mar 11 2025 11:20PM,ctsazpdmincapps1.b96303a221dc.database.windows.net,CentralRepository,IF NOT EXISTS(SELECT 1 FROM sys.indexes WHERE object_id = object_id('dbo.CentralRepository_Associate_Details_MIG') AND NAME ='As
Mar 11 2025 11:20PM,ctsazpdmincapps1.b96303a221dc.database.windows.net,CentralRepository,IF NOT EXISTS(SELECT 1 FROM sys.indexes WHERE object_id = object_id('dbo.CentralRepository_Associate_Details_MIG') AND NAME ='As
Mar 11 2025 11:20PM,ctsazpdmincapps1.b96303a221dc.database.windows.net,CentralRepository,IF NOT EXISTS(SELECT 1 FROM sys.indexes WHERE object_id = object_id('dbo.CentralRepository_Associate_Details_MIG') AND NAME ='ID
Mar 11 2025 11:20PM,ctsazpdmincapps1.b96303a221dc.database.windows.net,CentralRepository,IF NOT EXISTS(SELECT 1 FROM sys.indexes WHERE object_id = object_id('dbo.CentralRepository_Associate_Details_MIG') AND NAME ='IX
Mar 11 2025 11:20PM,ctsazpdmincapps1.b96303a221dc.database.windows.net,CentralRepository,IF NOT EXISTS(SELECT 1 FROM sys.indexes WHERE object_id = object_id('dbo.CentralRepository_Associate_Details_MIG') AND NAME ='IX
Mar 11 2025 11:20PM,ctsazpdmincapps1.b96303a221dc.database.windows.net,CentralRepository,IF NOT EXISTS(SELECT 1 FROM sys.indexes WHERE object_id = object_id('dbo.CentralRepository_Associate_Details_MIG') AND NAME ='IX
Mar 11 2025 11:20PM,ctsazpdmincapps1.b96303a221dc.database.windows.net,CentralRepository,IF NOT EXISTS(SELECT 1 FROM sys.indexes WHERE object_id = object_id('dbo.CentralRepository_Associate_Details_MIG') AND NAME ='IX
Mar 11 2025 11:20PM,ctsazpdmincapps1.b96303a221dc.database.windows.net,CentralRepository,IF NOT EXISTS(SELECT 1 FROM sys.indexes WHERE object_id = object_id('dbo.CentralRepository_Associate_Details_MIG') AND NAME ='IX
Mar 11 2025 11:20PM,ctsazpdmincapps1.b96303a221dc.database.windows.net,CentralRepository,IF NOT EXISTS(SELECT 1 FROM sys.indexes WHERE object_id = object_id('dbo.CentralRepository_Associate_Details_MIG') AND NAME ='IX
Mar 11 2025 11:20PM,ctsazpdmincapps1.b96303a221dc.database.windows.net,CentralRepository,IF NOT EXISTS(SELECT 1 FROM sys.indexes WHERE object_id = object_id('dbo.CentralRepository_Associate_Details_MIG') AND NAME ='IX
Mar 11 2025 11:20PM,ctsazpdmincapps1.b96303a221dc.database.windows.net,CentralRepository,IF NOT EXISTS(SELECT 1 FROM sys.indexes WHERE object_id = object_id('dbo.CentralRepository_Associate_Details_MIG') AND NAME ='IX
Mar 11 2025 11:20PM,ctsazpdmincapps1.b96303a221dc.database.windows.net,CentralRepository,IF NOT EXISTS(SELECT 1 FROM sys.indexes WHERE object_id = object_id('dbo.CentralRepository_Associate_Details_MIG') AND NAME ='IX
Mar 11 2025 11:20PM,ctsazpdmincapps1.b96303a221dc.database.windows.net,CentralRepository,IF NOT EXISTS(SELECT 1 FROM sys.indexes WHERE object_id = object_id('dbo.CentralRepository_Associate_Details_MIG') AND NAME ='IX
Mar 11 2025 11:20PM,ctsazpdmincapps1.b96303a221dc.database.windows.net,CentralRepository,IF NOT EXISTS(SELECT 1 FROM sys.indexes WHERE object_id = object_id('dbo.CentralRepository_Associate_Details_MIG') AND NAME ='IX
Mar 11 2025 11:20PM,ctsazpdmincapps1.b96303a221dc.database.windows.net,CentralRepository,IF NOT EXISTS(SELECT 1 FROM sys.indexes WHERE object_id = object_id('dbo.CentralRepository_Associate_Details_MIG') AND NAME ='IX
Mar 11 2025 11:20PM,ctsazpdmincapps1.b96303a221dc.database.windows.net,CentralRepository,IF NOT EXISTS(SELECT 1 FROM sys.indexes WHERE object_id = object_id('dbo.CentralRepository_Associate_Details_MIG') AND NAME ='IX
Mar 11 2025 11:20PM,ctsazpdmincapps1.b96303a221dc.database.windows.net,CentralRepository,IF NOT EXISTS(SELECT 1 FROM sys.indexes WHERE object_id = object_id('dbo.CentralRepository_Associate_Details_MIG') AND NAME ='IX
Mar 11 2025 11:20PM,ctsazpdmincapps1.b96303a221dc.database.windows.net,CentralRepository,IF NOT EXISTS(SELECT 1 FROM sys.indexes WHERE object_id = object_id('dbo.CENTRALREPOSITORY_CANDIDATEDETAILS_MIG') AND NAME ='IND
Mar 11 2025 11:20PM,ctsazpdmincapps1.b96303a221dc.database.windows.net,CentralRepository,IF NOT EXISTS(SELECT 1 FROM sys.indexes WHERE object_id = object_id('dbo.CentralRepository_Project_MIG') AND NAME ='INDXC_Centra
Mar 11 2025 11:20PM,ctsazpdmincapps1.b96303a221dc.database.windows.net,CentralRepository,IF NOT EXISTS(SELECT 1 FROM sys.indexes WHERE object_id = object_id('dbo.CentralRepository_Project_MIG') AND NAME ='INDXC_Centra
Mar 11 2025 11:20PM,ctsazpdmincapps1.b96303a221dc.database.windows.net,CentralRepository,IF NOT EXISTS(SELECT 1 FROM sys.indexes WHERE object_id = object_id('dbo.CentralRepository_Project_MIG') AND NAME ='INDXC_entral
Mar 11 2025 11:20PM,ctsazpdmincapps1.b96303a221dc.database.windows.net,CentralRepository,IF NOT EXISTS(SELECT 1 FROM sys.indexes WHERE object_id = object_id('dbo.CentralRepository_Project_MIG') AND NAME ='INDXC_Centra
Mar 11 2025 11:20PM,ctsazpdmincapps1.b96303a221dc.database.windows.net,CentralRepository,IF NOT EXISTS(SELECT 1 FROM sys.indexes WHERE object_id = object_id('dbo.CentralRepository_Project_MIG') AND NAME ='INDXC_Centra
Mar 11 2025 11:20PM,ctsazpdmincapps1.b96303a221dc.database.windows.net,CentralRepository,IF NOT EXISTS(SELECT 1 FROM sys.indexes WHERE object_id = object_id('dbo.CentralRepository_Project_MIG') AND NAME ='IX_CentralRe
Mar 11 2025 11:20PM,ctsazpdmincapps1.b96303a221dc.database.windows.net,CentralRepository,IF NOT EXISTS(SELECT 1 FROM sys.indexes WHERE object_id = object_id('dbo.CentralRepository_Project_MIG') AND NAME ='INDXC_Centra
Mar 11 2025 11:20PM,ctsazpdmincapps1.b96303a221dc.database.windows.net,CentralRepository,IF NOT EXISTS(SELECT 1 FROM sys.indexes WHERE object_id = object_id('dbo.CentralRepository_Project_MIG') AND NAME ='IX_centralre
Mar 11 2025 11:20PM,ctsazpdmincapps1.b96303a221dc.database.windows.net,CentralRepository,IF NOT EXISTS(SELECT 1 FROM sys.indexes WHERE object_id = object_id('dbo.sysdiagrams') AND NAME ='UK_principal_name') CREATE UNI
Mar 11 2025 11:20PM,ctsazpdmincapps1.b96303a221dc.database.windows.net,CentralRepository,IF NOT EXISTS(SELECT 1 FROM sys.indexes WHERE object_id = object_id('dbo.CentralRepository_JOB_Reference_MIG') AND NAME ='IX_Cen
Mar 11 2025 11:20PM,ctsazpdmincapps1.b96303a221dc.database.windows.net,CentralRepository,IF NOT EXISTS(SELECT 1 FROM sys.indexes WHERE object_id = object_id('dbo.CentralRepository_JOB_Reference_MIG') AND NAME ='IX_Cen
Mar 11 2025 11:20PM,ctsazpdmincapps1.b96303a221dc.database.windows.net,CentralRepository,IF NOT EXISTS(SELECT 1 FROM sys.indexes WHERE object_id = object_id('dbo.CentralRepository_JOB_Reference_MIG') AND NAME ='INDXC_
Mar 11 2025 11:20PM,ctsazpdmincapps1.b96303a221dc.database.windows.net,CentralRepository,IF NOT EXISTS(SELECT 1 FROM sys.indexes WHERE object_id = object_id('dbo.CentralRepository_JOB_Reference_MIG') AND NAME ='INDXC_
Mar 11 2025 11:20PM,ctsazpdmincapps1.b96303a221dc.database.windows.net,CentralRepository,IF NOT EXISTS(SELECT 1 FROM sys.indexes WHERE object_id = object_id('dbo.CentralRepository_JOB_Reference_MIG') AND NAME ='IX_Cen
Mar 11 2025 11:20PM,ctsazpdmincapps1.b96303a221dc.database.windows.net,CentralRepository,IF NOT EXISTS(SELECT 1 FROM sys.indexes WHERE object_id = object_id('dbo.CentralRepository_Company_Master_MIG') AND NAME ='INDXC
Mar 11 2025 11:20PM,ctsazpdmincapps1.b96303a221dc.database.windows.net,CentralRepository,IF NOT EXISTS(SELECT 1 FROM sys.indexes WHERE object_id = object_id('dbo.CentralRepository_RHMS_RoleDetails_MIG') AND NAME ='IND
Mar 11 2025 11:20PM,ctsazpdmincapps1.b96303a221dc.database.windows.net,CentralRepository,IF NOT EXISTS(SELECT 1 FROM sys.indexes WHERE object_id = object_id('dbo.CentralRepository_Contacts_MIG') AND NAME ='INDXC_Centr
Mar 11 2025 11:20PM,ctsazpdmincapps1.b96303a221dc.database.windows.net,CentralRepository,IF NOT EXISTS(SELECT 1 FROM sys.indexes WHERE object_id = object_id('dbo.CentralRepository_Contacts_MIG') AND NAME ='INDXC_Centr
Mar 11 2025 11:20PM,ctsazpdmincapps1.b96303a221dc.database.windows.net,CentralRepository,IF NOT EXISTS(SELECT 1 FROM sys.indexes WHERE object_id = object_id('dbo.CentralRepository_Contacts_MIG') AND NAME ='IDNXC_Centr
Mar 11 2025 11:20PM,ctsazpdmincapps1.b96303a221dc.database.windows.net,CentralRepository,IF NOT EXISTS(SELECT 1 FROM sys.indexes WHERE object_id = object_id('dbo.CentralRepository_Contacts_MIG') AND NAME ='IDNXC_Centr
Mar 11 2025 11:20PM,ctsazpdmincapps1.b96303a221dc.database.windows.net,CentralRepository,IF NOT EXISTS(SELECT 1 FROM sys.indexes WHERE object_id = object_id('dbo.ESA_PS_CTS_PC_SS_DELG_STG_CURR') AND NAME ='ESA_PS_CTS_
Mar 11 2025 11:25PM,ctsazmibcapps3.293366d454bb.database.windows.net,CentralRepository,IF NOT EXISTS(SELECT 1 FROM sys.indexes WHERE object_id = object_id('dbo.ESA_PS_CTS_PC_PAR_TBL_STG_CURR') AND NAME ='INDXC_ESA_P
Mar 11 2025 11:25PM,ctsazmibcapps3.293366d454bb.database.windows.net,CentralRepository,IF NOT EXISTS(SELECT 1 FROM sys.indexes WHERE object_id = object_id('dbo.ESA_PS_CTS_PC_PAR_TBL_STG_CURR') AND NAME ='INDXC_ESA_P
Mar 11 2025 11:25PM,ctsazmibcapps3.293366d454bb.database.windows.net,CentralRepository,IF NOT EXISTS(SELECT 1 FROM sys.indexes WHERE object_id = object_id('dbo.CentralRepository_ESA_Allocation_MIG') AND NAME ='INDXC
Mar 11 2025 11:25PM,ctsazmibcapps3.293366d454bb.database.windows.net,CentralRepository,IF NOT EXISTS(SELECT 1 FROM sys.indexes WHERE object_id = object_id('dbo.CentralRepository_ESA_Allocation_MIG') AND NAME ='INDXC
Mar 11 2025 11:25PM,ctsazmibcapps3.293366d454bb.database.windows.net,CentralRepository,IF NOT EXISTS(SELECT 1 FROM sys.indexes WHERE object_id = object_id('dbo.CentralRepository_ESA_Allocation_MIG') AND NAME ='INDXC
Mar 11 2025 11:25PM,ctsazmibcapps3.293366d454bb.database.windows.net,CentralRepository,IF NOT EXISTS(SELECT 1 FROM sys.indexes WHERE object_id = object_id('dbo.CentralRepository_ESA_Allocation_MIG') AND NAME ='INDXC
Mar 11 2025 11:25PM,ctsazmibcapps3.293366d454bb.database.windows.net,CentralRepository,IF NOT EXISTS(SELECT 1 FROM sys.indexes WHERE object_id = object_id('dbo.CentralRepository_ESA_Allocation_MIG') AND NAME ='INDXC
Mar 11 2025 11:25PM,ctsazmibcapps3.293366d454bb.database.windows.net,CentralRepository,IF NOT EXISTS(SELECT 1 FROM sys.indexes WHERE object_id = object_id('dbo.CentralRepository_ESA_Allocation_MIG') AND NAME ='INDXC
Mar 11 2025 11:25PM,ctsazmibcapps3.293366d454bb.database.windows.net,CentralRepository,IF NOT EXISTS(SELECT 1 FROM sys.indexes WHERE object_id = object_id('dbo.CentralRepository_ESA_Allocation_MIG') AND NAME ='INDXC
Mar 11 2025 11:25PM,ctsazmibcapps3.293366d454bb.database.windows.net,CentralRepository,IF NOT EXISTS(SELECT 1 FROM sys.indexes WHERE object_id = object_id('dbo.CentralRepository_ESA_Allocation_MIG') AND NAME ='INDXC
Mar 11 2025 11:25PM,ctsazmibcapps3.293366d454bb.database.windows.net,CentralRepository,IF NOT EXISTS(SELECT 1 FROM sys.indexes WHERE object_id = object_id('dbo.CentralRepository_ESA_Allocation_MIG') AND NAME ='INDXC
Mar 11 2025 11:25PM,ctsazmibcapps3.293366d454bb.database.windows.net,CentralRepository,IF NOT EXISTS(SELECT 1 FROM sys.indexes WHERE object_id = object_id('dbo.CentralRepository_ESA_Allocation_MIG') AND NAME ='INDXC
Mar 11 2025 11:25PM,ctsazmibcapps3.293366d454bb.database.windows.net,CentralRepository,IF NOT EXISTS(SELECT 1 FROM sys.indexes WHERE object_id = object_id('dbo.CentralRepository_ESA_Allocation_MIG') AND NAME ='INDXC
Mar 11 2025 11:25PM,ctsazmibcapps3.293366d454bb.database.windows.net,CentralRepository,IF NOT EXISTS(SELECT 1 FROM sys.indexes WHERE object_id = object_id('dbo.CentralRepository_ESA_Allocation_MIG') AND NAME ='INDXC
Mar 11 2025 11:25PM,ctsazmibcapps3.293366d454bb.database.windows.net,CentralRepository,IF NOT EXISTS(SELECT 1 FROM sys.indexes WHERE object_id = object_id('dbo.CentralRepository_ESA_Allocation_MIG') AND NAME ='INDXC
Mar 11 2025 11:25PM,ctsazmibcapps3.293366d454bb.database.windows.net,CentralRepository,IF NOT EXISTS(SELECT 1 FROM sys.indexes WHERE object_id = object_id('dbo.ESA_PS_CTS_IN_ITM_STG_STG_CURR') AND NAME ='INDXC_ESA_P
Mar 11 2025 11:25PM,ctsazmibcapps3.293366d454bb.database.windows.net,CentralRepository,IF NOT EXISTS(SELECT 1 FROM sys.indexes WHERE object_id = object_id('dbo.ESA_PS_CTS_IN_ITM_STG_STG_CURR') AND NAME ='INDXC_ESA_P
Mar 11 2025 11:25PM,ctsazmibcapps3.293366d454bb.database.windows.net,CentralRepository,IF NOT EXISTS(SELECT 1 FROM sys.indexes WHERE object_id = object_id('dbo.CentralRepository_Associate_Details_MIG') AND NAME ='IN
Mar 11 2025 11:25PM,ctsazmibcapps3.293366d454bb.database.windows.net,CentralRepository,IF NOT EXISTS(SELECT 1 FROM sys.indexes WHERE object_id = object_id('dbo.CentralRepository_Associate_Details_MIG') AND NAME ='IN
Mar 11 2025 11:25PM,ctsazmibcapps3.293366d454bb.database.windows.net,CentralRepository,IF NOT EXISTS(SELECT 1 FROM sys.indexes WHERE object_id = object_id('dbo.CentralRepository_Associate_Details_MIG') AND NAME ='IN
Mar 11 2025 11:25PM,ctsazmibcapps3.293366d454bb.database.windows.net,CentralRepository,IF NOT EXISTS(SELECT 1 FROM sys.indexes WHERE object_id = object_id('dbo.CentralRepository_Associate_Details_MIG') AND NAME ='IN
Mar 11 2025 11:25PM,ctsazmibcapps3.293366d454bb.database.windows.net,CentralRepository,IF NOT EXISTS(SELECT 1 FROM sys.indexes WHERE object_id = object_id('dbo.CentralRepository_Associate_Details_MIG') AND NAME ='IN
Mar 11 2025 11:25PM,ctsazmibcapps3.293366d454bb.database.windows.net,CentralRepository,IF NOT EXISTS(SELECT 1 FROM sys.indexes WHERE object_id = object_id('dbo.CentralRepository_Associate_Details_MIG') AND NAME ='IN
Mar 11 2025 11:25PM,ctsazmibcapps3.293366d454bb.database.windows.net,CentralRepository,IF NOT EXISTS(SELECT 1 FROM sys.indexes WHERE object_id = object_id('dbo.CentralRepository_Associate_Details_MIG') AND NAME ='IN
Mar 11 2025 11:25PM,ctsazmibcapps3.293366d454bb.database.windows.net,CentralRepository,IF NOT EXISTS(SELECT 1 FROM sys.indexes WHERE object_id = object_id('dbo.CentralRepository_Associate_Details_MIG') AND NAME ='IN
Mar 11 2025 11:25PM,ctsazmibcapps3.293366d454bb.database.windows.net,CentralRepository,IF NOT EXISTS(SELECT 1 FROM sys.indexes WHERE object_id = object_id('dbo.CentralRepository_Associate_Details_MIG') AND NAME ='IN
Mar 11 2025 11:25PM,ctsazmibcapps3.293366d454bb.database.windows.net,CentralRepository,IF NOT EXISTS(SELECT 1 FROM sys.indexes WHERE object_id = object_id('dbo.ESA_PS_PROJECT_MGR_STG_CURR') AND NAME ='INDXC_ESA_PS_P
Mar 11 2025 11:25PM,ctsazmibcapps3.293366d454bb.database.windows.net,CentralRepository,IF NOT EXISTS(SELECT 1 FROM sys.indexes WHERE object_id = object_id('dbo.ESA_PS_PROJECT_MGR_STG_CURR') AND NAME ='INDXC_ESA_PS_P
Mar 11 2025 11:25PM,ctsazmibcapps3.293366d454bb.database.windows.net,CentralRepository,IF NOT EXISTS(SELECT 1 FROM sys.indexes WHERE object_id = object_id('dbo.ESA_PS_PROJECT_MGR_STG_CURR') AND NAME ='INDXC_ESA_PS_P
Mar 11 2025 11:25PM,ctsazmibcapps3.293366d454bb.database.windows.net,CentralRepository,IF NOT EXISTS(SELECT 1 FROM sys.indexes WHERE object_id = object_id('dbo.ESA_PS_PROJECT_MGR_STG_CURR') AND NAME ='INDXC_ESA_PS_P
Mar 11 2025 11:25PM,ctsazmibcapps3.293366d454bb.database.windows.net,CentralRepository,IF NOT EXISTS(SELECT 1 FROM sys.indexes WHERE object_id = object_id('dbo.ESA_PS_PROJECT_MGR_STG_CURR') AND NAME ='INDXC_ESA_PS_P
Mar 11 2025 11:25PM,ctsazmibcapps3.293366d454bb.database.windows.net,CentralRepository,IF NOT EXISTS(SELECT 1 FROM sys.indexes WHERE object_id = object_id('dbo.CentralRepository_DepartmentVerticalMapping_EDS') AND N
Mar 11 2025 11:25PM,ctsazmibcapps3.293366d454bb.database.windows.net,CentralRepository,IF NOT EXISTS(SELECT 1 FROM sys.indexes WHERE object_id = object_id('dbo.CentralRepository_DepartmentVerticalMapping_EDS') AND N
Mar 11 2025 11:25PM,ctsazmibcapps3.293366d454bb.database.windows.net,CentralRepository,IF NOT EXISTS(SELECT 1 FROM sys.indexes WHERE object_id = object_id('dbo.HCM_PS_DEPT_TBL_STG_CURR') AND NAME ='INDXC_HCM_PS_DEPT
Mar 11 2025 11:25PM,ctsazmibcapps3.293366d454bb.database.windows.net,CentralRepository,IF NOT EXISTS(SELECT 1 FROM sys.indexes WHERE object_id = object_id('dbo.HCM_PS_COUNTRY_TBL_STG_CURR') AND NAME ='INDXC_HCM_PS_C
Mar 11 2025 11:25PM,ctsazmibcapps3.293366d454bb.database.windows.net,CentralRepository,IF NOT EXISTS(SELECT 1 FROM sys.indexes WHERE object_id = object_id('dbo.HCM_PS_JOBCODE_TBL_STG_CURR') AND NAME ='INDXC_HCM_PS_J
Mar 11 2025 11:25PM,ctsazmibcapps3.293366d454bb.database.windows.net,CentralRepository,IF NOT EXISTS(SELECT 1 FROM sys.indexes WHERE object_id = object_id('dbo.HCM_PS_JOBCODE_TBL_STG_CURR') AND NAME ='INDXC_HCM_PS_J
Mar 11 2025 11:25PM,ctsazmibcapps3.293366d454bb.database.windows.net,CentralRepository,IF NOT EXISTS(SELECT 1 FROM sys.indexes WHERE object_id = object_id('dbo.HCM_PS_JOBCODE_TBL_STG_CURR') AND NAME ='INDXC_HCM_PS_J
Mar 11 2025 11:25PM,ctsazmibcapps3.293366d454bb.database.windows.net,CentralRepository,IF NOT EXISTS(SELECT 1 FROM sys.indexes WHERE object_id = object_id('dbo.HCM_PS_JOBCODE_TBL_STG_CURR') AND NAME ='INDXC_HCM_PS_J
Mar 11 2025 11:25PM,ctsazmibcapps3.293366d454bb.database.windows.net,CentralRepository,IF NOT EXISTS(SELECT 1 FROM sys.indexes WHERE object_id = object_id('dbo.HCM_PS_JOBCODE_TBL_STG_CURR') AND NAME ='INDXC_HCM_PS_J
Mar 11 2025 11:25PM,ctsazmibcapps3.293366d454bb.database.windows.net,CentralRepository,IF NOT EXISTS(SELECT 1 FROM sys.indexes WHERE object_id = object_id('dbo.HCM_PS_JOBCODE_TBL_STG_CURR') AND NAME ='INDXC_HCM_PS_J
Mar 11 2025 11:25PM,ctsazmibcapps3.293366d454bb.database.windows.net,CentralRepository,IF NOT EXISTS(SELECT 1 FROM sys.indexes WHERE object_id = object_id('dbo.HCM_PS_JOBCODE_TBL_STG_CURR') AND NAME ='INDXC_HCM_PS_J
Mar 11 2025 11:25PM,ctsazmibcapps3.293366d454bb.database.windows.net,CentralRepository,IF NOT EXISTS(SELECT 1 FROM sys.indexes WHERE object_id = object_id('dbo.HCM_PS_JOBCODE_TBL_STG_CURR') AND NAME ='INDXC_HCM_PS_J
Mar 11 2025 11:25PM,ctsazmibcapps3.293366d454bb.database.windows.net,CentralRepository,IF NOT EXISTS(SELECT 1 FROM sys.indexes WHERE object_id = object_id('dbo.LM_vw_LocationMaster_STG_CURR') AND NAME ='INDXC_LM_vw_
Mar 11 2025 11:25PM,ctsazmibcapps3.293366d454bb.database.windows.net,CentralRepository,IF NOT EXISTS(SELECT 1 FROM sys.indexes WHERE object_id = object_id('dbo.LM_vw_LocationMaster_STG_CURR') AND NAME ='INDXC_LM_vw_
Mar 11 2025 11:25PM,ctsazmibcapps3.293366d454bb.database.windows.net,CentralRepository,IF NOT EXISTS(SELECT 1 FROM sys.indexes WHERE object_id = object_id('dbo.CentralRepository_ProjectEntity_Mapping_details_Mig') A
Mar 11 2025 11:25PM,ctsazmibcapps3.293366d454bb.database.windows.net,CentralRepository,IF NOT EXISTS(SELECT 1 FROM sys.indexes WHERE object_id = object_id('dbo.RHMS_tbl_EDS_BUVerticalEntityMasterData_STG_CURR') AND 
Mar 11 2025 11:25PM,ctsazmibcapps3.293366d454bb.database.windows.net,CentralRepository,IF NOT EXISTS(SELECT 1 FROM sys.indexes WHERE object_id = object_id('dbo.CentralRepository_Grade_Master_MIG') AND NAME ='INDXC_C
Mar 11 2025 11:25PM,ctsazmibcapps3.293366d454bb.database.windows.net,CentralRepository,IF NOT EXISTS(SELECT 1 FROM sys.indexes WHERE object_id = object_id('dbo.SFDC_Opportunity_STG_CURR') AND NAME ='INDXC_SFDC_Oppor
Mar 11 2025 11:25PM,ctsazmibcapps3.293366d454bb.database.windows.net,CentralRepository,IF NOT EXISTS(SELECT 1 FROM sys.indexes WHERE object_id = object_id('dbo.SFDC_Opportunity_STG_CURR') AND NAME ='INDXC_SFDC_Oppor
Mar 11 2025 11:25PM,ctsazmibcapps3.293366d454bb.database.windows.net,CentralRepository,IF NOT EXISTS(SELECT 1 FROM sys.indexes WHERE object_id = object_id('dbo.RHMS_tbl_EDS_RoleMaster_STG_CURR') AND NAME ='INDXC_RHM
Mar 11 2025 11:25PM,ctsazmibcapps3.293366d454bb.database.windows.net,CentralRepository,IF NOT EXISTS(SELECT 1 FROM sys.indexes WHERE object_id = object_id('dbo.sysdiagrams') AND NAME ='UK_principal_name') CREATE UNI
Mar 11 2025 11:25PM,ctsazmibcapps3.293366d454bb.database.windows.net,CentralRepository,IF NOT EXISTS(SELECT 1 FROM sys.indexes WHERE object_id = object_id('dbo.CentralRepository_GSMS_AssociateSeatInfo_MIG') AND NAME
Mar 11 2025 11:25PM,ctsazmibcapps3.293366d454bb.database.windows.net,CentralRepository,IF NOT EXISTS(SELECT 1 FROM sys.indexes WHERE object_id = object_id('dbo.CentralRepository_GSMS_AssociateSeatInfo_MIG') AND NAME
Mar 11 2025 11:25PM,ctsazmibcapps3.293366d454bb.database.windows.net,CentralRepository,IF NOT EXISTS(SELECT 1 FROM sys.indexes WHERE object_id = object_id('dbo.CentralRepository_GSMS_AssociateSeatInfo_MIG') AND NAME
Mar 11 2025 11:25PM,ctsazmibcapps3.293366d454bb.database.windows.net,CentralRepository,IF NOT EXISTS(SELECT 1 FROM sys.indexes WHERE object_id = object_id('dbo.MSreplication_subscriptions') AND NAME ='uc1MSReplicati
Mar 11 2025 11:25PM,ctsazmibcapps3.293366d454bb.database.windows.net,CentralRepository,IF NOT EXISTS(SELECT 1 FROM sys.indexes WHERE object_id = object_id('dbo.ESA_PS_CTS_BD_PRJ_CHLD_STG_CURR') AND NAME ='INDXC_esa_
Mar 11 2025 11:25PM,ctsazmibcapps3.293366d454bb.database.windows.net,CentralRepository,IF NOT EXISTS(SELECT 1 FROM sys.indexes WHERE object_id = object_id('dbo.MSsubscription_agents') AND NAME ='ucMSsubscription_age
Mar 11 2025 11:25PM,ctsazmibcapps3.293366d454bb.database.windows.net,CentralRepository,IF NOT EXISTS(SELECT 1 FROM sys.indexes WHERE object_id = object_id('dbo.MSsubscription_agents') AND NAME ='ucMSsubscription_age
Mar 11 2025 11:25PM,ctsazmibcapps3.293366d454bb.database.windows.net,CentralRepository,IF NOT EXISTS(SELECT 1 FROM sys.indexes WHERE object_id = object_id('dbo.CentralRepository_HCMLocation_MIG') AND NAME ='INDXC_Ce
Mar 11 2025 11:25PM,ctsazmibcapps3.293366d454bb.database.windows.net,CentralRepository,IF NOT EXISTS(SELECT 1 FROM sys.indexes WHERE object_id = object_id('dbo.CentralRepository_HCMLocation_MIG') AND NAME ='INDXC_Ce
Mar 11 2025 11:25PM,ctsazmibcapps3.293366d454bb.database.windows.net,CentralRepository,IF NOT EXISTS(SELECT 1 FROM sys.indexes WHERE object_id = object_id('dbo.CentralRepository_HCMLocation_MIG') AND NAME ='INDXC_Ce
Mar 11 2025 11:25PM,ctsazmibcapps3.293366d454bb.database.windows.net,CentralRepository,IF NOT EXISTS(SELECT 1 FROM sys.indexes WHERE object_id = object_id('dbo.MSreplication_objects') AND NAME ='ucMSreplication_obje
Mar 11 2025 11:25PM,ctsazmibcapps3.293366d454bb.database.windows.net,CentralRepository,IF NOT EXISTS(SELECT 1 FROM sys.indexes WHERE object_id = object_id('dbo.CentralRepository_JobFamilyMaster_MIG') AND NAME ='INDX
Mar 11 2025 11:25PM,ctsazmibcapps3.293366d454bb.database.windows.net,CentralRepository,IF NOT EXISTS(SELECT 1 FROM sys.indexes WHERE object_id = object_id('dbo.CentralRepository_Project_MIG') AND NAME ='INDXC_Centra
Mar 11 2025 11:25PM,ctsazmibcapps3.293366d454bb.database.windows.net,CentralRepository,IF NOT EXISTS(SELECT 1 FROM sys.indexes WHERE object_id = object_id('dbo.CentralRepository_Project_MIG') AND NAME ='INDXC_Centra
Mar 11 2025 11:25PM,ctsazmibcapps3.293366d454bb.database.windows.net,CentralRepository,IF NOT EXISTS(SELECT 1 FROM sys.indexes WHERE object_id = object_id('dbo.CentralRepository_Project_MIG') AND NAME ='INDXC_Centra
Mar 11 2025 11:25PM,ctsazmibcapps3.293366d454bb.database.windows.net,CentralRepository,IF NOT EXISTS(SELECT 1 FROM sys.indexes WHERE object_id = object_id('dbo.CentralRepository_Project_MIG') AND NAME ='INDXC_Centra
Mar 11 2025 11:25PM,ctsazmibcapps3.293366d454bb.database.windows.net,CentralRepository,IF NOT EXISTS(SELECT 1 FROM sys.indexes WHERE object_id = object_id('dbo.CentralRepository_Project_MIG') AND NAME ='INDXC_Centra
Mar 11 2025 11:25PM,ctsazmibcapps3.293366d454bb.database.windows.net,CentralRepository,IF NOT EXISTS(SELECT 1 FROM sys.indexes WHERE object_id = object_id('dbo.CentralRepository_Project_MIG') AND NAME ='INDXC_Centra
Mar 11 2025 11:25PM,ctsazmibcapps3.293366d454bb.database.windows.net,CentralRepository,IF NOT EXISTS(SELECT 1 FROM sys.indexes WHERE object_id = object_id('dbo.CentralRepository_Project_MIG') AND NAME ='INDXC_Centra
Mar 11 2025 11:25PM,ctsazmibcapps3.293366d454bb.database.windows.net,CentralRepository,IF NOT EXISTS(SELECT 1 FROM sys.indexes WHERE object_id = object_id('dbo.CentralRepository_Project_MIG') AND NAME ='INDXC_Centra
Mar 11 2025 11:25PM,ctsazmibcapps3.293366d454bb.database.windows.net,CentralRepository,IF NOT EXISTS(SELECT 1 FROM sys.indexes WHERE object_id = object_id('dbo.CentralRepository_Project_MIG') AND NAME ='INDXC_Centra
Mar 11 2025 11:25PM,ctsazmibcapps3.293366d454bb.database.windows.net,CentralRepository,IF NOT EXISTS(SELECT 1 FROM sys.indexes WHERE object_id = object_id('dbo.CentralRepository_RHMS_RoleDetails_MIG') AND NAME ='IND
Mar 11 2025 11:25PM,ctsazmibcapps3.293366d454bb.database.windows.net,CentralRepository,IF NOT EXISTS(SELECT 1 FROM sys.indexes WHERE object_id = object_id('dbo.CentralRepository_Set_ProjectStatus_MIG') AND NAME ='IN
Mar 11 2025 11:25PM,ctsazmibcapps3.293366d454bb.database.windows.net,CentralRepository,IF NOT EXISTS(SELECT 1 FROM sys.indexes WHERE object_id = object_id('dbo.CentralRepository_Set_ProjectStatus_MIG') AND NAME ='IN
Mar 11 2025 11:25PM,ctsazmibcapps3.293366d454bb.database.windows.net,CentralRepository,IF NOT EXISTS(SELECT 1 FROM sys.indexes WHERE object_id = object_id('dbo.CentralRepository_Set_ProjectStatus_MIG') AND NAME ='IN
Mar 11 2025 11:25PM,ctsazmibcapps3.293366d454bb.database.windows.net,CentralRepository,IF NOT EXISTS(SELECT 1 FROM sys.indexes WHERE object_id = object_id('dbo.CentralRepository_Set_ProjectStatus_MIG') AND NAME ='IN
Mar 11 2025 11:25PM,ctsazmibcapps3.293366d454bb.database.windows.net,CentralRepository,IF NOT EXISTS(SELECT 1 FROM sys.indexes WHERE object_id = object_id('dbo.ESA_PS_CTS_BUD_CUT_TBL_STG_CURR') AND NAME ='INDXC_ESA_
Mar 11 2025 11:25PM,ctsazmibcapps3.293366d454bb.database.windows.net,CentralRepository,IF NOT EXISTS(SELECT 1 FROM sys.indexes WHERE object_id = object_id('dbo.CentralRepository_JOB_Reference_MIG') AND NAME ='INDXC_
Mar 11 2025 11:25PM,ctsazmibcapps3.293366d454bb.database.windows.net,CentralRepository,IF NOT EXISTS(SELECT 1 FROM sys.indexes WHERE object_id = object_id('dbo.CentralRepository_JOB_Reference_MIG') AND NAME ='INDXC_
Mar 11 2025 11:25PM,ctsazmibcapps3.293366d454bb.database.windows.net,CentralRepository,IF NOT EXISTS(SELECT 1 FROM sys.indexes WHERE object_id = object_id('dbo.CentralRepository_JOB_Reference_MIG') AND NAME ='INDXC_
Mar 11 2025 11:25PM,ctsazmibcapps3.293366d454bb.database.windows.net,CentralRepository,IF NOT EXISTS(SELECT 1 FROM sys.indexes WHERE object_id = object_id('dbo.CentralRepository_JOB_Reference_MIG') AND NAME ='INDXC_
Mar 11 2025 11:25PM,ctsazmibcapps3.293366d454bb.database.windows.net,CentralRepository,IF NOT EXISTS(SELECT 1 FROM sys.indexes WHERE object_id = object_id('dbo.CentralRepository_JOB_Reference_MIG') AND NAME ='INDXC_
Mar 11 2025 11:25PM,ctsazmibcapps3.293366d454bb.database.windows.net,CentralRepository,IF NOT EXISTS(SELECT 1 FROM sys.indexes WHERE object_id = object_id('dbo.CentralRepository_JOB_Reference_MIG') AND NAME ='INDXC_
